video,frame_index,time_s,dt_s,prior_heading_vx,prior_heading_wz,levels_vx,levels_wz,confidence,measurement_valid,measurement_stale,ground_heading_valid,ground_heading_deg,near_error_cm,levels_steering_heading_source,levels_steering_near_cm,levels_steering_near_z_cm,levels_steering_heading_deg,levels_steering_demand_deg,levels_steering_filtered_demand_deg,levels_steering_predicted_demand_deg,levels_steering_demand_rate_deg_s,levels_steering_predicted_heading_deg,levels_steering_prediction_valid,levels_steering_braked,levels_steering_decision,levels_steering_corridor_cm,levels_steering_reason,levels_command_hold_remaining_s,levels_steering_applied_wz
WIN_20260919_18_10_34_Pro_flip.mp4,0,0.0,0.04992012779552716,0.5,0.0,0.5,0.0,0.9346940082104631,True,False,True,-0.2601049879954516,1.8434455475759406,ground_x_z,1.8434455475759406,25.438093068530485,-0.2601049879954516,-2.2390668481995717,-2.2390668481995717,-2.2390668481995717,,-0.2601049879954516,False,False,target_bearing,8.0,new_block,0.5,0.0
WIN_20260919_18_10_34_Pro_flip.mp4,1,0.04992012779552716,0.04992012779552716,0.5,0.0,0.5,0.0,0.9407874055762167,True,False,True,0.1531974236187495,1.8276093097039263,ground_x_z,1.8276093097039263,25.438093068530485,0.1531974236187495,-2.0181943052584503,-2.128630576729011,-2.128630576729011,,0.1531974236187495,False,False,,,minimum_hold,0.4500798722044728,0.0
WIN_20260919_18_10_34_Pro_flip.mp4,2,0.09984025559105432,0.04992012779552716,0.5,0.0,0.5,0.0,0.9407874055762167,True,False,True,0.15373622962806424,1.8340806871165207,ground_x_z,1.8340806871165207,25.438093068530485,0.15373622962806424,-2.0253363733350294,-2.0253363733350294,-2.0253363733350294,,0.15373622962806424,False,False,,,minimum_hold,0.40015974440894564,0.0
WIN_20260919_18_10_34_Pro_flip.mp4,3,0.14976038338658146,0.04992012779552716,0.5,0.0,0.5,0.0,0.9407874055762167,True,False,True,0.15426425949081704,1.8404226369808627,ground_x_z,1.8404226369808627,25.438093068530485,0.15426425949081704,-2.0323355389617683,-2.0253363733350294,-2.0253363733350294,,0.15426425949081704,False,False,,,minimum_hold,0.3502396166134185,0.0
WIN_20260919_18_10_34_Pro_flip.mp4,4,0.19968051118210864,0.04992012779552716,0.5,0.0,0.5,0.0,0.9349413523628989,True,False,True,1.0756886911237247,1.846637750070652,ground_x_z,1.846637750070652,25.438093068530485,1.0756886911237247,-1.5872034538632225,-2.0253363733350294,-2.0253363733350294,,1.0756886911237247,False,False,,,minimum_hold,0.3003194888178914,0.0
WIN_20260919_18_10_34_Pro_flip.mp4,5,0.2496006389776358,0.04992012779552716,0.5,0.0,0.5,0.0,0.9407874055762167,True,False,True,0.15528884856166011,1.8527285564976324,ground_x_z,1.8527285564976324,25.438093068530485,0.15528884856166011,-2.045916546649146,-2.0323355389617683,-2.0323355389617683,,0.15528884856166011,False,False,,,minimum_hold,0.25039936102236415,0.0
WIN_20260919_18_10_34_Pro_flip.mp4,6,0.2995207667731629,0.04992012779552716,0.5,0.0,0.5,0.0,0.9407874055762167,True,False,True,0.1557858259722137,1.858697548974352,ground_x_z,1.858697548974352,25.438093068530485,0.1557858259722137,-2.0525039385463226,-2.045916546649146,-2.045916546649146,,0.1557858259722137,False,False,,,minimum_hold,0.20047923322683703,0.0
WIN_20260919_18_10_34_Pro_flip.mp4,7,0.3494408945686901,0.04992012779552716,0.5,0.0,0.5,0.0,0.9661290010490713,True,False,True,-3.536717451235951,1.8457175944351851,ground_x_z,1.8457175944351851,25.438093068530485,-3.536717451235951,-3.848817421590387,-2.0525039385463226,-3.23853002032477,-2.3720521635568947,-5.8783070811399245,True,False,,,minimum_hold,0.15055910543130985,0.0
WIN_20260919_18_10_34_Pro_flip.mp4,8,0.3993610223642173,0.04992012779552716,0.5,0.0,0.5,0.0,0.6544409223343413,True,False,False,0.0,0.8156778009728011,,,,,,,,,,,,,,brief_loss_hold,0.10063897763578267,0.0
WIN_20260919_18_10_34_Pro_flip.mp4,9,0.4492811501597444,0.04992012779552716,0.5,0.0,0.5,0.0,0.9724015325432591,True,False,True,4.618923774380432,-2.170712013071361,ground_x_z,-2.170712013071361,25.438093068530485,4.618923774380432,4.750457046331567,4.750457046331567,4.750457046331567,,4.618923774380432,False,False,,,minimum_hold,0.05071884984025549,0.0
WIN_20260919_18_10_34_Pro_flip.mp4,10,0.4992012779552716,0.04992012779552716,0.5,0.0,0.5,0.0,0.9671858316805677,True,False,True,5.037999487129704,-2.97522717499364,ground_x_z,-2.97522717499364,25.438093068530485,5.037999487129704,5.869990703040925,5.310223874686246,5.310223874686246,,5.037999487129704,False,False,,,minimum_hold,0.0007987220447283616,0.0
WIN_20260919_18_10_34_Pro_flip.mp4,11,0.5491214057507987,0.04992012779552716,0.5,0.0,0.5,0.0,0.9479184040874998,True,False,True,11.070726732370252,-4.101974410659152,ground_x_z,-4.101974410659152,25.438093068530485,11.070726732370252,10.101601238726374,5.869990703040925,5.869990703040925,,11.070726732370252,False,False,target_bearing,8.0,continue_block,0.0,0.0
WIN_20260919_18_10_34_Pro_flip.mp4,12,0.5990415335463258,0.04992012779552716,0.5,0.0,0.5,0.0,0.9713929943566243,True,False,True,7.924623760438709,-3.4006825607057856,ground_x_z,-3.4006825607057856,25.438093068530485,7.924623760438709,7.76686108221474,7.76686108221474,7.76686108221474,,7.924623760438709,False,False,target_bearing,8.0,continue_block,0.0,0.0
WIN_20260919_18_10_34_Pro_flip.mp4,13,0.6489616613418531,0.04992012779552716,0.5,0.0,0.5,0.0,0.9822491349635066,True,False,True,6.601286668920187,-0.6103604073210955,ground_x_z,-0.6103604073210955,25.438093068530485,6.601286668920187,3.950378969537598,7.76686108221474,7.76686108221474,,6.601286668920187,False,False,target_bearing,8.0,continue_block,0.0,0.0
WIN_20260919_18_10_34_Pro_flip.mp4,14,0.6988817891373802,0.04992012779552716,0.5,0.0,0.5,0.0,0.9773634019883507,True,False,True,2.787162040424674,1.733221244510296,ground_x_z,1.733221244510296,25.438093068530485,2.787162040424674,-0.6158602389461671,3.950378969537598,3.950378969537598,,2.787162040424674,False,False,target_bearing,8.0,continue_block,0.0,0.0
WIN_20260919_18_10_34_Pro_flip.mp4,15,0.7488019169329073,0.04992012779552716,0.5,0.0,0.5,0.0,0.8268464299746652,True,False,False,0.0,1.6305428449590538,,,,,,,,,,,,,,brief_loss_hold,0.0,0.0
WIN_20260919_18_10_34_Pro_flip.mp4,16,0.7987220447284346,0.04992012779552716,0.5,0.0,0.5,0.0,0.9587335737890116,True,False,True,5.884381558949727,0.7695656093677994,ground_x_z,0.7695656093677994,25.438093068530485,5.884381558949727,2.0181465804773198,2.0181465804773198,2.0181465804773198,,5.884381558949727,False,False,target_bearing,8.0,continue_block,0.0,0.0
WIN_20260919_18_10_34_Pro_flip.mp4,17,0.8486421725239617,0.04992012779552716,0.5,0.0,0.5,0.0,0.8981536177647318,True,False,False,0.0,1.1976483928894122,,,,,,,,,,,,,,brief_loss_hold,0.0,0.0
WIN_20260919_18_10_34_Pro_flip.mp4,18,0.8985623003194888,0.04992012779552716,0.5,0.0,0.5,0.0,0.833560009126125,True,False,False,0.0,-1.233248555549239,,,,,,,,,,,,,,brief_loss_hold,0.0,0.0
WIN_20260919_18_10_34_Pro_flip.mp4,19,0.9484824281150159,0.04992012779552716,0.5,0.0,0.5,0.0,0.8404916062798508,True,False,False,0.0,-3.2199396778339846,,,,,,,,,,,,,,brief_loss_hold,0.0,0.0
WIN_20260919_18_10_34_Pro_flip.mp4,20,0.9984025559105432,0.04992012779552716,0.5,0.0,0.5,0.0,0.9672382805968085,True,False,True,3.5426676685571934,-4.204450438849941,ground_x_z,-4.204450438849941,25.438093068530485,3.5426676685571934,6.532012817383406,6.532012817383406,6.532012817383406,,3.5426676685571934,False,False,target_bearing,8.0,continue_block,0.0,0.0
WIN_20260919_18_10_34_Pro_flip.mp4,21,1.0483226837060702,0.04992012779552716,0.5,0.0,0.5,0.0,0.9617626460853702,True,False,True,1.1221034272153072,-3.4795982244645196,ground_x_z,-3.4795982244645196,25.438093068530485,1.1221034272153072,4.529158907940225,5.530585862661816,5.530585862661816,,1.1221034272153072,False,False,target_bearing,8.0,continue_block,0.0,0.0
WIN_20260919_18_10_34_Pro_flip.mp4,22,1.0982428115015974,0.04992012779552716,0.5,0.0,0.5,0.0,0.8218348064883335,True,False,False,0.0,-4.310203035777091,,,,,,,,,,,,,,brief_loss_hold,0.0,0.0
WIN_20260919_18_10_34_Pro_flip.mp4,23,1.1481629392971247,0.04992012779552716,0.5,0.0,0.5,0.0,0.9506021911235566,True,False,True,4.282910466655959,-4.605255096185725,ground_x_z,-4.605255096185725,25.438093068530485,4.282910466655959,7.34459507675262,7.34459507675262,7.34459507675262,,4.282910466655959,False,False,target_bearing,8.0,continue_block,0.0,0.0
WIN_20260919_18_10_34_Pro_flip.mp4,24,1.1980830670926517,0.04992012779552716,0.5,0.0,0.5,0.0,0.8197358832821722,True,False,True,6.169692921194621,-1.928701566767511,ground_x_z,-1.928701566767511,25.07339555528048,6.169692921194621,5.282841146525682,6.313718111639151,6.313718111639151,,6.169692921194621,False,False,target_bearing,8.0,continue_block,0.0,0.0
WIN_20260919_18_10_34_Pro_flip.mp4,25,1.248003194888179,0.04992012779552716,0.5,0.0,0.5,0.0,0.798302346340289,True,False,True,-10.738213068774895,4.734556860731244,ground_x_z,4.734556860731244,25.07339555528048,-10.738213068774895,-10.71561063786439,5.282841146525682,5.282841146525682,,-10.738213068774895,False,False,target_bearing,8.0,continue_block,0.0,0.0
WIN_20260919_18_10_34_Pro_flip.mp4,26,1.2979233226837061,0.04992012779552716,0.5,0.0,0.5,-0.4,0.8240512446745507,True,False,True,-3.8584915476365707,6.495901422019715,ground_x_z,6.495901422019715,25.07339555528048,-3.8584915476365707,-9.28802668631251,-9.28802668631251,-9.28802668631251,,-3.8584915476365707,False,False,target_bearing,8.0,new_block,0.5,-0.4
WIN_20260919_18_10_34_Pro_flip.mp4,27,1.3478434504792332,0.04992012779552716,0.5,0.0,0.5,-0.4,0.738113505258052,True,False,True,-0.34761881532256866,4.5826193085034825,ground_x_z,4.5826193085034825,25.07339555528048,-0.34761881532256866,-5.408474553209362,-7.348250619760936,-7.348250619760936,,-0.34761881532256866,False,False,,,minimum_hold,0.45007987220447276,-0.4
WIN_20260919_18_10_34_Pro_flip.mp4,28,1.3977635782747604,0.04992012779552716,0.5,0.0,0.5,-0.4,0.7884875896742801,True,False,True,-1.75197550486278,2.1656449374220603,ground_x_z,2.1656449374220603,25.07339555528048,-1.75197550486278,-3.351506826308071,-5.408474553209362,-5.408474553209362,,-1.75197550486278,False,False,,,minimum_hold,0.40015974440894553,-0.4
WIN_20260919_18_10_34_Pro_flip.mp4,29,1.4476837060702876,0.04992012779552716,0.5,0.0,0.5,-0.4,0.807598050568791,True,False,True,-4.6448090268303135,-0.3275140492610348,ground_x_z,-0.3275140492610348,25.07339555528048,-4.6448090268303135,-1.9446218248998028,-3.351506826308071,-3.351506826308071,,-4.6448090268303135,False,False,,,minimum_hold,0.3502396166134183,-0.4
WIN_20260919_18_10_34_Pro_flip.mp4,30,1.4976038338658146,0.04992012779552716,0.5,0.0,0.5,-0.4,0.35,True,False,False,0.0,-1.05063336000593,,,,,,,,,,,,,,brief_loss_hold,0.30031948881789106,-0.4
WIN_20260919_18_10_34_Pro_flip.mp4,31,1.5475239616613419,0.04992012779552716,0.5,0.0,0.5,-0.4,0.833420338028252,True,False,True,3.4348169914080136,-4.704777306829098,ground_x_z,-4.704777306829098,25.07339555528048,3.4348169914080136,7.06960142845681,7.06960142845681,7.06960142845681,,3.4348169914080136,False,False,,,minimum_hold,0.2503993610223638,-0.4
WIN_20260919_18_10_34_Pro_flip.mp4,32,1.597444089456869,0.04992012779552716,0.5,0.0,0.5,-0.4,0.7423650759987208,True,False,True,4.194183750129202,-3.024478372331156,ground_x_z,-3.024478372331156,25.07339555528048,4.194183750129202,5.54311595233429,6.30635869039555,6.30635869039555,,4.194183750129202,False,False,,,minimum_hold,0.20047923322683658,-0.4
WIN_20260919_18_10_34_Pro_flip.mp4,33,1.6473642172523961,0.04992012779552716,0.5,0.0,0.5,-0.4,0.8979059856650647,True,False,True,2.628269332806548,-1.5773806835607151,ground_x_z,-1.5773806835607151,25.07339555528048,2.628269332806548,3.1156668514785464,5.54311595233429,5.54311595233429,,2.628269332806548,False,False,,,minimum_hold,0.15055910543130935,-0.4
WIN_20260919_18_10_34_Pro_flip.mp4,34,1.6972843450479234,0.04992012779552716,0.5,0.0,0.5,-0.4,0.8996679639360063,True,False,True,-1.658235583670299,1.1535076664611585,ground_x_z,1.1535076664611585,25.07339555528048,-1.658235583670299,-2.1477304535230775,3.1156668514785464,3.1156668514785464,,-1.658235583670299,False,False,,,minimum_hold,0.10063897763578211,-0.4
WIN_20260919_18_10_34_Pro_flip.mp4,35,1.7472044728434504,0.04992012779552716,0.5,0.0,0.5,-0.4,0.9451458041130729,True,False,True,-5.323302598231831,4.917791353712996,ground_x_z,4.917791353712996,25.07339555528048,-5.323302598231831,-8.239599194744164,-2.1477304535230775,-2.1477304535230775,,-5.323302598231831,False,False,,,minimum_hold,0.050718849840254876,-0.4
WIN_20260919_18_10_34_Pro_flip.mp4,36,1.7971246006389776,0.04992012779552716,0.5,0.0,0.5,-0.4,0.9262158973966652,True,False,True,-3.3359054209193735,7.411382396327098,ground_x_z,7.411382396327098,25.07339555528048,-3.3359054209193735,-10.05329831122765,-8.239599194744164,-8.239599194744164,,-3.3359054209193735,False,False,,,minimum_hold,0.00079872204472764,-0.4
WIN_20260919_18_10_34_Pro_flip.mp4,37,1.8470447284345048,0.04992012779552716,0.5,0.0,0.5,-0.1,0.9395992962368381,True,False,True,0.022259231405111622,7.012331783942473,ground_x_z,7.012331783942473,25.07339555528048,0.022259231405111622,-7.972586286554992,-8.239599194744164,-8.239599194744164,,0.022259231405111622,False,False,target_bearing,8.0,new_block,0.5,-0.1
WIN_20260919_18_10_34_Pro_flip.mp4,38,1.8969648562300319,0.04992012779552716,0.5,0.0,0.5,-0.1,0.7903423395379936,True,False,True,-0.5730843109743735,6.084515228040652,ground_x_z,6.084515228040652,25.07339555528048,-0.5730843109743735,-7.2195974727477354,-7.596091879651364,-7.596091879651364,,-0.5730843109743735,False,False,,,minimum_hold,0.45007987220447276,-0.1
WIN_20260919_18_10_34_Pro_flip.mp4,39,1.946884984025559,0.04992012779552716,0.5,0.0,0.5,-0.1,0.7919814828718329,True,False,True,-3.087107346472136,6.469929937524818,ground_x_z,6.469929937524818,25.07339555528048,-3.087107346472136,-8.882651633385576,-7.972586286554992,-7.972586286554992,,-3.087107346472136,False,False,,,minimum_hold,0.40015974440894553,-0.1
WIN_20260919_18_10_34_Pro_flip.mp4,40,1.9968051118210863,0.04992012779552716,0.5,0.0,0.5,-0.1,0.7838912452561271,True,False,True,-3.602941839534291,5.235517501395997,ground_x_z,5.235517501395997,25.07339555528048,-3.602941839534291,-7.750393881335562,-7.750393881335562,-7.750393881335562,,-3.602941839534291,False,False,,,minimum_hold,0.3502396166134183,-0.1
WIN_20260919_18_10_34_Pro_flip.mp4,41,2.0467252396166136,0.04992012779552716,0.5,0.0,0.5,-0.1,0.7918876616928654,True,False,True,-4.293584808875628,4.000096023156965,ground_x_z,4.000096023156965,25.07339555528048,-4.293584808875628,-6.697603787607706,-7.750393881335562,-7.750393881335562,,-4.293584808875628,False,False,,,minimum_hold,0.30031948881789106,-0.1
WIN_20260919_18_10_34_Pro_flip.mp4,42,2.0966453674121404,0.04992012779552716,0.5,0.0,0.5,-0.1,0.8039955557041196,True,False,True,-3.7744951605828594,4.013007055291497,ground_x_z,4.013007055291497,25.07339555528048,-3.7744951605828594,-6.455544758083669,-6.697603787607706,-6.697603787607706,,-3.7744951605828594,False,False,,,minimum_hold,0.2503993610223638,-0.1
WIN_20260919_18_10_34_Pro_flip.mp4,43,2.1465654952076676,0.04992012779552716,0.5,0.0,0.5,-0.1,0.9568468931414491,True,False,True,-0.9504680562810723,5.20086277998685,ground_x_z,5.20086277998685,25.07339555528048,-0.9504680562810723,-6.406795056554146,-6.455544758083669,-6.455544758083669,,-0.9504680562810723,False,False,,,minimum_hold,0.20047923322683658,-0.1
WIN_20260919_18_10_34_Pro_flip.mp4,44,2.196485623003195,0.04992012779552716,0.5,0.0,0.5,-0.1,0.9503487478864521,True,False,True,-1.29934973869775,4.66945332768864,ground_x_z,4.66945332768864,25.07339555528048,-1.29934973869775,-5.976903046917707,-6.406795056554146,-3.6721125007557984,5.469365111596695,-2.717442325159594,True,False,,,minimum_hold,0.15055910543130935,-0.1
WIN_20260919_18_10_34_Pro_flip.mp4,45,2.246405750798722,0.04992012779552716,0.5,0.0,0.5,-0.1,0.986324033304197,True,False,True,-0.4775631560086295,4.882931485850862,ground_x_z,4.882931485850862,25.07339555528048,-0.4775631560086295,-5.813480919753888,-5.976903046917707,-3.197534278142575,5.558737537550265,-1.16843952982882,True,False,,,minimum_hold,0.10063897763578211,-0.1
WIN_20260919_18_10_34_Pro_flip.mp4,46,2.2963258785942493,0.04992012779552716,0.5,0.0,0.5,-0.1,0.9589882163656441,True,False,True,-1.5887443898288738,5.8833968458531825,ground_x_z,5.8833968458531825,25.07339555528048,-1.5887443898288738,-7.49114019178946,-5.976903046917707,-3.9024318187321163,4.148942456371182,-2.2145220188708765,True,False,,,minimum_hold,0.050718849840254876,-0.1
WIN_20260919_18_10_34_Pro_flip.mp4,47,2.3462460063897765,0.04992012779552716,0.5,0.0,0.5,-0.1,0.9882115548152527,True,False,True,-3.4019400413775784,9.744001248932536,ground_x_z,9.744001248932536,25.07339555528048,-3.4019400413775784,-12.65394375978962,-7.49114019178946,-5.862934391670464,3.2564116002379913,-3.796110575399192,True,False,,,minimum_hold,0.00079872204472764,-0.1
WIN_20260919_18_10_34_Pro_flip.mp4,48,2.3961661341853033,0.04992012779552716,0.5,0.0,0.5,-0.4,0.9749126662087254,True,False,True,-7.178125723734991,12.991621108426813,ground_x_z,12.991621108426813,25.07339555528048,-7.178125723734991,-17.880651436239702,-12.65394375978962,-17.375601502047473,-9.44331548451571,-7.572296257756604,True,False,left_corridor,8.0,new_block,0.5,-0.4
WIN_20260919_18_10_34_Pro_flip.mp4,49,2.4460862619808306,0.04992012779552716,0.5,0.0,0.5,-0.4,0.9796937203893671,True,False,True,-4.494347481734765,14.469848836275139,ground_x_z,14.469848836275139,25.07339555528048,-4.494347481734765,-18.189634578010715,-18.035143007125207,-18.035143007125207,,-4.494347481734765,False,False,,,minimum_hold,0.45007987220447276,-0.4
WIN_20260919_18_10_34_Pro_flip.mp4,50,2.496006389776358,0.04992012779552716,0.5,0.0,0.5,-0.4,0.839274943656496,True,False,True,-3.9717093275671798,13.46117535476016,ground_x_z,13.46117535476016,25.07339555528048,-3.9717093275671798,-16.900717761073775,-17.880651436239702,-17.880651436239702,,-3.9717093275671798,False,False,,,minimum_hold,0.40015974440894553,-0.4
WIN_20260919_18_10_34_Pro_flip.mp4,51,2.545926517571885,0.04992012779552716,0.5,0.0,0.5,-0.4,0.8396863750740897,True,False,True,-6.353451942397933,13.292258914394539,ground_x_z,13.292258914394539,25.07339555528048,-6.353451942397933,-17.81503901066354,-17.81503901066354,-17.81503901066354,,-6.353451942397933,False,False,,,minimum_hold,0.3502396166134183,-0.4
WIN_20260919_18_10_34_Pro_flip.mp4,52,2.5958466453674123,0.04992012779552716,0.5,0.0,0.5,-0.4,0.9881487306351343,True,False,True,-6.406957063313168,12.481730792866612,ground_x_z,12.481730792866612,25.07339555528048,-6.406957063313168,-16.9939511744331,-16.9939511744331,-16.9939511744331,,-6.406957063313168,False,False,,,minimum_hold,0.30031948881789106,-0.4
WIN_20260919_18_10_34_Pro_flip.mp4,53,2.6457667731629395,0.04992012779552716,0.5,0.0,0.5,-0.4,0.8369665406948577,True,False,True,-6.240627139924431,10.309011376894755,ground_x_z,10.309011376894755,25.07339555528048,-6.240627139924431,-14.6115541326546,-16.9939511744331,-16.9939511744331,,-6.240627139924431,False,False,,,minimum_hold,0.2503993610223638,-0.4
WIN_20260919_18_10_34_Pro_flip.mp4,54,2.6956869009584663,0.04992012779552716,0.5,0.0,0.5,-0.4,0.979672342154477,True,False,True,-9.694968134174157,9.58949044003888,ground_x_z,9.58949044003888,25.07339555528048,-9.694968134174157,-15.480624204295735,-15.480624204295735,-15.480624204295735,,-9.694968134174157,False,False,,,minimum_hold,0.20047923322683658,-0.4
WIN_20260919_18_10_34_Pro_flip.mp4,55,2.7456070287539935,0.04992012779552716,0.5,0.0,0.5,-0.4,0.9632865452880321,True,False,True,-8.305001820180442,11.537960334084264,ground_x_z,11.537960334084264,25.07339555528048,-8.305001820180442,-16.884702744776384,-15.480624204295735,-12.38821837122692,6.18481166613763,-13.586352439916315,True,False,,,minimum_hold,0.15055910543130935,-0.4
WIN_20260919_18_10_34_Pro_flip.mp4,56,2.7955271565495208,0.04992012779552716,0.5,0.0,0.5,-0.4,0.8147485334207292,True,False,True,-0.5303266859579466,12.140638143939437,ground_x_z,12.140638143939437,25.07339555528048,-0.5303266859579466,-13.897424710844597,-15.480624204295735,-10.480375674940452,10.000497058710565,-0.3975274602702644,True,False,,,minimum_hold,0.10063897763578211,-0.4
WIN_20260919_18_10_34_Pro_flip.mp4,57,2.845447284345048,0.04992012779552716,0.5,0.0,0.5,-0.4,0.7642685023403324,True,False,True,2.281487163996016,12.248154806541242,ground_x_z,12.248154806541242,25.07339555528048,2.281487163996016,-12.6859087155352,-13.897424710844597,-8.11625325633613,11.562342909016936,8.02630192038902,True,False,,,minimum_hold,0.050718849840254876,-0.4
WIN_20260919_18_10_34_Pro_flip.mp4,58,2.8953674121405752,0.04992012779552716,0.5,0.0,0.5,-0.4,0.7733077824995417,True,False,True,-6.268601063886496,13.358859930157996,ground_x_z,13.358859930157996,25.07339555528048,-6.268601063886496,-17.84539892298132,-13.897424710844597,-8.910424850649932,9.97399972038933,-5.3576211645822465,True,False,,,minimum_hold,0.00079872204472764,-0.4
WIN_20260919_18_10_34_Pro_flip.mp4,59,2.945287539936102,0.04992012779552716,0.5,0.0,0.5,-0.4,0.6297487628320698,True,False,True,-5.518216376958373,17.147885592156968,ground_x_z,17.147885592156968,25.194677059615437,-5.518216376958373,-21.34985883216818,-17.84539892298132,-17.813317642334386,0.0641625612938685,-4.472501449028045,True,True,left_corridor,8.0,continue_block,0.0,-0.4
WIN_20260919_18_10_34_Pro_flip.mp4,60,2.9952076677316293,0.04992012779552716,0.5,0.0,0.5,-0.4,0.8122338148069763,True,False,True,-6.589663603119453,20.762984209114013,ground_x_z,20.762984209114013,25.07339555528048,-6.589663603119453,-25.30715736624938,-21.34985883216818,-26.301258495288348,-9.902799326240332,-5.543948675189125,True,False,left_corridor,8.0,continue_block,0.0,-0.4
WIN_20260919_18_10_34_Pro_flip.mp4,61,3.0451277955271565,0.04992012779552716,0.5,0.0,0.5,-0.5,0.6919478901957413,True,False,True,-3.3945058453868513,20.626917823830112,ground_x_z,20.626917823830112,24.952114050945525,-3.3945058453868513,-23.85753135108516,-23.85753135108516,-32.19542662325712,-16.675790544343926,-0.4308254346205569,True,False,left_corridor,8.0,new_block,0.5,-0.5
WIN_20260919_18_10_34_Pro_flip.mp4,62,3.0950479233226837,0.04992012779552716,0.5,0.0,0.5,-0.5,0.6754470076677781,True,False,True,-0.5553849720265027,18.732385004993198,ground_x_z,18.732385004993198,24.952114050945525,-0.5553849720265027,-20.781943253647327,-22.319737302366242,-22.319737302366242,,-0.5553849720265027,False,False,,,minimum_hold,0.45007987220447276,-0.5
WIN_20260919_18_10_34_Pro_flip.mp4,63,3.144968051118211,0.04992012779552716,0.5,0.0,0.5,-0.5,0.9470056747644834,True,False,True,-1.010753882814654,17.926959061238758,ground_x_z,17.926959061238758,25.07339555528048,-1.010753882814654,-20.170035041919647,-20.781943253647327,-20.781943253647327,,-1.010753882814654,False,False,,,minimum_hold,0.40015974440894553,-0.5
WIN_20260919_18_10_34_Pro_flip.mp4,64,3.194888178913738,0.04992012779552716,0.5,0.0,0.5,-0.5,0.7944419924897441,True,False,True,2.4354771458615887,16.65608074780082,ground_x_z,16.65608074780082,25.07339555528048,2.4354771458615887,-17.323624103516213,-20.170035041919647,-20.170035041919647,,2.4354771458615887,False,False,,,minimum_hold,0.3502396166134183,-0.5
WIN_20260919_18_10_34_Pro_flip.mp4,65,3.244808306709265,0.04992012779552716,0.5,0.0,0.5,-0.5,0.8229321590489619,True,False,True,2.2089138450363435,14.555488291897714,ground_x_z,14.555488291897714,25.07339555528048,2.2089138450363435,-15.209947081573139,-17.323624103516213,-17.323624103516213,,2.2089138450363435,False,False,,,minimum_hold,0.30031948881789106,-0.5
WIN_20260919_18_10_34_Pro_flip.mp4,66,3.2947284345047922,0.04992012779552716,0.5,0.0,0.5,-0.5,0.8384992384413594,True,False,True,-0.8715509505482333,12.784443368695474,ground_x_z,12.784443368695474,25.07339555528048,-0.8715509505482333,-14.749722001603967,-15.209947081573139,-15.209947081573139,,-0.8715509505482333,False,False,,,minimum_hold,0.2503993610223638,-0.5
WIN_20260919_18_10_34_Pro_flip.mp4,67,3.3446485623003195,0.04992012779552716,0.5,0.0,0.5,-0.5,0.814102637973512,True,False,True,-3.222112534822911,13.587842925231282,ground_x_z,13.587842925231282,25.07339555528048,-3.222112534822911,-16.689894406969728,-15.209947081573139,-15.209947081573139,,-3.222112534822911,False,False,,,minimum_hold,0.20047923322683658,-0.5
WIN_20260919_18_10_34_Pro_flip.mp4,68,3.3945686900958467,0.04992012779552716,0.5,0.0,0.5,-0.5,0.8109808988740862,True,False,True,-1.6484503352443163,14.153387495996103,ground_x_z,14.153387495996103,25.07339555528048,-1.6484503352443163,-16.56326310733216,-16.56326310733216,-7.246139073254884,18.634248068154548,-2.1432761521138297,True,False,,,minimum_hold,0.15055910543130935,-0.5
WIN_20260919_18_10_34_Pro_flip.mp4,69,3.444488817891374,0.04992012779552716,0.5,0.0,0.5,-0.5,0.9495272103679693,True,False,True,-2.773581754906861,13.928039077333604,ground_x_z,13.928039077333604,25.07339555528048,-2.773581754906861,-16.841728249086742,-16.689894406969728,-8.97875551245463,15.422277789030199,-4.32464374482621,True,False,,,minimum_hold,0.10063897763578211,-0.5
WIN_20260919_18_10_34_Pro_flip.mp4,70,3.4944089456869007,0.04992012779552716,0.5,0.0,0.5,-0.5,0.7990641876290938,True,False,True,-8.050446108545964,15.399389307760789,ground_x_z,15.399389307760789,25.07339555528048,-8.050446108545964,-20.731632262635088,-16.841728249086742,-11.203843465418348,11.275769567336788,-11.224368819593055,True,False,,,minimum_hold,0.050718849840254876,-0.5
WIN_20260919_18_10_34_Pro_flip.mp4,71,3.544329073482428,0.04992012779552716,0.5,0.0,0.5,-0.5,0.8019766824020763,True,False,True,-7.982797123721824,18.86911678263425,ground_x_z,18.86911678263425,25.07339555528048,-7.982797123721824,-24.098672818792995,-20.731632262635088,-19.766298487041972,1.9306675511862292,-13.32478577751558,True,False,,,minimum_hold,0.00079872204472764,-0.5
WIN_20260919_18_10_34_Pro_flip.mp4,72,3.594249201277955,0.04992012779552716,0.5,0.0,0.5,-0.5,0.7081676730065828,True,False,True,-10.834577496340755,22.52708198267907,ground_x_z,22.52708198267907,25.194677059615437,-10.834577496340755,-28.611995855989647,-24.098672818792995,-29.787774439082096,-11.3782032405782,-21.269364286360094,True,False,left_corridor,8.0,continue_block,0.0,-0.5
WIN_20260919_18_10_34_Pro_flip.mp4,73,3.6441693290734825,0.04992012779552716,0.5,0.0,0.5,-0.5,0.9515796012156246,True,False,True,-10.987378010806555,24.945178239252172,ground_x_z,24.945178239252172,31.415532936019126,-10.987378010806555,-29.729291277064338,-28.611995855989647,-42.41812501268496,-27.612258313390626,-25.89444016568474,True,False,left_corridor,8.0,continue_block,0.0,-0.5
WIN_20260919_18_10_34_Pro_flip.mp4,74,3.6940894568690097,0.04992012779552716,0.5,0.0,0.5,-0.5,0.8192518055773313,True,False,True,-10.395270886080286,23.77180770200015,ground_x_z,23.77180770200015,31.415532936019126,-10.395270886080286,-28.52948492008724,-28.611995855989647,-45.86425902993068,-34.504526347882056,-25.333417247101167,True,False,left_corridor,8.0,continue_block,0.0,-0.5
WIN_20260919_18_10_34_Pro_flip.mp4,75,3.744009584664537,0.04992012779552716,0.5,0.0,0.5,-0.5,0.8273249721396992,True,False,True,-7.32327321346006,21.955184938491264,ground_x_z,21.955184938491264,25.07339555528048,-7.32327321346006,-26.710304602495274,-28.52948492008724,-45.781748094028266,-34.504526347882056,-21.568521547561375,True,False,left_corridor,8.0,continue_block,0.0,-0.5
WIN_20260919_18_10_34_Pro_flip.mp4,76,3.7939297124600637,0.04992012779552716,0.5,0.0,0.5,-0.5,0.6192959584599742,True,False,True,-7.492850031577371,18.58868941835725,ground_x_z,18.58868941835725,25.07339555528048,-7.492850031577371,-23.62185077135148,-26.710304602495274,-43.184248061785226,-32.9478869185799,-15.612710881321485,True,False,left_corridor,8.0,continue_block,0.0,-0.5
WIN_20260919_18_10_34_Pro_flip.mp4,77,3.843849840255591,0.04992012779552716,0.5,0.0,0.5,-0.5,0.47552005511325723,True,False,True,-5.793024887272992,15.037224993102182,ground_x_z,15.037224993102182,25.07339555528048,-5.793024887272992,-19.357508807727534,-23.62185077135148,-33.32323751178055,-19.40277348085814,-10.927678056926695,True,False,left_corridor,8.0,continue_block,0.0,-0.5
WIN_20260919_18_10_34_Pro_flip.mp4,78,3.893769968051118,0.04992012779552716,0.5,0.0,0.5,-0.4,0.24890943891228573,True,False,True,-6.12557164023229,9.923488114225066,ground_x_z,9.923488114225066,25.07339555528048,-6.12557164023229,-14.14256325391802,-19.357508807727534,-22.467193800523095,-6.219369985591119,-9.855963939278896,True,False,left_corridor,8.0,new_block,0.5,-0.4
WIN_20260919_18_10_34_Pro_flip.mp4,79,3.9436900958466454,0.04992012779552716,0.5,0.0,0.5,-0.4,0.9518829646974595,True,False,True,3.0431563935822976,8.660190785544984,ground_x_z,8.660190785544984,25.07339555528048,3.0431563935822976,-8.345778313504423,-11.244170783711223,-11.244170783711223,,3.0431563935822976,False,False,,,minimum_hold,0.45007987220447276,-0.4
WIN_20260919_18_10_34_Pro_flip.mp4,80,3.9936102236421727,0.04992012779552716,0.5,0.0,0.5,-0.4,0.9324526716682994,True,False,True,-1.0185125682416363,9.693713074255497,ground_x_z,9.693713074255497,25.07339555528048,-1.0185125682416363,-11.460656367122436,-11.460656367122436,-11.460656367122436,,-1.0185125682416363,False,False,,,minimum_hold,0.40015974440894553,-0.4
WIN_20260919_18_10_34_Pro_flip.mp4,81,4.0435303514377,0.04992012779552716,0.5,0.0,0.5,-0.4,0.9426546190030304,True,False,True,-2.7598658964575544,11.764055758220193,ground_x_z,11.764055758220193,25.07339555528048,-2.7598658964575544,-14.537360136959624,-11.460656367122436,-11.460656367122436,,-2.7598658964575544,False,False,,,minimum_hold,0.3502396166134183,-0.4
WIN_20260919_18_10_34_Pro_flip.mp4,82,4.093450479233227,0.04992012779552716,0.5,0.0,0.5,-0.4,0.8046619063864244,True,False,True,-6.548733082820696,12.731077373183922,ground_x_z,12.731077373183922,25.07339555528048,-6.548733082820696,-17.320177107674223,-14.537360136959624,-14.537360136959624,,-6.548733082820696,False,False,,,minimum_hold,0.30031948881789106,-0.4
WIN_20260919_18_10_34_Pro_flip.mp4,83,4.143370607028754,0.04992012779552716,0.5,0.0,0.5,-0.4,0.8010777406759377,True,False,True,-12.473597922049628,17.99875785865318,ground_x_z,17.99875785865318,25.07339555528048,-12.473597922049628,-25.18554044605906,-17.320177107674223,-17.320177107674223,,-12.473597922049628,False,False,,,minimum_hold,0.2503993610223638,-0.4
WIN_20260919_18_10_34_Pro_flip.mp4,84,4.193290734824281,0.04992012779552716,0.5,0.0,0.5,-0.4,0.8095026326373681,True,False,True,-12.81668567661124,21.417220366579357,ground_x_z,21.417220366579357,25.07339555528048,-12.81668567661124,-28.447098669989796,-25.18554044605906,-25.18554044605906,,-12.81668567661124,False,False,,,minimum_hold,0.20047923322683658,-0.4
WIN_20260919_18_10_34_Pro_flip.mp4,85,4.243210862619808,0.04992012779552716,0.5,0.0,0.5,-0.4,0.941192700055461,True,False,True,-10.898730655524094,21.36509804128134,ground_x_z,21.36509804128134,25.07339555528048,-10.898730655524094,-27.62273209103014,-27.62273209103014,-55.6520817379528,-56.05869929384532,-27.152940215614425,True,False,,,minimum_hold,0.15055910543130935,-0.4
WIN_20260919_18_10_34_Pro_flip.mp4,86,4.293130990415335,0.04992012779552716,0.5,0.0,0.5,-0.4,0.9482061755990696,True,False,True,-10.587261290065983,20.406123198279023,ground_x_z,20.406123198279023,25.07339555528048,-10.587261290065983,-26.624859243012445,-27.62273209103014,-52.386625862728806,-49.527787543397324,-26.413896116120213,True,False,,,minimum_hold,0.10063897763578211,-0.4
WIN_20260919_18_10_34_Pro_flip.mp4,87,4.343051118210862,0.04992012779552716,0.5,0.0,0.5,-0.4,0.8192224427449352,True,False,True,-10.760172711123037,19.614879667177732,ground_x_z,19.614879667177732,25.07339555528048,-10.760172711123037,-25.967868567225914,-26.624859243012445,-48.746151154309345,-44.2425838225938,-24.699096709851602,True,False,,,minimum_hold,0.050718849840254876,-0.4
WIN_20260919_18_10_34_Pro_flip.mp4,88,4.39297124600639,0.04992012779552716,0.5,0.0,0.5,-0.4,0.9225168938363356,True,False,True,-9.716445324723185,19.069053586006874,ground_x_z,19.069053586006874,25.07339555528048,-9.716445324723185,-25.020531934083913,-25.967868567225914,-45.256064434728025,-38.57639173500422,-22.432811572459656,True,False,,,minimum_hold,0.00079872204472764,-0.4
WIN_20260919_18_10_34_Pro_flip.mp4,89,4.442891373801917,0.04992012779552716,0.5,0.0,0.5,-0.5,0.8189695033347454,True,False,True,-12.33747380265938,17.859128616297678,ground_x_z,17.859128616297678,25.07339555528048,-12.33747380265938,-24.99595711424922,-25.020531934083913,-42.34358746585784,-34.64611106354784,-25.692652645274272,True,False,left_corridor,8.0,new_block,0.5,-0.5
WIN_20260919_18_10_34_Pro_flip.mp4,90,4.492811501597444,0.04992012779552716,0.5,0.0,0.5,-0.5,0.9266415571896338,True,False,True,-17.96524945359032,16.341216156448375,ground_x_z,16.341216156448375,25.07339555528048,-17.96524945359032,-26.034260014933395,-25.51510856459131,-25.51510856459131,,-17.96524945359032,False,False,,,minimum_hold,0.45007987220447276,-0.5
WIN_20260919_18_10_34_Pro_flip.mp4,91,4.542731629392971,0.04992012779552716,0.5,0.0,0.5,-0.5,0.8241811406756172,True,False,True,-22.21033288324158,17.196985441720862,ground_x_z,17.196985441720862,25.07339555528048,-22.21033288324158,-28.700342302973844,-26.034260014933395,-26.034260014933395,,-22.21033288324158,False,False,,,minimum_hold,0.40015974440894553,-0.5
WIN_20260919_18_10_34_Pro_flip.mp4,92,4.592651757188499,0.04992012779552716,0.5,0.0,0.5,-0.5,0.8374150913880832,True,False,True,-21.774540858341105,17.991254581373358,ground_x_z,17.991254581373358,25.07339555528048,-21.774540858341105,-29.203740488178166,-28.700342302973844,-28.700342302973844,,-21.774540858341105,False,False,,,minimum_hold,0.3502396166134183,-0.5
WIN_20260919_18_10_34_Pro_flip.mp4,93,4.642571884984026,0.04992012779552716,0.5,0.0,0.5,-0.5,0.8223962820485483,True,False,True,-22.484112372000766,19.951798054981637,ground_x_z,19.951798054981637,25.07339555528048,-22.484112372000766,-31.189571103331502,-29.203740488178166,-29.203740488178166,,-22.484112372000766,False,False,,,minimum_hold,0.30031948881789106,-0.5
WIN_20260919_18_10_34_Pro_flip.mp4,94,4.692492012779553,0.04992012779552716,0.5,0.0,0.5,-0.5,0.0,False,False,False,0.0,0.0,,,,,,,,,,,,,,brief_loss_hold,0.2503993610223638,-0.5
WIN_20260919_18_10_34_Pro_flip.mp4,95,4.742412140575079,0.04992012779552716,0.5,0.0,0.5,-0.5,0.0,False,False,False,0.0,0.0,,,,,,,,,,,,,,brief_loss_hold,0.20047923322683658,-0.5
WIN_20260919_18_10_34_Pro_flip.mp4,96,4.792332268370607,0.04992012779552716,0.5,0.0,0.5,-0.5,0.8264069875722391,True,False,True,-18.16035487212194,-4.629389448038761,ground_x_z,-4.629389448038761,25.07339555528048,-18.16035487212194,-4.0577116198201955,-4.0577116198201955,-4.0577116198201955,,-18.16035487212194,False,False,,,minimum_hold,0.15055910543130935,-0.5
WIN_20260919_18_10_34_Pro_flip.mp4,97,4.842252396166134,0.04992012779552716,0.5,0.0,0.5,-0.5,0.8215555928723733,True,False,True,-18.514828703694064,-3.0109970496572753,ground_x_z,-3.0109970496572753,25.07339555528048,-18.514828703694064,-6.092118578689519,-5.0749150992548575,-5.0749150992548575,,-18.514828703694064,False,False,,,minimum_hold,0.10063897763578211,-0.5
WIN_20260919_18_10_34_Pro_flip.mp4,98,4.892172523961661,0.04992012779552716,0.5,0.0,0.5,-0.5,0.8283036507224475,True,False,True,-17.818067069834292,-2.7824455686014113,ground_x_z,-2.7824455686014113,25.07339555528048,-17.818067069834292,-5.970610664989912,-5.970610664989912,-5.970610664989912,,-17.818067069834292,False,False,,,minimum_hold,0.050718849840254876,-0.5
WIN_20260919_18_10_34_Pro_flip.mp4,99,4.942092651757188,0.04992012779552716,0.5,0.0,0.5,-0.5,0.8207762600649214,True,False,True,-18.927085733016135,-3.212647640491444,ground_x_z,-3.212647640491444,25.07339555528048,-18.927085733016135,-6.0901941178658925,-6.0901941178658925,-6.0901941178658925,,-18.927085733016135,False,False,,,minimum_hold,0.00079872204472764,-0.5
WIN_20260919_18_10_34_Pro_flip.mp4,100,4.992012779552716,0.04992012779552716,0.5,0.0,0.5,-0.1,0.8317275187868156,True,False,True,-21.131948776055374,-4.286335582817236,ground_x_z,-4.286335582817236,25.07339555528048,-21.131948776055374,-6.105159948329056,-6.0901941178658925,-6.0901941178658925,,-21.131948776055374,False,False,target_bearing,8.0,new_block,0.5,-0.1
WIN_20260919_18_10_34_Pro_flip.mp4,101,5.041932907348243,0.04992012779552716,0.5,0.0,0.5,-0.1,0.5200545479954279,True,False,True,-2.7358854907568246,-6.225068645508058,ground_x_z,-6.225068645508058,25.31638506407296,-2.7358854907568246,5.76223889064155,-0.17146052884375296,-0.17146052884375296,,-2.7358854907568246,False,False,,,minimum_hold,0.45007987220447276,-0.1
WIN_20260919_18_10_34_Pro_flip.mp4,102,5.09185303514377,0.04992012779552716,0.5,0.0,0.5,-0.1,0.838295957519254,True,False,True,-21.599188798295707,-7.1560374502343915,ground_x_z,-7.1560374502343915,25.07339555528048,-21.599188798295707,-3.105475111076057,-3.105475111076057,-3.105475111076057,,-21.599188798295707,False,False,,,minimum_hold,0.40015974440894553,-0.1
WIN_20260919_18_10_34_Pro_flip.mp4,103,5.141773162939297,0.04992012779552716,0.5,0.0,0.5,-0.1,0.8316980765899948,True,False,True,-24.83158553683498,-7.910289343185708,ground_x_z,-7.910289343185708,25.07339555528048,-24.83158553683498,-4.145660958126707,-3.105475111076057,-3.105475111076057,,-24.83158553683498,False,False,,,minimum_hold,0.3502396166134183,-0.1
WIN_20260919_18_10_34_Pro_flip.mp4,104,5.1916932907348246,0.04992012779552716,0.5,0.0,0.5,-0.1,0.8255637237226815,True,False,True,-28.81963642234162,-3.040675538944946,ground_x_z,-3.040675538944946,31.415532936019126,-28.81963642234162,-8.17688136649252,-4.145660958126707,-4.145660958126707,,-28.81963642234162,False,False,,,minimum_hold,0.30031948881789106,-0.1
WIN_20260919_18_10_34_Pro_flip.mp4,105,5.241613418530352,0.04992012779552716,0.5,0.0,0.5,-0.1,0.8175240411229592,True,False,True,-30.615881232331507,-1.0022239452876005,ground_x_z,-1.0022239452876005,31.415532936019126,-30.615881232331507,-11.305032799985057,-8.17688136649252,-8.17688136649252,,-30.615881232331507,False,False,,,minimum_hold,0.2503993610223638,-0.1
WIN_20260919_18_10_34_Pro_flip.mp4,106,5.291533546325879,0.04992012779552716,0.5,0.0,0.5,-0.1,0.821549743134997,True,False,True,-29.83159499860579,1.5013359103182993,ground_x_z,1.5013359103182993,25.07339555528048,-29.83159499860579,-17.53153135433783,-11.305032799985057,-11.305032799985057,,-29.83159499860579,False,False,,,minimum_hold,0.20047923322683658,-0.1
WIN_20260919_18_10_34_Pro_flip.mp4,107,5.341453674121405,0.04992012779552716,0.5,0.0,0.5,-0.1,0.8304444318282908,True,False,True,-31.00267149487282,2.158828559766482,ground_x_z,2.158828559766482,25.07339555528048,-31.00267149487282,-18.91948482881464,-17.53153135433783,-42.90805482117341,-50.75304693367116,-49.9203065119706,True,False,,,minimum_hold,0.15055910543130935,-0.1
WIN_20260919_18_10_34_Pro_flip.mp4,108,5.391373801916933,0.04992012779552716,0.5,0.0,0.5,-0.1,0.0,False,False,False,0.0,0.0,,,,,,,,,,,,,,brief_loss_hold,0.10063897763578211,-0.1
WIN_20260919_18_10_34_Pro_flip.mp4,109,5.44129392971246,0.04992012779552716,0.5,0.0,0.5,-0.1,0.8254592163634493,True,False,True,-32.8855551336329,6.788777907383652,ground_x_z,6.788777907383652,25.07339555528048,-32.8855551336329,-24.613092137015805,-24.613092137015805,-24.613092137015805,,-32.8855551336329,False,False,,,minimum_hold,0.050718849840254876,-0.1
WIN_20260919_18_10_34_Pro_flip.mp4,110,5.491214057507987,0.04992012779552716,0.5,0.0,0.5,-0.1,0.8277872016664539,True,False,True,-34.50825721000987,4.499308534325486,ground_x_z,4.499308534325486,25.07339555528048,-34.50825721000987,-23.39927292968567,-24.00618253335074,-24.00618253335074,,-34.50825721000987,False,False,,,minimum_hold,0.00079872204472764,-0.1
WIN_20260919_18_10_34_Pro_flip.mp4,111,5.541134185303514,0.04992012779552716,0.5,0.0,0.5,-0.5,0.8264484736938266,True,False,True,-34.36446218509224,4.206864760825486,ground_x_z,4.206864760825486,25.07339555528048,-34.36446218509224,-23.027207394754694,-23.39927292968567,-23.39927292968567,,-34.36446218509224,False,False,target_bearing,8.0,new_block,0.5,-0.5
WIN_20260919_18_10_34_Pro_flip.mp4,112,5.5910543130990416,0.04992012779552716,0.5,0.0,0.5,-0.5,0.8239051473912989,True,False,True,-31.832838337909603,3.4769633611595214,ground_x_z,3.4769633611595214,25.07339555528048,-31.832838337909603,-20.75861038222953,-21.892908888492112,-21.892908888492112,,-31.832838337909603,False,False,,,minimum_hold,0.45007987220447276,-0.5
WIN_20260919_18_10_34_Pro_flip.mp4,113,5.640974440894569,0.04992012779552716,0.5,0.0,0.5,-0.5,0.826273029142307,True,False,True,-32.77783104138442,3.0234911071892734,ground_x_z,3.0234911071892734,25.07339555528048,-32.77783104138442,-20.880797154074013,-20.880797154074013,-20.880797154074013,,-32.77783104138442,False,False,,,minimum_hold,0.40015974440894553,-0.5
WIN_20260919_18_10_34_Pro_flip.mp4,114,5.690894568690096,0.04992012779552716,0.5,0.0,0.5,-0.5,0.8283598976314435,True,False,True,-32.13965723395278,2.656392985151831,ground_x_z,2.656392985151831,25.07339555528048,-32.13965723395278,-20.1196768541723,-20.75861038222953,-20.75861038222953,,-32.13965723395278,False,False,,,minimum_hold,0.3502396166134183,-0.5
WIN_20260919_18_10_34_Pro_flip.mp4,115,5.740814696485623,0.04992012779552716,0.5,0.0,0.5,-0.5,0.8304777830404471,True,False,True,-32.43125231783712,2.4615811379602484,ground_x_z,2.4615811379602484,25.07339555528048,-32.43125231783712,-20.102185318054648,-20.1196768541723,-20.1196768541723,,-32.43125231783712,False,False,,,minimum_hold,0.30031948881789106,-0.5
WIN_20260919_18_10_34_Pro_flip.mp4,116,5.7907348242811505,0.04992012779552716,0.5,0.0,0.5,-0.5,0.8240053797230126,True,False,True,-32.991242750416674,2.3582038592118653,ground_x_z,2.3582038592118653,25.07339555528048,-32.991242750416674,-20.345096745457266,-20.1196768541723,-20.1196768541723,,-32.991242750416674,False,False,,,minimum_hold,0.2503993610223638,-0.5
WIN_20260919_18_10_34_Pro_flip.mp4,117,5.840654952076678,0.04992012779552716,0.5,0.0,0.5,-0.5,0.8212976894618331,True,False,True,-36.02914938674239,3.1816540576474224,ground_x_z,3.1816540576474224,25.07339555528048,-36.02914938674239,-23.084939334283266,-20.345096745457266,-20.345096745457266,,-36.02914938674239,False,False,,,minimum_hold,0.20047923322683658,-0.5
WIN_20260919_18_10_34_Pro_flip.mp4,118,5.890575079872204,0.04992012779552716,0.5,0.0,0.5,-0.5,0.8174064913732635,True,False,True,-37.57868077057727,3.394178062624384,ground_x_z,3.394178062624384,25.07339555528048,-37.57868077057727,-24.29962943838086,-23.084939334283266,-26.325317497585974,-6.480756326605419,-44.081249727960895,True,False,,,minimum_hold,0.15055910543130935,-0.5
WIN_20260919_18_10_34_Pro_flip.mp4,119,5.940495207667731,0.04992012779552716,0.5,0.0,0.5,-0.5,0.8138761257897049,True,False,True,-37.80999733679784,3.4441736038760764,ground_x_z,3.4441736038760764,25.07339555528048,-37.80999733679784,-24.499890299981736,-24.29962943838086,-29.306299063629737,-10.013339250497754,-46.21320395121382,True,False,,,minimum_hold,0.10063897763578211,-0.5
WIN_20260919_18_10_34_Pro_flip.mp4,120,5.9904153354632586,0.04992012779552716,0.5,0.0,0.5,-0.5,0.8120328854279671,True,False,True,-37.53944519680387,3.135357394058839,ground_x_z,3.135357394058839,25.07339555528048,-37.53944519680387,-24.026827994373626,-24.29962943838086,-28.959731595134897,-9.320204313508071,-45.939808132614,True,False,,,minimum_hold,0.050718849840254876,-0.5
WIN_20260919_18_10_34_Pro_flip.mp4,121,6.040335463258786,0.04992012779552716,0.5,0.0,0.5,-0.5,0.8171587284448181,True,False,True,-36.89484105318465,2.80667647071706,ground_x_z,2.80667647071706,25.07339555528048,-36.89484105318465,-23.285681784488293,-24.026827994373626,-28.556928763237188,-9.060201537727123,-44.03951284052026,True,False,,,minimum_hold,0.00079872204472764,-0.5
WIN_20260919_18_10_34_Pro_flip.mp4,122,6.090255591054313,0.04992012779552716,0.5,0.0,0.5,-0.5,0.8182865500035419,True,False,True,-36.50085385944297,2.7193507257450085,ground_x_z,2.7193507257450085,25.07339555528048,-36.50085385944297,-22.942593182552102,-23.285681784488293,-27.815782553351855,-9.060201537727123,-43.64552564677858,True,False,target_bearing,8.0,continue_block,0.0,-0.5
WIN_20260919_18_10_34_Pro_flip.mp4,123,6.14017571884984,0.04992012779552716,0.5,0.0,0.5,-0.5,0.8170728634398176,True,False,True,-36.20453181302773,2.548053881810959,ground_x_z,2.548053881810959,25.07339555528048,-36.20453181302773,-22.582033640700164,-22.942593182552102,-27.00681106409588,-8.128435763087559,-42.02755024741689,True,False,target_bearing,8.0,continue_block,0.0,-0.5
WIN_20260919_18_10_34_Pro_flip.mp4,124,6.1900958466453675,0.04992012779552716,0.5,0.0,0.5,-0.5,0.8224174536239616,True,False,True,6.273722704420756,2.186364420750153,ground_x_z,2.186364420750153,25.07339555528048,6.273722704420756,0.6347970587773161,-22.582033640700164,-25.686803740652344,-6.209540199904363,1.675965097119004,True,False,target_bearing,8.0,continue_block,0.0,-0.5
WIN_20260919_18_10_34_Pro_flip.mp4,125,6.240015974440895,0.04992012779552716,0.5,0.0,0.5,-0.4,0.822898903606561,True,False,True,-34.29770539261524,1.8843859945090529,ground_x_z,1.8843859945090529,25.07339555528048,-34.29770539261524,-20.69325559827302,-20.69325559827302,-19.85373836045163,1.6790344756427813,-34.590477122894235,True,True,target_bearing,8.0,new_block,0.5,-0.4
WIN_20260919_18_10_34_Pro_flip.mp4,126,6.289936102236422,0.04992012779552716,0.5,0.0,0.5,-0.4,0.8267614058278331,True,False,True,-33.0856494475141,1.9163612823029863,ground_x_z,1.9163612823029863,25.07339555528048,-33.0856494475141,-19.95789870904917,-20.325577153661094,-20.325577153661094,,-33.0856494475141,False,False,,,minimum_hold,0.45007987220447276,-0.4
WIN_20260919_18_10_34_Pro_flip.mp4,127,6.339856230031949,0.04992012779552716,0.5,0.0,0.5,-0.4,0.8242987852522645,True,False,True,-33.957650662750446,1.873084998095931,ground_x_z,1.873084998095931,25.07339555528048,-33.957650662750446,-20.4650703189964,-20.4650703189964,-20.4650703189964,,-33.957650662750446,False,False,,,minimum_hold,0.40015974440894553,-0.4
WIN_20260919_18_10_34_Pro_flip.mp4,128,6.389776357827476,0.04992012779552716,0.5,0.0,0.5,-0.4,0.8195954918385666,True,False,True,-34.95043157280543,2.2282310669477385,ground_x_z,2.2282310669477385,25.07339555528048,-34.95043157280543,-21.45473641973575,-20.4650703189964,-20.4650703189964,,-34.95043157280543,False,False,,,minimum_hold,0.3502396166134183,-0.4
WIN_20260919_18_10_34_Pro_flip.mp4,129,6.439696485623003,0.04992012779552716,0.5,0.0,0.5,-0.4,0.8202318762650564,True,False,True,-36.726384934892714,2.845758360177016,ground_x_z,2.845758360177016,25.07339555528048,-36.726384934892714,-23.21288559194763,-21.45473641973575,-21.45473641973575,,-36.726384934892714,False,False,,,minimum_hold,0.30031948881789106,-0.4
WIN_20260919_18_10_34_Pro_flip.mp4,130,6.48961661341853,0.04992012779552716,0.5,0.0,0.5,-0.4,0.8192551658842963,True,False,True,-36.54314756076341,2.7281400282929713,ground_x_z,2.7281400282929713,25.07339555528048,-36.54314756076341,-22.97881208617407,-22.97881208617407,-22.97881208617407,,-36.54314756076341,False,False,,,minimum_hold,0.2503993610223638,-0.4
WIN_20260919_18_10_34_Pro_flip.mp4,131,6.539536741214057,0.04992012779552716,0.5,0.0,0.5,-0.4,0.8209735342169779,True,False,True,-36.4899964860418,2.5016574197317034,ground_x_z,2.5016574197317034,25.07339555528048,-36.4899964860418,-22.723584859805275,-22.97881208617407,-22.97881208617407,,-36.4899964860418,False,False,,,minimum_hold,0.20047923322683658,-0.4
WIN_20260919_18_10_34_Pro_flip.mp4,132,6.5894568690095845,0.04992012779552716,0.5,0.0,0.5,-0.4,0.8174233080769726,True,False,True,-35.69639390776509,2.3190536665049417,ground_x_z,2.3190536665049417,25.07339555528048,-35.69639390776509,-22.026539698652247,-22.723584859805275,-26.144858696086224,-6.842547672561901,-39.70532758323461,True,False,,,minimum_hold,0.15055910543130935,-0.4
WIN_20260919_18_10_34_Pro_flip.mp4,133,6.639376996805112,0.04992012779552716,0.5,0.0,0.5,-0.4,0.8213180115624585,True,False,True,-35.18596216915285,2.029294379739544,ground_x_z,2.029294379739544,25.07339555528048,-35.18596216915285,-21.409087779616616,-22.026539698652247,-24.628729552944364,-5.204379708584231,-38.430111133354785,True,False,,,minimum_hold,0.10063897763578211,-0.4
WIN_20260919_18_11_50_Pro_flip.mp4,0,0.0,0.049965024482862,0.5,0.0,0.5,0.4,0.972402862280566,True,False,True,6.782358636598078,-6.335721848709483,ground_x_z,-6.335721848709483,25.438093068530485,6.782358636598078,10.48884325387884,10.48884325387884,10.48884325387884,,6.782358636598078,False,False,target_bearing,8.0,new_block,0.5,0.4
WIN_20260919_18_11_50_Pro_flip.mp4,1,0.049965024482862,0.049965024482862,0.5,0.0,0.5,0.4,0.9714108564947715,True,False,True,6.968328895658632,-6.365828631758721,ground_x_z,-6.365828631758721,25.438093068530485,6.968328895658632,10.611763144671116,10.550303199274978,10.550303199274978,,6.968328895658632,False,False,,,minimum_hold,0.450034975517138,0.4
WIN_20260919_18_11_50_Pro_flip.mp4,2,0.099930048965724,0.049965024482862,0.5,0.0,0.5,0.4,0.9714108564947715,True,False,True,7.070098084111938,-6.383114657106978,ground_x_z,-6.383114657106978,25.438093068530485,7.070098084111938,10.67991422025278,10.611763144671116,10.611763144671116,,7.070098084111938,False,False,,,minimum_hold,0.400069951034276,0.4
WIN_20260919_18_11_50_Pro_flip.mp4,3,0.149895073448586,0.049965024482862,0.5,0.0,0.5,0.4,0.9714108564947715,True,False,True,7.005176497881182,-6.400049914270274,ground_x_z,-6.400049914270274,25.438093068530485,7.005176497881182,10.667387576363256,10.667387576363256,10.667387576363256,,7.005176497881182,False,False,,,minimum_hold,0.350104926551414,0.4
WIN_20260919_18_11_50_Pro_flip.mp4,4,0.199860097931448,0.049965024482862,0.5,0.0,0.5,0.4,0.9714108564947715,True,False,True,7.023047350627175,-6.4166489646359794,ground_x_z,-6.4166489646359794,25.438093068530485,7.023047350627175,10.694360916432814,10.67991422025278,10.67991422025278,,7.023047350627175,False,False,,,minimum_hold,0.300139902068552,0.4
WIN_20260919_18_11_50_Pro_flip.mp4,5,0.24982512241430999,0.049965024482862,0.5,0.0,0.5,0.4,0.9714108564947715,True,False,True,7.0405594540106735,-6.43291603399437,ground_x_z,-6.43291603399437,25.438093068530485,7.0405594540106735,10.72079013736085,10.694360916432814,10.694360916432814,,7.0405594540106735,False,False,,,minimum_hold,0.25017487758569,0.4
WIN_20260919_18_11_50_Pro_flip.mp4,6,0.299790146897172,0.049965024482862,0.5,0.0,0.5,0.4,0.9714108564947715,True,False,True,7.465058740180478,-6.4361925210775475,ground_x_z,-6.4361925210775475,25.438093068530485,7.465058740180478,10.928846454565537,10.72079013736085,10.72079013736085,,7.465058740180478,False,False,,,minimum_hold,0.20020985310282802,0.4
WIN_20260919_18_11_50_Pro_flip.mp4,7,0.349755171380034,0.049965024482862,0.5,0.0,0.5,0.4,0.9714108564947715,True,False,True,7.236142390442449,-6.468543099218166,ground_x_z,-6.468543099218166,25.438093068530485,7.236142390442449,10.854351689623147,10.854351689623147,11.347721144244543,0.9867389092427913,7.818882093050135,True,False,,,minimum_hold,0.15024482861996602,0.4
WIN_20260919_18_11_50_Pro_flip.mp4,8,0.399720195862896,0.049965024482862,0.5,0.0,0.5,0.4,0.972402862280566,True,False,True,6.672833077768607,-6.4838617684897475,ground_x_z,-6.4838617684897475,25.438093068530485,6.672833077768607,10.600189203054885,10.854351689623147,11.231209895999989,0.7537164127536837,7.062327751972021,True,False,,,minimum_hold,0.10027980413710402,0.4
WIN_20260919_18_11_50_Pro_flip.mp4,9,0.449685220345758,0.049965024482862,0.5,0.0,0.5,0.4,0.9714108564947715,True,False,True,7.107162691846787,-6.494795317753644,ground_x_z,-6.494795317753644,25.438093068530485,7.107162691846787,10.821283583637562,10.821283583637562,11.083367462729717,0.5241677581843079,7.280826416653644,True,False,,,minimum_hold,0.050314779654242026,0.4
WIN_20260919_18_11_50_Pro_flip.mp4,10,0.49965024482861997,0.049965024482862,0.5,0.0,0.5,0.4,0.9775213323848199,True,False,True,7.6986812943513865,-6.513659648710428,ground_x_z,-6.513659648710428,25.438093068530485,7.6986812943513865,11.126892960901404,10.821283583637562,11.225880845193393,0.8091945231116598,8.14534956806833,True,False,,,minimum_hold,0.00034975517138002843,0.4
WIN_20260919_18_11_50_Pro_flip.mp4,11,0.549615269311482,0.049965024482862,0.5,0.0,0.5,0.4,0.9775213323848199,True,False,True,7.715411615317456,-6.528078857260388,ground_x_z,-6.528078857260388,25.438093068530485,7.715411615317456,11.150856228714451,11.126892960901404,11.650528147420953,1.0472703730390989,8.432928560514526,True,False,target_bearing,8.0,continue_block,0.0,0.4
WIN_20260919_18_11_50_Pro_flip.mp4,12,0.599580293794344,0.049965024482862,0.5,0.0,0.5,0.4,0.972402862280566,True,False,True,6.981896958428733,-6.525190247723799,ground_x_z,-6.525190247723799,25.438093068530485,6.981896958428733,10.794610682305965,11.126892960901404,11.383565851700403,0.5133457815979966,7.151992932264367,True,False,target_bearing,8.0,continue_block,0.0,0.4
WIN_20260919_18_11_50_Pro_flip.mp4,13,0.649545318277206,0.049965024482862,0.5,0.0,0.5,0.4,0.9724800821357487,True,False,True,6.646243193561255,-6.577128823294237,ground_x_z,-6.577128823294237,25.438093068530485,6.646243193561255,10.69062996484765,10.794610682305965,10.936068640213598,0.2829159158152655,6.594769196720028,True,False,target_bearing,8.0,continue_block,0.0,0.4
WIN_20260919_18_11_50_Pro_flip.mp4,14,0.699510342760068,0.049965024482862,0.5,0.0,0.5,0.4,0.9643074876542682,True,False,True,6.840735245137467,-6.590744504142305,ground_x_z,-6.590744504142305,25.438093068530485,6.840735245137467,10.799200494505207,10.794610682305965,10.89952364808301,0.20982593155408863,6.658295521173916,True,False,target_bearing,8.0,continue_block,0.0,0.4
WIN_20260919_18_11_50_Pro_flip.mp4,15,0.74947536724293,0.049965024482862,0.5,0.0,0.5,0.4,0.9643074876542682,True,False,True,6.437786982435122,-6.604086455552112,ground_x_z,-6.604086455552112,25.438093068530485,6.437786982435122,10.620263598143636,10.69062996484765,10.611787392055476,-0.1576851455843501,5.904559090591089,True,True,target_bearing,8.0,continue_block,0.0,0.4
WIN_20260919_18_11_50_Pro_flip.mp4,16,0.799440391725792,0.049965024482862,0.5,0.0,0.5,0.4,0.9714108564947715,True,False,True,6.959668699367698,-6.604705688817971,ground_x_z,-6.604705688817971,25.438093068530485,6.959668699367698,10.871818760587106,10.799200494505207,10.6796348424606,-0.23913130408921707,6.3944059417867045,True,True,target_bearing,8.0,continue_block,0.0,0.4
WIN_20260919_18_11_50_Pro_flip.mp4,17,0.849405416208654,0.049965024482862,0.5,0.0,0.5,0.4,0.9714108564947715,True,False,True,7.225211408261641,-6.60451540534304,ground_x_z,-6.60451540534304,25.438093068530485,7.225211408261641,10.999305746484401,10.871818760587106,10.82762166599761,-0.0883941891789911,6.716364600629389,True,True,target_bearing,8.0,continue_block,0.0,0.4
WIN_20260919_18_11_50_Pro_flip.mp4,18,0.899370440691516,0.049965024482862,0.5,0.0,0.5,0.4,0.9714108564947715,True,False,True,7.238666841266406,-6.61702514588729,ground_x_z,-6.61702514588729,25.438093068530485,7.238666841266406,11.019589369310488,10.999305746484401,11.071549391589269,0.14448729020973627,7.0278136437323715,True,False,target_bearing,8.0,continue_block,0.0,0.4
WIN_20260919_18_11_50_Pro_flip.mp4,19,0.949335465174378,0.049965024482862,0.5,0.0,0.5,0.4,0.9775213323848199,True,False,True,7.333540182879747,-6.650679221298803,ground_x_z,-6.650679221298803,25.438093068530485,7.333540182879747,11.10235840268856,11.019589369310488,10.992309666639828,-0.054559405341317764,6.9275438381578915,True,True,target_bearing,8.0,continue_block,0.0,0.4
WIN_20260919_18_11_50_Pro_flip.mp4,20,0.9993004896572399,0.049965024482862,0.5,0.0,0.5,0.4,0.9618429264666583,True,False,True,10.466758519577432,-7.442452685734144,ground_x_z,-7.442452685734144,25.438093068530485,10.466758519577432,13.474055758992643,11.10235840268856,11.512035104135283,0.8193534028934435,10.953728059473015,True,False,target_bearing,8.0,continue_block,0.0,0.4
WIN_20260919_18_11_50_Pro_flip.mp4,21,1.049265514140102,0.049965024482862,0.5,0.0,0.5,0.4,0.0,False,False,False,0.0,0.0,,,,,,,,,,,,,,brief_loss_hold,0.0,0.4
WIN_20260919_18_11_50_Pro_flip.mp4,22,1.099230538622964,0.049965024482862,0.5,0.31888029951686897,0.5,0.4,0.9662600746506109,True,False,True,19.962382509548785,-14.13428591262851,ground_x_z,-14.13428591262851,25.438093068530485,19.962382509548785,24.75521198067476,24.75521198067476,24.75521198067476,,19.962382509548785,False,False,right_corridor,8.0,continue_block,0.0,0.4
WIN_20260919_18_11_50_Pro_flip.mp4,23,1.149195563105826,0.049965024482862,0.5,0.31888029951686897,0.5,0.4,0.967267122777693,True,False,True,20.867861471337996,-16.643941787593366,ground_x_z,-16.643941787593366,25.438093068530485,20.867861471337996,27.481141312029795,26.118176646352275,26.118176646352275,,20.867861471337996,False,False,right_corridor,8.0,continue_block,0.0,0.4
WIN_20260919_18_11_50_Pro_flip.mp4,24,1.199160587588688,0.049965024482862,0.5,0.31888029951686897,0.5,0.4,0.0,False,False,False,0.0,0.0,,,,,,,,,,,,,,brief_loss_hold,0.0,0.4
WIN_20260919_18_11_50_Pro_flip.mp4,25,1.24912561207155,0.049965024482862,0.5,0.31888029951686897,0.5,0.4,0.9656908176056473,True,False,True,18.8367512143404,-12.476801633520143,ground_x_z,-12.476801633520143,25.07339555528048,18.8367512143404,22.76326757058996,22.76326757058996,22.76326757058996,,18.8367512143404,False,False,right_corridor,8.0,continue_block,0.0,0.4
WIN_20260919_18_11_50_Pro_flip.mp4,26,1.299090636554412,0.049965024482862,0.5,0.31888029951686897,0.5,0.4,0.8152940696249091,True,False,True,19.243747241020486,-11.628991886343206,ground_x_z,-11.628991886343206,25.07339555528048,19.243747241020486,22.127347279704825,22.44530742514739,22.44530742514739,,19.243747241020486,False,False,right_corridor,8.0,continue_block,0.0,0.4
WIN_20260919_18_11_50_Pro_flip.mp4,27,1.349055661037274,0.049965024482862,0.5,0.31888029951686897,0.5,0.4,0.5062197314122555,True,False,True,20.06270425248092,-13.386967647396034,ground_x_z,-13.386967647396034,25.194677059615437,20.06270425248092,24.176382082896392,22.76326757058996,22.76326757058996,,20.06270425248092,False,False,right_corridor,8.0,continue_block,0.0,0.4
WIN_20260919_18_11_50_Pro_flip.mp4,28,1.399020685520136,0.049965024482862,0.5,0.31888029951686897,0.5,0.4,0.35,True,False,False,0.0,-15.01541167120831,,,,,,,,,,,,,,brief_loss_hold,0.0,0.4
WIN_20260919_18_11_50_Pro_flip.mp4,29,1.448985710002998,0.049965024482862,0.5,0.31888029951686897,0.5,0.4,0.9597472991681931,True,False,True,18.895321493724367,-16.490302648259167,ground_x_z,-16.490302648259167,25.07339555528048,18.895321493724367,26.585502538360284,26.585502538360284,26.585502538360284,,18.895321493724367,False,False,right_corridor,8.0,continue_block,0.0,0.4
WIN_20260919_18_11_50_Pro_flip.mp4,30,1.49895073448586,0.049965024482862,0.5,0.31888029951686897,0.5,0.4,0.0,False,False,False,0.0,0.0,,,,,,,,,,,,,,brief_loss_hold,0.0,0.4
WIN_20260919_18_11_50_Pro_flip.mp4,31,1.548915758968722,0.049965024482862,0.5,0.31888029951686897,0.5,0.5,0.780863499896729,True,False,True,26.597105073482854,-16.083020741536345,ground_x_z,-16.083020741536345,25.07339555528048,26.597105073482854,29.73825572291413,29.73825572291413,29.73825572291413,,26.597105073482854,False,False,right_corridor,8.0,new_block,0.5,0.5
WIN_20260919_18_11_50_Pro_flip.mp4,32,1.598880783451584,0.049965024482862,0.5,0.31888029951686897,0.5,0.5,0.7809217625110657,True,False,False,0.0,-16.611351711087355,,,,,,,,,,,,,,brief_loss_hold,0.450034975517138,0.5
WIN_20260919_18_11_50_Pro_flip.mp4,33,1.648845807934446,0.049965024482862,0.5,0.4114996144356958,0.5,0.5,0.3879691877460552,True,False,True,23.542146246591034,-16.401276257367215,ground_x_z,-16.401276257367215,25.438093068530485,23.542146246591034,28.459984577427832,28.459984577427832,28.459984577427832,,23.542146246591034,False,False,,,minimum_hold,0.400069951034276,0.5
WIN_20260919_18_11_50_Pro_flip.mp4,34,1.698810832417308,0.049965024482862,0.5,0.4114996144356958,0.5,0.5,0.4248329530205058,True,False,False,0.0,-17.637646903254716,,,,,,,,,,,,,,brief_loss_hold,0.350104926551414,0.5
WIN_20260919_18_11_50_Pro_flip.mp4,35,1.74877585690017,0.049965024482862,0.5,0.4114996144356958,0.5,0.5,0.0,False,False,False,0.0,0.0,,,,,,,,,,,,,,brief_loss_hold,0.300139902068552,0.5
WIN_20260919_18_11_50_Pro_flip.mp4,36,1.798740881383032,0.049965024482862,0.5,0.4114996144356958,0.5,0.5,0.9465051853495666,True,False,True,16.46540960504415,-20.14156896991723,ground_x_z,-20.14156896991723,25.07339555528048,16.46540960504415,28.818534821426024,28.818534821426024,28.818534821426024,,16.46540960504415,False,False,,,minimum_hold,0.25017487758569,0.5
WIN_20260919_18_11_50_Pro_flip.mp4,37,1.848705905865894,0.049965024482862,0.5,0.4114996144356958,0.5,0.5,0.4741256803391779,True,False,True,48.0708116524196,-10.506810977094572,ground_x_z,-10.506810977094572,25.07339555528048,48.0708116524196,37.422862488238856,33.12069865483244,33.12069865483244,,48.0708116524196,False,False,,,minimum_hold,0.20020985310282802,0.5
WIN_20260919_18_11_50_Pro_flip.mp4,38,1.898670930348756,0.049965024482862,0.5,0.4114996144356958,0.5,0.5,0.8052752503517766,True,False,True,1.1449832065671066,-12.697586236656903,ground_x_z,-12.697586236656903,25.07339555528048,1.1449832065671066,14.784155769854767,28.818534821426024,28.818534821426024,,1.1449832065671066,False,False,,,minimum_hold,0.15024482861996602,0.5
WIN_20260919_18_11_50_Pro_flip.mp4,39,1.948635954831618,0.049965024482862,0.5,0.4114996144356958,0.5,0.5,0.7606394726259912,True,False,True,1.1372276605097589,-12.25880004252766,ground_x_z,-12.25880004252766,25.07339555528048,1.1372276605097589,14.309443945466194,14.784155769854767,14.784155769854767,,1.1372276605097589,False,False,,,minimum_hold,0.10027980413710402,0.5
WIN_20260919_18_11_50_Pro_flip.mp4,40,1.9986009793144799,0.049965024482862,0.5,0.4114996144356958,0.5,0.5,0.26663537993093755,True,False,True,23.16645949024144,-10.459617014817404,ground_x_z,-10.459617014817404,25.07339555528048,23.16645949024144,22.90493807711047,14.784155769854767,14.784155769854767,,23.16645949024144,False,False,,,minimum_hold,0.050314779654241804,0.5
WIN_20260919_18_11_50_Pro_flip.mp4,41,2.048566003797342,0.049965024482862,0.5,0.4114996144356958,0.5,0.5,0.35,True,False,False,0.0,9.255628765000493,,,,,,,,,,,,,,brief_loss_hold,0.00034975517137958434,0.5
WIN_20260919_18_11_50_Pro_flip.mp4,42,2.098531028280204,0.049965024482862,0.5,0.4114996144356958,0.5,0.5,0.0,False,False,False,0.0,0.0,,,,,,,,,,,,,,brief_loss_hold,0.0,0.5
WIN_20260919_18_11_50_Pro_flip.mp4,43,2.148496052763066,0.049965024482862,0.5,0.4114996144356958,0.5,0.5,0.2625,True,False,False,0.0,4.337464511840507,,,,,,,,,,,,,,brief_loss_hold,0.0,0.5
WIN_20260919_18_11_50_Pro_flip.mp4,44,2.198461077245928,0.049965024482862,0.5,0.4114996144356958,0.5,0.5,0.35,True,False,False,0.0,4.643711490197555,,,,,,,,,,,,,,brief_loss_hold,0.0,0.5
WIN_20260919_18_11_50_Pro_flip.mp4,45,2.24842610172879,0.049965024482862,0.0,0.0,0.0,0.0,0.0,False,False,False,0.0,0.0,,,,,,,,,,,,,,geometry_lost,0.0,0.0
WIN_20260919_18_11_50_Pro_flip.mp4,46,2.298391126211652,0.049965024482862,0.0,0.0,0.0,0.0,0.0,False,False,False,0.0,0.0,,,,,,,,,,,,,,geometry_lost,0.0,0.0
WIN_20260919_18_11_50_Pro_flip.mp4,47,2.348356150694514,0.049965024482862,0.0,0.0,0.0,0.0,0.35,True,False,False,0.0,1.3189396297626497,,,,,,,,,,,,,,geometry_lost,0.0,0.0
WIN_20260919_18_11_50_Pro_flip.mp4,48,2.398321175177376,0.049965024482862,0.5,0.0,0.5,0.0,0.7214863807281219,True,False,True,11.844346338512139,-3.6505141212173466,ground_x_z,-3.6505141212173466,31.415532936019126,11.844346338512139,8.584580703539089,8.584580703539089,8.584580703539089,,11.844346338512139,False,False,target_bearing,8.0,new_block,0.5,0.0
WIN_20260919_18_11_50_Pro_flip.mp4,49,2.448286199660238,0.049965024482862,0.5,0.0,0.5,0.0,0.7147904049894488,True,False,True,24.57913702266916,-20.376275783493043,ground_x_z,-20.376275783493043,25.07339555528048,24.57913702266916,32.438071820999355,20.511326262269222,20.511326262269222,,24.57913702266916,False,False,,,minimum_hold,0.4500349755171378,0.0
WIN_20260919_18_11_50_Pro_flip.mp4,50,2.4982512241431,0.049965024482862,0.5,0.0,0.5,0.0,0.7945120520137463,True,False,True,25.606642325784012,-20.531601838273787,ground_x_z,-20.531601838273787,25.07339555528048,25.606642325784012,33.00612781113638,32.438071820999355,32.438071820999355,,25.606642325784012,False,False,,,minimum_hold,0.40006995103427556,0.0
WIN_20260919_18_11_50_Pro_flip.mp4,51,2.548216248625962,0.049965024482862,0.5,0.0,0.5,0.0,0.8053597158969694,True,False,True,27.655835017037784,-21.816134869683932,ground_x_z,-21.816134869683932,25.07339555528048,27.655835017037784,34.89839008916881,33.00612781113638,33.00612781113638,,27.655835017037784,False,False,,,minimum_hold,0.35010492655141334,0.0
WIN_20260919_18_11_50_Pro_flip.mp4,52,2.598181273108824,0.049965024482862,0.5,0.0,0.5,0.0,0.9445427913516894,True,False,True,23.913229822129576,-22.3996345324286,ground_x_z,-22.3996345324286,25.07339555528048,23.913229822129576,33.784479273244976,33.784479273244976,33.784479273244976,,23.913229822129576,False,False,,,minimum_hold,0.3001399020685511,0.0
WIN_20260919_18_11_50_Pro_flip.mp4,53,2.648146297591686,0.049965024482862,0.5,0.0,0.5,0.0,0.4731332839666615,True,False,True,28.027461942158755,-2.569662425153469,ground_x_z,-2.569662425153469,25.07339555528048,28.027461942158755,17.576850023702736,33.784479273244976,33.784479273244976,,28.027461942158755,False,False,,,minimum_hold,0.2501748775856889,0.0
WIN_20260919_18_11_50_Pro_flip.mp4,54,2.698111322074548,0.049965024482862,0.5,0.0,0.5,0.0,0.35,True,False,False,0.0,-5.368310310602552,,,,,,,,,,,,,,brief_loss_hold,0.20020985310282668,0.0
WIN_20260919_18_11_50_Pro_flip.mp4,55,2.74807634655741,0.049965024482862,0.5,0.0,0.5,0.0,0.0,False,False,False,0.0,0.0,,,,,,,,,,,,,,brief_loss_hold,0.15024482861996447,0.0
WIN_20260919_18_11_50_Pro_flip.mp4,56,2.798041371040272,0.049965024482862,0.5,0.0,0.5,0.0,0.7090176515558306,True,False,True,24.28076950205669,-8.026536837070559,ground_x_z,-8.026536837070559,25.07339555528048,24.28076950205669,21.07791976753891,21.07791976753891,21.07791976753891,,24.28076950205669,False,False,,,minimum_hold,0.10027980413710225,0.0
WIN_20260919_18_11_50_Pro_flip.mp4,57,2.848006395523134,0.049965024482862,0.5,0.0,0.5,0.0,0.35,True,False,False,0.0,-9.093974538553292,,,,,,,,,,,,,,brief_loss_hold,0.05031477965424003,0.0
WIN_20260919_18_11_50_Pro_flip.mp4,58,2.897971420005996,0.049965024482862,0.5,0.0,0.5,0.0,0.35,True,False,False,0.0,-16.160380732475957,,,,,,,,,,,,,,brief_loss_hold,0.000349755171377808,0.0
WIN_20260919_18_11_50_Pro_flip.mp4,59,2.947936444488858,0.049965024482862,0.5,0.0,0.5,0.0,0.35,True,False,False,0.0,-5.957856723289847,,,,,,,,,,,,,,brief_loss_hold,0.0,0.0
WIN_20260919_18_11_50_Pro_flip.mp4,60,2.99790146897172,0.049965024482862,0.5,0.0,0.5,0.0,0.35,True,False,False,0.0,-3.0226159332324896,,,,,,,,,,,,,,brief_loss_hold,0.0,0.0
WIN_20260919_18_11_50_Pro_flip.mp4,61,3.047866493454582,0.049965024482862,0.5,0.5,0.5,0.5,0.9877066460926425,True,False,True,21.500353364103162,-25.62637701083662,ground_x_z,-25.62637701083662,25.07339555528048,21.500353364103162,35.33313674300806,35.33313674300806,35.33313674300806,,21.500353364103162,False,False,right_corridor,8.0,new_block,0.5,0.5
WIN_20260919_18_11_50_Pro_flip.mp4,62,3.097831517937444,0.049965024482862,0.5,0.5,0.5,0.5,0.822039443464011,True,False,True,23.678411927596667,-25.234765106273116,ground_x_z,-25.234765106273116,25.07339555528048,23.678411927596667,35.878651801494016,35.605894272251035,35.605894272251035,,23.678411927596667,False,False,,,minimum_hold,0.4500349755171378,0.5
WIN_20260919_18_11_50_Pro_flip.mp4,63,3.147796542420306,0.049965024482862,0.5,0.5,0.5,0.5,0.836103803659234,True,False,True,0.9613284278496738,-24.812822432443088,ground_x_z,-24.812822432443088,25.07339555528048,0.9613284278496738,26.776505979215308,35.33313674300806,35.33313674300806,,0.9613284278496738,False,False,,,minimum_hold,0.40006995103427556,0.5
WIN_20260919_18_11_50_Pro_flip.mp4,64,3.197761566903168,0.049965024482862,0.5,0.5,0.5,0.5,0.8393530063136373,True,False,True,-3.453398400517119,-25.57450785186442,ground_x_z,-25.57450785186442,31.415532936019126,-3.453398400517119,26.061411783600196,26.776505979215308,26.776505979215308,,-3.453398400517119,False,False,,,minimum_hold,0.35010492655141334,0.5
WIN_20260919_18_11_50_Pro_flip.mp4,65,3.24772659138603,0.049965024482862,0.5,0.5,0.5,0.5,0.0,False,False,False,0.0,0.0,,,,,,,,,,,,,,brief_loss_hold,0.3001399020685511,0.5
WIN_20260919_18_11_50_Pro_flip.mp4,66,3.297691615868892,0.049965024482862,0.5,0.5,0.5,0.5,0.0,False,False,False,0.0,0.0,,,,,,,,,,,,,,brief_loss_hold,0.2501748775856889,0.5
WIN_20260919_18_11_50_Pro_flip.mp4,67,3.347656640351754,0.049965024482862,0.5,0.5,0.5,0.5,0.35,True,False,False,0.0,-7.932177458037032,,,,,,,,,,,,,,brief_loss_hold,0.20020985310282668,0.5
WIN_20260919_18_11_50_Pro_flip.mp4,68,3.397621664834616,0.049965024482862,0.5,0.5,0.5,0.5,0.0,False,False,False,0.0,0.0,,,,,,,,,,,,,,brief_loss_hold,0.15024482861996447,0.5
WIN_20260919_18_11_50_Pro_flip.mp4,69,3.447586689317478,0.049965024482862,0.0,0.0,0.0,0.0,0.46991990432749764,True,False,False,0.0,7.1605987591717986,,,,,,,,,,,,,,geometry_lost,0.0,0.0
WIN_20260919_18_11_50_Pro_flip.mp4,70,3.49755171380034,0.049965024482862,0.0,0.0,0.0,0.0,0.0,False,False,False,0.0,0.0,,,,,,,,,,,,,,geometry_lost,0.0,0.0
WIN_20260919_18_11_50_Pro_flip.mp4,71,3.547516738283202,0.049965024482862,0.5,0.0,0.5,-0.5,0.6690584061002285,True,False,True,-42.300112488336474,14.299798814200257,ground_x_z,14.299798814200257,24.952114050945525,-42.300112488336474,-36.56928890841503,-36.56928890841503,-36.56928890841503,,-42.300112488336474,False,False,left_corridor,8.0,new_block,0.5,-0.5
WIN_20260919_18_11_50_Pro_flip.mp4,72,3.597481762766064,0.049965024482862,0.5,0.0,0.5,-0.5,0.0,False,False,False,0.0,0.0,,,,,,,,,,,,,,brief_loss_hold,0.4500349755171378,-0.5
WIN_20260919_18_11_50_Pro_flip.mp4,73,3.647446787248926,0.049965024482862,0.5,0.0,0.5,-0.5,0.0,False,False,False,0.0,0.0,,,,,,,,,,,,,,brief_loss_hold,0.40006995103427556,-0.5
WIN_20260919_18_11_50_Pro_flip.mp4,74,3.697411811731788,0.049965024482862,0.5,0.0,0.5,-0.5,0.0,False,False,False,0.0,0.0,,,,,,,,,,,,,,brief_loss_hold,0.35010492655141334,-0.5
WIN_20260919_18_11_50_Pro_flip.mp4,75,3.74737683621465,0.049965024482862,0.5,0.0,0.5,-0.5,0.8295611032522077,True,False,True,-7.116655473964245,9.318557484566139,ground_x_z,9.318557484566139,25.07339555528048,-7.116655473964245,-13.961466450131375,-13.961466450131375,-13.961466450131375,,-7.116655473964245,False,False,,,minimum_hold,0.3001399020685511,-0.5
WIN_20260919_18_11_50_Pro_flip.mp4,76,3.797341860697512,0.049965024482862,0.5,0.0,0.5,-0.5,0.9859043182013537,True,False,True,-17.165562401271583,11.303186758662314,ground_x_z,11.303186758662314,25.07339555528048,-17.165562401271583,-20.809639811808445,-17.38555313096991,-17.38555313096991,,-17.165562401271583,False,False,,,minimum_hold,0.2501748775856889,-0.5
WIN_20260919_18_11_50_Pro_flip.mp4,77,3.847306885180374,0.049965024482862,0.5,0.0,0.5,-0.5,0.9820092920754987,True,False,True,-15.066121595231422,11.97778216194583,ground_x_z,11.97778216194583,25.07339555528048,-15.066121595231422,-20.493417412545156,-20.493417412545156,-20.493417412545156,,-15.066121595231422,False,False,,,minimum_hold,0.20020985310282668,-0.5
WIN_20260919_18_11_50_Pro_flip.mp4,78,3.897271909663236,0.049965024482862,0.5,0.0,0.5,-0.5,0.9861481594546471,True,False,True,-12.507750084108544,11.721246170020224,ground_x_z,11.721246170020224,25.07339555528048,-12.507750084108544,-19.035334305686632,-20.493417412545156,-20.493417412545156,,-12.507750084108544,False,False,,,minimum_hold,0.15024482861996447,-0.5
WIN_20260919_18_11_50_Pro_flip.mp4,79,3.947236934146098,0.049965024482862,0.5,0.0,0.5,-0.5,0.8402708691753692,True,False,True,-13.81179374105925,11.039100289035169,ground_x_z,11.039100289035169,25.07339555528048,-13.81179374105925,-18.949501221728756,-19.035334305686632,-19.035334305686632,,-13.81179374105925,False,False,,,minimum_hold,0.10027980413710225,-0.5
WIN_20260919_18_11_50_Pro_flip.mp4,80,3.9972019586289598,0.049965024482862,0.5,0.0,0.5,-0.5,0.9874300796323859,True,False,True,-23.115182514775697,10.395812753674898,ground_x_z,10.395812753674898,25.07339555528048,-23.115182514775697,-22.81718958063479,-19.035334305686632,-19.035334305686632,,-23.115182514775697,False,False,,,minimum_hold,0.05031477965424003,-0.5
WIN_20260919_18_11_50_Pro_flip.mp4,81,4.047166983111822,0.049965024482862,0.5,0.0,0.5,-0.5,0.9333053943531301,True,False,True,-30.117747925546777,11.513064383859154,ground_x_z,11.513064383859154,25.07339555528048,-30.117747925546777,-27.449917848618977,-22.81718958063479,-22.81718958063479,,-30.117747925546777,False,False,,,minimum_hold,0.000349755171377808,-0.5
WIN_20260919_18_11_50_Pro_flip.mp4,82,4.097132007594684,0.049965024482862,0.5,0.0,0.5,-0.5,0.9342080642706274,True,False,True,-27.621899586011523,11.343674819980686,ground_x_z,11.343674819980686,25.07339555528048,-27.621899586011523,-26.000456427310453,-26.000456427310453,-41.250680708863186,-30.500448563105465,-55.24000719938624,True,False,left_corridor,8.0,continue_block,0.0,-0.5
WIN_20260919_18_11_50_Pro_flip.mp4,83,4.1470970320775455,0.049965024482862,0.5,0.0,0.5,-0.5,0.9347216806674694,True,False,True,-29.081160671225092,11.803820679398866,ground_x_z,11.803820679398866,25.07339555528048,-29.081160671225092,-27.17329561606417,-27.17329561606417,-41.961879730795204,-29.577168229462075,-55.77983794467899,True,False,left_corridor,8.0,continue_block,0.0,-0.5
WIN_20260919_18_11_50_Pro_flip.mp4,84,4.197062056560408,0.049965024482862,0.5,0.0,0.5,-0.5,0.9307949824509126,True,False,True,-29.58112987718939,12.916206664661551,ground_x_z,12.916206664661551,25.07339555528048,-29.58112987718939,-28.42724350893461,-27.17329561606417,-42.83743484888119,-31.32827846563403,-55.50363398547365,True,False,left_corridor,8.0,continue_block,0.0,-0.5
WIN_20260919_18_11_50_Pro_flip.mp4,85,4.24702708104327,0.049965024482862,0.5,0.0,0.5,-0.5,0.8113002878174523,True,False,True,-28.64520484748373,15.259789348408619,ground_x_z,15.259789348408619,25.07339555528048,-28.64520484748373,-30.00706863719779,-28.42724350893461,-44.09138274175162,-31.32827846563403,-53.38486233781525,True,False,left_corridor,8.0,continue_block,0.0,-0.5
WIN_20260919_18_11_50_Pro_flip.mp4,86,4.296992105526132,0.049965024482862,0.5,0.0,0.5,-0.5,0.9657272914272065,True,False,True,-29.100609396101625,16.27081681481338,ground_x_z,16.27081681481338,25.07339555528048,-29.100609396101625,-31.085887778254907,-30.00706863719779,-41.907457112835104,-23.80077695127462,-49.8508505214663,True,False,left_corridor,8.0,continue_block,0.0,-0.5
WIN_20260919_18_11_50_Pro_flip.mp4,87,4.3469571300089935,0.049965024482862,0.5,0.0,0.5,-0.5,0.7800822057905207,True,False,True,-23.54937845054327,12.53760832900031,ground_x_z,12.53760832900031,25.07339555528048,-23.54937845054327,-25.08105819504612,-30.00706863719779,-41.784718742715235,-23.55530021103489,-40.5351142137043,True,False,left_corridor,8.0,continue_block,0.0,-0.5
WIN_20260919_18_11_50_Pro_flip.mp4,88,4.396922154491856,0.049965024482862,0.5,0.0,0.5,-0.5,0.9463115260164319,True,False,True,-26.289970236232456,12.028329217553784,ground_x_z,12.028329217553784,25.07339555528048,-26.289970236232456,-25.959038244972128,-25.959038244972128,-33.62884957397045,-15.339622657996644,-38.470471509708226,True,False,left_corridor,8.0,continue_block,0.0,-0.5
WIN_20260919_18_11_50_Pro_flip.mp4,89,4.446887178974718,0.049965024482862,0.5,0.0,0.5,-0.5,0.9371071110364272,True,False,True,-22.721580862099493,10.9933974079237,ground_x_z,10.9933974079237,25.07339555528048,-22.721580862099493,-23.20138234547781,-25.08105819504612,-28.317420084248127,-6.472723778404021,-22.283939557840522,True,False,left_corridor,8.0,continue_block,0.0,-0.5
WIN_20260919_18_11_50_Pro_flip.mp4,90,4.49685220345758,0.049965024482862,0.5,0.0,0.5,-0.4,0.9045235498373038,True,False,True,-15.075668929166515,7.052749805654811,ground_x_z,7.052749805654811,25.07339555528048,-15.075668929166515,-15.394476974673388,-23.20138234547781,-19.250519253260563,7.901726184434497,-7.030527684047442,True,True,left_corridor,8.0,new_block,0.5,-0.4
WIN_20260919_18_11_50_Pro_flip.mp4,91,4.5468172279404415,0.049965024482862,0.5,0.0,0.5,-0.4,0.7825349018669101,True,False,True,-15.197126037593303,3.9155712787248445,ground_x_z,3.9155712787248445,25.07339555528048,-15.197126037593303,-12.064461758023862,-13.729469366348624,-13.729469366348624,,-15.197126037593303,False,False,,,minimum_hold,0.4500349755171378,-0.4
WIN_20260919_18_11_50_Pro_flip.mp4,92,4.596782252423304,0.049965024482862,0.5,0.0,0.5,-0.4,0.9533449214833326,True,False,True,-16.86233452474214,0.6700676233261407,ground_x_z,0.6700676233261407,25.07339555528048,-16.86233452474214,-9.342000382808198,-12.064461758023862,-12.064461758023862,,-16.86233452474214,False,False,,,minimum_hold,0.40006995103427556,-0.4
WIN_20260919_18_11_50_Pro_flip.mp4,93,4.646747276906166,0.049965024482862,0.5,0.0,0.5,-0.4,0.9563553016760737,True,False,True,-25.035341517082287,0.6392608648190471,ground_x_z,0.6392608648190471,25.07339555528048,-25.035341517082287,-13.80029558851616,-12.064461758023862,-12.064461758023862,,-25.035341517082287,False,False,,,minimum_hold,0.35010492655141334,-0.4
WIN_20260919_18_11_50_Pro_flip.mp4,94,4.696712301389028,0.049965024482862,0.5,0.0,0.5,-0.4,0.959501164973112,True,False,True,-27.248450315623863,2.2022072930729553,ground_x_z,2.2022072930729553,25.07339555528048,-27.248450315623863,-16.74065553534436,-13.80029558851616,-13.80029558851616,,-27.248450315623863,False,False,,,minimum_hold,0.3001399020685511,-0.4
WIN_20260919_18_11_50_Pro_flip.mp4,95,4.7466773258718895,0.049965024482862,0.5,0.0,0.5,-0.4,0.9503676415745603,True,False,True,-25.221635088555423,1.2820559185324725,ground_x_z,1.2820559185324725,25.07339555528048,-25.221635088555423,-14.59903394637328,-14.59903394637328,-14.59903394637328,,-25.221635088555423,False,False,,,minimum_hold,0.2501748775856889,-0.4
WIN_20260919_18_11_50_Pro_flip.mp4,96,4.796642350354752,0.049965024482862,0.5,0.0,0.5,-0.4,0.7591243832828811,True,False,True,-27.960871937323915,3.02862636631546,ground_x_z,3.02862636631546,25.07339555528048,-27.960871937323915,-18.01505360129837,-16.74065553534436,-16.74065553534436,,-27.960871937323915,False,False,,,minimum_hold,0.20020985310282668,-0.4
WIN_20260919_18_11_50_Pro_flip.mp4,97,4.846607374837614,0.049965024482862,0.5,0.0,0.5,-0.4,0.9386882372728026,True,False,True,-32.6388945259533,7.169102808109787,ground_x_z,7.169102808109787,25.07339555528048,-32.6388945259533,-24.829209882652982,-18.01505360129837,-30.71362315958824,-25.397139116579744,-57.96551780117399,True,False,,,minimum_hold,0.15024482861996447,-0.4
WIN_20260919_18_11_50_Pro_flip.mp4,98,4.896572399320476,0.049965024482862,0.5,0.0,0.5,-0.4,0.8199518640357069,True,False,True,-29.056540884871495,10.039760832531897,ground_x_z,10.039760832531897,25.07339555528048,-29.056540884871495,-25.537516684268436,-24.829209882652982,-41.20336937244443,-32.74831897958289,-49.970678347241865,True,False,,,minimum_hold,0.10027980413710225,-0.4
WIN_20260919_18_11_50_Pro_flip.mp4,99,4.9465374238033375,0.049965024482862,0.5,0.0,0.5,-0.4,0.9645593637012433,True,False,True,-27.534673218950473,10.933685188088647,ground_x_z,10.933685188088647,25.07339555528048,-27.534673218950473,-25.57468828322268,-25.537516684268436,-43.217949825872026,-35.36086628320719,-47.34769670133794,True,False,,,minimum_hold,0.05031477965424003,-0.4
WIN_20260919_18_11_50_Pro_flip.mp4,100,4.9965024482862,0.049965024482862,0.5,0.0,0.5,-0.4,0.969887013258119,True,False,True,-28.571389976762493,10.849411557891385,ground_x_z,10.849411557891385,25.07339555528048,-28.571389976762493,-26.034301865107338,-25.57468828322268,-43.064074113200874,-34.978771659956394,-43.82826045003997,True,False,,,minimum_hold,0.000349755171377808,-0.4
WIN_20260919_18_11_50_Pro_flip.mp4,101,5.046467472769062,0.049965024482862,0.5,0.0,0.5,-0.5,0.8323104437371613,True,False,True,-34.05077427015186,12.948710570670475,ground_x_z,12.948710570670475,25.07339555528048,-34.05077427015186,-30.789932797774494,-26.034301865107338,-46.91428448177818,-41.75996523334169,-48.77630690185772,True,False,left_corridor,8.0,new_block,0.5,-0.5
WIN_20260919_18_11_50_Pro_flip.mp4,102,5.096432497251924,0.049965024482862,0.5,0.0,0.5,-0.5,0.8290858688335953,True,False,True,-33.199614235169605,14.10243624037135,ground_x_z,14.10243624037135,25.07339555528048,-33.199614235169605,-31.31106979710437,-31.050501297439432,-31.050501297439432,,-33.199614235169605,False,False,,,minimum_hold,0.4500349755171378,-0.5
WIN_20260919_18_11_50_Pro_flip.mp4,103,5.1463975217347855,0.049965024482862,0.5,0.0,0.5,-0.5,0.8417820907249495,True,False,True,-33.66789105444862,12.476448019501696,ground_x_z,12.476448019501696,25.07339555528048,-33.66789105444862,-30.18249850263281,-30.789932797774494,-30.789932797774494,,-33.66789105444862,False,False,,,minimum_hold,0.40006995103427556,-0.5
WIN_20260919_18_11_50_Pro_flip.mp4,104,5.196362546217648,0.049965024482862,0.5,0.0,0.5,-0.5,0.8326461246173331,True,False,True,-32.149155802250036,10.364467364606963,ground_x_z,10.364467364606963,25.07339555528048,-32.149155802250036,-27.50212850637343,-30.18249850263281,-30.18249850263281,,-32.149155802250036,False,False,,,minimum_hold,0.35010492655141334,-0.5
WIN_20260919_18_11_50_Pro_flip.mp4,105,5.24632757070051,0.049965024482862,0.5,0.0,0.5,-0.5,0.9746850110806773,True,False,True,-30.319816666753255,7.767611787917677,ground_x_z,7.767611787917677,25.07339555528048,-30.319816666753255,-24.079973603147543,-27.50212850637343,-27.50212850637343,,-30.319816666753255,False,False,,,minimum_hold,0.3001399020685511,-0.5
WIN_20260919_18_11_50_Pro_flip.mp4,106,5.296292595183372,0.049965024482862,0.5,0.0,0.5,-0.5,0.832501479434815,True,False,True,-33.53971504684768,7.167787683486701,ground_x_z,7.167787683486701,25.07339555528048,-33.53971504684768,-25.352722910647746,-25.352722910647746,-25.352722910647746,,-33.53971504684768,False,False,,,minimum_hold,0.2501748775856889,-0.5
WIN_20260919_18_11_50_Pro_flip.mp4,107,5.3462576196662335,0.049965024482862,0.5,0.0,0.5,-0.5,0.8294939682230662,True,False,True,-34.59934952468287,8.223485977481834,ground_x_z,8.223485977481834,25.07339555528048,-34.59934952468287,-26.947673649637114,-25.352722910647746,-25.352722910647746,,-34.59934952468287,False,False,,,minimum_hold,0.20020985310282668,-0.5
WIN_20260919_18_11_50_Pro_flip.mp4,108,5.396222644149096,0.049965024482862,0.5,0.0,0.5,-0.5,0.8347074695577359,True,False,True,-37.159759307970184,9.437685516385406,ground_x_z,9.437685516385406,25.07339555528048,-37.159759307970184,-29.53626353597122,-26.947673649637114,-22.263509187089618,9.368328925094993,-40.78273250314666,True,False,,,minimum_hold,0.15024482861996447,-0.5
WIN_20260919_18_11_50_Pro_flip.mp4,109,5.446187668631958,0.049965024482862,0.5,0.0,0.5,-0.5,0.8377151178263921,True,False,True,-42.49908074498931,10.90471446927971,ground_x_z,10.90471446927971,25.07339555528048,-42.49908074498931,-34.01541637697951,-29.53626353597122,-27.993471326056873,3.085584419828691,-49.29582428491459,True,False,,,minimum_hold,0.10027980413710225,-0.5
WIN_20260919_18_11_50_Pro_flip.mp4,110,5.49615269311482,0.049965024482862,0.5,0.0,0.5,-0.5,0.8340174704058556,True,False,True,-41.35784816206937,12.700753935659899,ground_x_z,12.700753935659899,25.07339555528048,-41.35784816206937,-34.717268788935066,-34.01541637697951,-38.050093149117565,-8.06935354427611,-51.56277902538006,True,False,,,minimum_hold,0.05031477965424003,-0.5
WIN_20260919_18_11_50_Pro_flip.mp4,111,5.5461177175976815,0.049965024482862,0.5,0.0,0.5,-0.5,0.834613956838629,True,False,True,-38.656103307809815,15.628582633688758,ground_x_z,15.628582633688758,25.07339555528048,-38.656103307809815,-35.42593387870542,-34.717268788935066,-39.292540440555236,-9.150543303240344,-47.95824954897216,True,False,,,minimum_hold,0.000349755171377808,-0.5
WIN_20260919_18_11_50_Pro_flip.mp4,112,5.596082742080544,0.049965024482862,0.5,0.0,0.5,-0.5,0.8318242896420759,True,False,True,-36.21400684640134,14.866212201411084,ground_x_z,14.866212201411084,25.07339555528048,-36.21400684640134,-33.51976507246372,-34.717268788935066,-41.27615101497987,-13.117764452089597,-44.640172721792496,True,False,left_corridor,8.0,continue_block,0.0,-0.5
WIN_20260919_18_11_50_Pro_flip.mp4,113,5.646047766563406,0.049965024482862,0.5,0.0,0.5,-0.5,0.832108544950716,True,False,True,-37.43663285196691,14.41520111107085,ground_x_z,14.41520111107085,25.07339555528048,-37.43663285196691,-33.820736592337255,-33.820736592337255,-45.28386007027059,-22.92624695586667,-44.42525797456494,True,False,left_corridor,8.0,continue_block,0.0,-0.5
WIN_20260919_18_11_50_Pro_flip.mp4,114,5.696012791046268,0.049965024482862,0.5,0.0,0.5,-0.5,0.8164200571527086,True,False,True,-34.361369150937314,16.836009161629626,ground_x_z,16.836009161629626,25.07339555528048,-34.361369150937314,-34.12073208262885,-33.820736592337255,-45.28386007027059,-22.92624695586667,-39.44598970079005,True,False,left_corridor,8.0,continue_block,0.0,-0.5
WIN_20260919_18_11_50_Pro_flip.mp4,115,5.7459778155291295,0.049965024482862,0.5,0.0,0.5,-0.5,0.8352158971677922,True,False,True,-37.6088459406849,16.574943613203637,ground_x_z,16.574943613203637,25.07339555528048,-37.6088459406849,-35.58534574264572,-34.12073208262885,-45.498271713718104,-22.75507926217851,-42.06911894704046,True,False,left_corridor,8.0,continue_block,0.0,-0.5
WIN_20260919_18_11_50_Pro_flip.mp4,116,5.795942840011992,0.049965024482862,0.5,0.0,0.5,-0.5,0.978386358283499,True,False,True,-39.86065027220543,14.914345948360667,ground_x_z,14.914345948360667,25.07339555528048,-39.86065027220543,-35.54743902028653,-35.54743902028653,-45.10942258296301,-19.123967125352966,-42.271430566746815,True,False,left_corridor,8.0,continue_block,0.0,-0.5
WIN_20260919_18_11_50_Pro_flip.mp4,117,5.845907864494854,0.049965024482862,0.5,0.0,0.5,-0.5,0.9803492036030382,True,False,True,-39.707055109636066,13.233620893395555,ground_x_z,13.233620893395555,25.07339555528048,-39.707055109636066,-34.16338261606356,-35.54743902028653,-40.69228131300696,-10.28968458544085,-40.34905652871837,True,False,left_corridor,8.0,continue_block,0.0,-0.5
WIN_20260919_18_11_50_Pro_flip.mp4,118,5.895872888977716,0.049965024482862,0.5,0.0,0.5,-0.5,0.9672913581481996,True,False,True,-43.79432486400261,12.411323971712918,ground_x_z,12.411323971712918,25.07339555528048,-43.79432486400261,-35.98740738313879,-35.54743902028653,-37.73757481908272,-4.380271597592375,-45.23449240833217,True,False,left_corridor,8.0,continue_block,0.0,-0.5
WIN_20260919_18_11_50_Pro_flip.mp4,119,5.945837913460577,0.049965024482862,0.5,0.0,0.5,-0.5,0.8003289412863779,True,False,True,-48.379301551028824,13.678785779740574,ground_x_z,13.678785779740574,25.07339555528048,-48.379301551028824,-39.85099309155166,-35.98740738313879,-38.17754318193497,-4.380271597592375,-51.42702934555956,True,False,left_corridor,8.0,continue_block,0.0,-0.5
WIN_20260919_18_11_50_Pro_flip.mp4,120,5.99580293794344,0.049965024482862,0.5,0.0,0.5,-0.5,0.30625,True,False,False,0.0,17.3597187023955,,,,,,,,,,,,,,brief_loss_hold,0.0,-0.5
WIN_20260919_18_11_50_Pro_flip.mp4,121,6.045767962426302,0.049965024482862,0.5,0.0,0.5,-0.5,0.0,False,False,False,0.0,0.0,,,,,,,,,,,,,,brief_loss_hold,0.0,-0.5
WIN_20260919_18_11_50_Pro_flip.mp4,122,6.095732986909164,0.049965024482862,0.5,0.0,0.5,-0.5,0.0,False,False,False,0.0,0.0,,,,,,,,,,,,,,brief_loss_hold,0.0,-0.5
WIN_20260919_18_11_50_Pro_flip.mp4,123,6.145698011392025,0.049965024482862,0.5,0.0,0.5,-0.4,0.7900334478896561,True,False,True,-45.06910556440819,-5.837928876820673,ground_x_z,-5.837928876820673,31.415532936019126,-45.06910556440819,-14.350111641153857,-14.350111641153857,-14.350111641153857,,-45.06910556440819,False,False,target_bearing,8.0,new_block,0.5,-0.4
WIN_20260919_18_11_50_Pro_flip.mp4,124,6.195663035874888,0.049965024482862,0.5,0.0,0.5,-0.4,0.8278229536098589,True,False,True,-41.16800960810533,-12.496330150584726,ground_x_z,-12.496330150584726,25.07339555528048,-41.16800960810533,-10.537373169698125,-12.44374240542599,-12.44374240542599,,-41.16800960810533,False,False,,,minimum_hold,0.4500349755171378,-0.4
WIN_20260919_18_11_50_Pro_flip.mp4,125,6.24562806035775,0.049965024482862,0.5,0.0,0.5,-0.4,0.8257687586993823,True,False,True,-42.82454860045853,-11.198638362737281,ground_x_z,-11.198638362737281,25.07339555528048,-42.82454860045853,-13.391125138049036,-13.391125138049036,-13.391125138049036,,-42.82454860045853,False,False,,,minimum_hold,0.40006995103427556,-0.4
WIN_20260919_18_11_50_Pro_flip.mp4,126,6.295593084840612,0.049965024482862,0.5,0.0,0.5,-0.4,0.0,False,False,False,0.0,0.0,,,,,,,,,,,,,,brief_loss_hold,0.35010492655141334,-0.4
WIN_20260919_18_11_50_Pro_flip.mp4,127,6.345558109323473,0.049965024482862,0.5,0.0,0.5,-0.4,0.8180616374380469,True,False,True,-46.72826821481566,-9.359110626511509,ground_x_z,-9.359110626511509,25.07339555528048,-46.72826821481566,-18.899685947903297,-18.899685947903297,-18.899685947903297,,-46.72826821481566,False,False,,,minimum_hold,0.3001399020685511,-0.4
WIN_20260919_18_11_50_Pro_flip.mp4,128,6.395523133806336,0.049965024482862,0.5,0.0,0.5,-0.4,0.5283528852382828,True,False,True,-56.94145947604308,1.3773484929516029,ground_x_z,1.3773484929516029,31.681338032983227,-56.94145947604308,-30.55982525830779,-24.729755603105545,-24.729755603105545,,-56.94145947604308,False,False,,,minimum_hold,0.2501748775856889,-0.4
WIN_20260919_18_11_50_Pro_flip.mp4,129,6.445488158289198,0.049965024482862,0.5,0.0,0.5,-0.4,0.7959402107163789,True,False,True,-55.60116724045494,-6.147935590093759,ground_x_z,-6.147935590093759,25.07339555528048,-55.60116724045494,-31.180684769033206,-30.55982525830779,-30.55982525830779,,-55.60116724045494,False,False,,,minimum_hold,0.20020985310282668,-0.4
WIN_20260919_18_11_50_Pro_flip.mp4,130,6.49545318277206,0.049965024482862,0.5,0.0,0.5,-0.4,0.7840834715551385,True,False,True,-57.614017443230594,-5.905901686844169,ground_x_z,-5.905901686844169,25.07339555528048,-57.614017443230594,-33.7376859637633,-31.180684769033206,-31.180684769033206,,-57.614017443230594,False,False,,,minimum_hold,0.15024482861996447,-0.4
WIN_20260919_18_11_50_Pro_flip.mp4,131,6.545418207254921,0.049965024482862,0.5,0.0,0.5,-0.4,0.7802814312021786,True,False,True,-57.31616277414878,-6.344260486411865,ground_x_z,-6.344260486411865,25.07339555528048,-57.31616277414878,-33.029521741360874,-33.029521741360874,-33.029521741360874,,-57.31616277414878,False,False,,,minimum_hold,0.10027980413710225,-0.4
WIN_20260919_18_11_50_Pro_flip.mp4,132,6.595383231737784,0.049965024482862,0.5,0.0,0.5,-0.4,0.7904511861051043,True,False,True,-56.70640596318672,-6.650280993295517,ground_x_z,-6.650280993295517,25.07339555528048,-56.70640596318672,-32.05158381263613,-33.029521741360874,-33.029521741360874,,-56.70640596318672,False,False,,,minimum_hold,0.05031477965424003,-0.4
WIN_20260919_18_11_50_Pro_flip.mp4,133,6.645348256220646,0.049965024482862,0.5,0.0,0.5,-0.4,0.79728741610226,True,False,True,-54.480582830538864,-7.47795531880662,ground_x_z,-7.47795531880662,25.07339555528048,-54.480582830538864,-28.76046050140559,-32.05158381263613,-32.05158381263613,,-54.480582830538864,False,False,,,minimum_hold,0.000349755171377808,-0.4
WIN_20260919_18_11_50_Pro_flip.mp4,134,6.695313280703508,0.049965024482862,0.5,0.0,0.5,-0.5,0.7988793706841819,True,False,True,-53.40502866315455,-7.726696490218073,ground_x_z,-7.726696490218073,25.07339555528048,-53.40502866315455,-27.332778362910627,-28.76046050140559,-32.987690174672,-8.454459346532808,-55.97980577503057,True,False,target_bearing,8.0,new_block,0.5,-0.5
WIN_20260919_18_11_50_Pro_flip.mp4,135,6.745278305186369,0.049965024482862,0.5,0.0,0.5,-0.5,0.8017907299313007,True,False,True,-52.346634621369226,-8.079380354980977,ground_x_z,-8.079380354980977,25.07339555528048,-52.346634621369226,-25.851289427609995,-26.59203389526031,-26.59203389526031,,-52.346634621369226,False,False,,,minimum_hold,0.4500349755171378,-0.5
WIN_20260919_18_11_50_Pro_flip.mp4,136,6.795243329669232,0.049965024482862,0.5,0.0,0.5,-0.5,0.80312378326385,True,False,True,-51.96070780745313,-8.282352761376579,ground_x_z,-8.282352761376579,25.07339555528048,-51.96070780745313,-25.24592782774901,-25.851289427609995,-25.851289427609995,,-51.96070780745313,False,False,,,minimum_hold,0.40006995103427556,-0.5
WIN_20260919_18_11_50_Pro_flip.mp4,137,6.845208354152094,0.049965024482862,0.5,0.0,0.5,-0.5,0.8008129124279765,True,False,True,-52.38414549531879,-8.120968834537871,ground_x_z,-8.120968834537871,25.07339555528048,-52.38414549531879,-25.853311509044104,-25.851289427609995,-25.851289427609995,,-52.38414549531879,False,False,,,minimum_hold,0.35010492655141334,-0.5
WIN_20260919_18_11_50_Pro_flip.mp4,138,6.895173378634956,0.049965024482862,0.5,0.0,0.5,-0.5,0.7997111171945133,True,False,True,-52.76130956117249,-8.09840932393824,ground_x_z,-8.09840932393824,25.07339555528048,-52.76130956117249,-26.284924889871238,-25.853311509044104,-25.853311509044104,,-52.76130956117249,False,False,,,minimum_hold,0.3001399020685511,-0.5
WIN_20260919_18_13_14_Pro_flip.mp4,0,0.0,0.04995004995004995,0.5,0.2738372932272172,0.5,0.4,0.9744698368898032,True,False,True,29.84897902464104,-7.081224671795365,ground_x_z,-7.081224671795365,25.438093068530485,29.84897902464104,22.953491729088693,22.953491729088693,22.953491729088693,,29.84897902464104,False,False,target_bearing,8.0,new_block,0.5,0.4
WIN_20260919_18_13_14_Pro_flip.mp4,1,0.04995004995004995,0.04995004995004995,0.5,0.2738372932272172,0.5,0.4,0.9743778091504796,True,False,True,30.78701772353798,-7.000129134002929,ground_x_z,-7.000129134002929,25.438093068530485,30.78701772353798,23.39757752265965,23.17553462587417,23.17553462587417,,30.78701772353798,False,False,,,minimum_hold,0.4500499500499501,0.4
WIN_20260919_18_13_14_Pro_flip.mp4,2,0.0999000999000999,0.04995004995004995,0.5,0.2738372932272172,0.5,0.4,0.9858308067230425,True,False,True,32.08901586674419,-7.21919492945805,ground_x_z,-7.21919492945805,25.438093068530485,32.08901586674419,24.342271006952753,23.39757752265965,23.39757752265965,,32.08901586674419,False,False,,,minimum_hold,0.4000999000999001,0.4
WIN_20260919_18_13_14_Pro_flip.mp4,3,0.14985014985014986,0.04995004995004995,0.5,0.2738372932272172,0.5,0.4,0.9785596439748797,True,False,True,32.37565436720493,-7.4472944397443595,ground_x_z,-7.4472944397443595,25.438093068530485,32.37565436720493,24.721455237162598,24.342271006952753,24.342271006952753,,32.37565436720493,False,False,,,minimum_hold,0.3501498501498501,0.4
WIN_20260919_18_13_14_Pro_flip.mp4,4,0.1998001998001998,0.04995004995004995,0.5,0.2738372932272172,0.5,0.4,0.9785596439748797,True,False,True,32.12991022492576,-7.464522800935035,ground_x_z,-7.464522800935035,25.438093068530485,32.12991022492576,24.598355559359184,24.598355559359184,24.598355559359184,,32.12991022492576,False,False,,,minimum_hold,0.3001998001998002,0.4
WIN_20260919_18_13_14_Pro_flip.mp4,5,0.24975024975024976,0.04995004995004995,0.5,0.2738372932272172,0.5,0.4,0.9817735595048921,True,False,True,32.039342196365844,-7.368145419426748,ground_x_z,-7.368145419426748,25.438093068530485,32.039342196365844,24.45565054207159,24.598355559359184,24.598355559359184,,32.039342196365844,False,False,,,minimum_hold,0.25024975024975027,0.4
WIN_20260919_18_13_14_Pro_flip.mp4,6,0.2997002997002997,0.04995004995004995,0.5,0.2738372932272172,0.5,0.4,0.9743796653399132,True,False,True,30.242179785981165,-7.13352847914971,ground_x_z,-7.13352847914971,25.438093068530485,30.242179785981165,23.22234889725104,24.45565054207159,24.45565054207159,,30.242179785981165,False,False,,,minimum_hold,0.20029970029970023,0.4
WIN_20260919_18_13_14_Pro_flip.mp4,7,0.34965034965034963,0.04995004995004995,0.5,0.2738372932272172,0.5,0.4,0.9993596949713883,True,False,True,30.515464548458915,-7.170329323652307,ground_x_z,-7.170329323652307,25.438093068530485,30.515464548458915,23.410034334775496,23.410034334775496,23.64469707999089,0.46932549043078925,30.61693890999835,True,False,,,minimum_hold,0.1503496503496503,0.4
WIN_20260919_18_13_14_Pro_flip.mp4,8,0.3996003996003996,0.04995004995004995,0.5,0.2738372932272172,0.5,0.4,0.9882488919955655,True,False,True,30.74446521570188,-7.1662652684482175,ground_x_z,-7.1662652684482175,25.438093068530485,30.74446521570188,23.533946035192137,23.410034334775496,23.517928878676194,0.21578908780139633,30.487519565720618,True,False,,,minimum_hold,0.10039960039960039,0.4
WIN_20260919_18_13_14_Pro_flip.mp4,9,0.44955044955044954,0.04995004995004995,0.5,0.2738372932272172,0.5,0.4,0.9883679212002596,True,False,True,30.549789996727622,-7.162301695182586,ground_x_z,-7.162301695182586,25.438093068530485,30.549789996727622,23.421426664217265,23.421426664217265,23.442208779097204,0.04156422975987554,30.096748782970717,True,False,,,minimum_hold,0.05044955044955046,0.4
WIN_20260919_18_13_14_Pro_flip.mp4,10,0.4995004995004995,0.04995004995004995,0.5,0.2738372932272172,0.5,0.4,0.9819604218295208,True,False,True,31.27111637045148,-7.178939776863608,ground_x_z,-7.178939776863608,25.438093068530485,31.27111637045148,23.841458966587876,23.533946035192137,23.183138327124105,-0.7016154161360635,30.247719625715227,True,False,,,minimum_hold,0.0004995004995005381,0.4
WIN_20260919_18_13_14_Pro_flip.mp4,11,0.5494505494505495,0.04995004995004995,0.5,0.25753954352465014,0.5,0.4,0.9770706665416311,True,False,True,30.844336806654756,-7.135274013803208,ground_x_z,-7.135274013803208,25.438093068530485,30.844336806654756,23.559976407907858,23.559976407907858,22.301581740986006,-2.5167893338437053,29.306348703174198,True,True,target_bearing,8.0,continue_block,0.0,0.4
WIN_20260919_18_13_14_Pro_flip.mp4,12,0.5994005994005994,0.04995004995004995,0.5,0.25753954352465014,0.5,0.4,0.9719639322618551,True,False,True,30.45576998160799,-7.080453145187386,ground_x_z,-7.080453145187386,25.438093068530485,30.45576998160799,23.289938495086627,23.559976407907858,22.211420913353898,-2.6971109891079217,28.53970888396958,True,True,target_bearing,8.0,continue_block,0.0,0.4
WIN_20260919_18_13_14_Pro_flip.mp4,13,0.6493506493506493,0.04995004995004995,0.5,0.25753954352465014,0.5,0.4,0.9883755686901575,True,False,True,31.2017753651632,-7.020573777151127,ground_x_z,-7.020573777151127,25.438093068530485,31.2017753651632,23.65037430311177,23.559976407907858,22.301581740986006,-2.5167893338437053,29.663787261682643,True,True,target_bearing,8.0,continue_block,0.0,0.4
WIN_20260919_18_13_14_Pro_flip.mp4,14,0.6993006993006993,0.04995004995004995,0.5,0.25753954352465014,0.5,0.4,0.9882488919955655,True,False,True,30.07326534828988,-7.14572799800168,ground_x_z,-7.14572799800168,25.438093068530485,30.07326534828988,23.14037092058382,23.289938495086627,22.28233660108815,-2.0152037879969504,29.02525985074757,True,True,target_bearing,8.0,continue_block,0.0,0.4
WIN_20260919_18_13_14_Pro_flip.mp4,15,0.7492507492507493,0.04995004995004995,0.5,0.25753954352465014,0.5,0.4,0.9881401623087911,True,False,True,30.922661174271425,-7.1624903495762755,ground_x_z,-7.1624903495762755,25.438093068530485,30.922661174271425,23.630037222956968,23.630037222956968,23.389605351899853,-0.4808637421142306,30.711306984110205,True,True,target_bearing,8.0,continue_block,0.0,0.4
WIN_20260919_18_13_14_Pro_flip.mp4,16,0.7992007992007992,0.04995004995004995,0.5,0.25753954352465014,0.5,0.4,0.9771547469698533,True,False,True,29.873130644288807,-7.138755816826462,ground_x_z,-7.138755816826462,25.438093068530485,29.873130644288807,23.0227312573134,23.14037092058382,22.940553663006238,-0.39963451515516024,29.661776454127587,True,True,target_bearing,8.0,continue_block,0.0,0.4
WIN_20260919_18_13_14_Pro_flip.mp4,17,0.8491508491508492,0.04995004995004995,0.5,0.25753954352465014,0.5,0.4,0.9770706665416311,True,False,True,30.7752489222499,-7.115628510983113,ground_x_z,-7.115628510983113,25.438093068530485,30.7752489222499,23.502378051454063,23.502378051454063,23.261946180396947,-0.4808637421142306,30.65574039941435,True,True,target_bearing,8.0,continue_block,0.0,0.4
WIN_20260919_18_13_14_Pro_flip.mp4,18,0.8991008991008991,0.04995004995004995,0.5,0.25753954352465014,0.5,0.4,0.9789181106453985,True,False,True,31.127937601109398,-7.189397314178844,ground_x_z,-7.189397314178844,25.438093068530485,31.127937601109398,23.77102131371603,23.502378051454063,23.467267438429825,-0.07022122604847332,31.0126759806273,True,True,target_bearing,8.0,continue_block,0.0,0.4
WIN_20260919_18_13_14_Pro_flip.mp4,19,0.9490509490509491,0.04995004995004995,0.5,0.25753954352465014,0.5,0.4,0.9722013078667995,True,False,True,31.005267735952142,-7.170363822926053,ground_x_z,-7.170363822926053,25.438093068530485,31.005267735952142,23.683909382516696,23.683909382516696,23.78519980579674,0.20258084656008699,30.890006115470044,True,False,target_bearing,8.0,continue_block,0.0,0.4
WIN_20260919_18_13_14_Pro_flip.mp4,20,0.999000999000999,0.04995004995004995,0.5,0.25753954352465014,0.5,0.4,0.9769189540617843,True,False,True,29.962971621850624,-7.146979044793021,ground_x_z,-7.146979044793021,25.438093068530485,29.962971621850624,23.08045001648233,23.683909382516696,23.583941340840713,-0.19993608335196753,29.667288862813027,True,True,target_bearing,8.0,continue_block,0.0,0.4
WIN_20260919_18_13_14_Pro_flip.mp4,21,1.048951048951049,0.04995004995004995,0.5,0.25753954352465014,0.5,0.4,0.9771519254451282,True,False,True,30.439335138224248,-7.163959162389133,ground_x_z,-7.163959162389133,25.438093068530485,30.439335138224248,23.36146683680249,23.36146683680249,23.417414527609704,0.11189538161443001,30.291511934588534,True,False,target_bearing,8.0,continue_block,0.0,0.4
WIN_20260919_18_13_14_Pro_flip.mp4,22,1.098901098901099,0.04995004995004995,0.5,0.28403667092006224,0.5,0.4,0.977338756851987,True,False,True,30.55606918941407,-7.160849234252252,ground_x_z,-7.160849234252252,25.438093068530485,30.55606918941407,23.423527405387144,23.36146683680249,23.441022247977575,0.15911082235017224,30.408245985778358,True,False,target_bearing,8.0,continue_block,0.0,0.4
WIN_20260919_18_13_14_Pro_flip.mp4,23,1.1488511488511488,0.04995004995004995,0.5,0.28403667092006224,0.5,0.4,0.9859513099755913,True,False,True,31.672838419781804,-7.157799581373812,ground_x_z,-7.157799581373812,25.438093068530485,31.672838419781804,24.04782573243955,23.423527405387144,23.739694565579843,0.6323343203853932,32.14437253745503,True,False,target_bearing,8.0,continue_block,0.0,0.4
WIN_20260919_18_13_14_Pro_flip.mp4,24,1.1988011988011988,0.04995004995004995,0.5,0.28403667092006224,0.5,0.4,0.9903122935726908,True,False,True,35.27463903786901,-7.069670897002069,ground_x_z,-7.069670897002069,25.07339555528048,35.27463903786901,26.29133506650537,24.04782573243955,24.725974362576704,1.3562972602743135,36.41400817731966,True,False,target_bearing,8.0,continue_block,0.0,0.4
WIN_20260919_18_13_14_Pro_flip.mp4,25,1.2487512487512489,0.04995004995004995,0.5,0.28403667092006224,0.5,0.4,0.9804469487241293,True,False,True,35.22325412639947,-7.0588860749572175,ground_x_z,-7.0588860749572175,25.07339555528048,35.22325412639947,26.25051185377948,26.25051185377948,28.87360695923281,5.246190210906661,39.52814767147964,True,False,target_bearing,8.0,continue_block,0.0,0.4
WIN_20260919_18_13_14_Pro_flip.mp4,26,1.2987012987012987,0.04995004995004995,0.5,0.28403667092006224,0.5,0.4,0.9801407554581746,True,False,True,35.24447858642542,-7.056044130575917,ground_x_z,-7.056044130575917,25.07339555528048,35.24447858642542,26.26064852000318,26.26064852000318,29.806319992293908,7.091342944581452,41.10078121759022,True,False,target_bearing,8.0,continue_block,0.0,0.4
WIN_20260919_18_13_14_Pro_flip.mp4,27,1.3486513486513487,0.04995004995004995,0.5,0.28403667092006224,0.5,0.4,0.9875595312736886,True,False,True,35.32612467155952,-7.089180212826021,ground_x_z,-7.089180212826021,25.07339555528048,35.32612467155952,26.34025919358222,26.26064852000318,29.945385486608846,7.369473933211332,41.3881961877363,True,False,target_bearing,8.0,continue_block,0.0,0.4
WIN_20260919_18_13_14_Pro_flip.mp4,28,1.3986013986013985,0.04995004995004995,0.5,0.28403667092006224,0.5,0.4,0.9814448466731649,True,False,True,35.29985053486248,-7.106546345308171,ground_x_z,-7.106546345308171,25.07339555528048,35.29985053486248,26.34044292306122,26.34025919358222,30.600194996932203,8.519871606699962,42.25038755205514,True,False,target_bearing,8.0,continue_block,0.0,0.4
WIN_20260919_18_13_14_Pro_flip.mp4,29,1.4485514485514486,0.04995004995004995,0.5,0.28403667092006224,0.5,0.4,0.9901350585360661,True,False,True,35.30477000000222,-7.063673439304871,ground_x_z,-7.063673439304871,25.07339555528048,35.30477000000222,26.30393209328801,26.34025919358222,30.600194996932203,8.519871606699962,42.25530701719488,True,False,target_bearing,8.0,continue_block,0.0,0.4
WIN_20260919_18_13_14_Pro_flip.mp4,30,1.4985014985014986,0.04995004995004995,0.5,0.28403667092006224,0.5,0.4,0.9804469487241293,True,False,True,35.04977637697501,-7.045265603097244,ground_x_z,-7.045265603097244,25.07339555528048,35.04977637697501,26.13381975148735,26.30393209328801,30.38299821764484,8.15813224871366,41.727546116881086,True,False,target_bearing,8.0,continue_block,0.0,0.4
WIN_20260919_18_13_14_Pro_flip.mp4,31,1.5484515484515484,0.04995004995004995,0.5,0.28403667092006224,0.5,0.4,0.9759923321161607,True,False,True,34.9507903534284,-7.0427240153195925,ground_x_z,-7.0427240153195925,25.07339555528048,34.9507903534284,26.07216516875376,26.13381975148735,29.2172922710424,6.166945039110095,40.07862555341674,True,False,target_bearing,8.0,continue_block,0.0,0.4
WIN_20260919_18_13_14_Pro_flip.mp4,32,1.5984015984015985,0.04995004995004995,0.5,0.28403667092006224,0.5,0.4,0.976089524043109,True,False,True,34.79356358209147,-7.01189585636008,ground_x_z,-7.01189585636008,25.07339555528048,34.79356358209147,25.949578654986993,26.07216516875376,28.18733703038708,4.2303437232666425,38.26450345706033,True,False,target_bearing,8.0,continue_block,0.0,0.4
WIN_20260919_18_13_14_Pro_flip.mp4,33,1.6483516483516485,0.04995004995004995,0.5,0.28403667092006224,0.5,0.4,0.9801381187908981,True,False,True,34.74919857291699,-7.000834893523897,ground_x_z,-7.000834893523897,25.07339555528048,34.74919857291699,25.912817061712115,25.949578654986993,25.63616570120219,-0.6268259075696007,34.28609495416692,True,True,target_bearing,8.0,continue_block,0.0,0.4
WIN_20260919_18_13_14_Pro_flip.mp4,34,1.6983016983016983,0.04995004995004995,0.5,0.28403667092006224,0.5,0.4,0.9745608004434425,True,False,True,34.582548478568135,-6.977365534992469,ground_x_z,-6.977365534992469,25.07339555528048,34.582548478568135,25.791575302066093,25.912817061712115,25.415418076355895,-0.9947979707124438,33.889765828707965,True,True,target_bearing,8.0,continue_block,0.0,0.4
WIN_20260919_18_13_14_Pro_flip.mp4,35,1.7482517482517483,0.04995004995004995,0.5,0.28403667092006224,0.5,0.4,0.9803587337275445,True,False,True,34.41809213441189,-6.985791805850068,ground_x_z,-6.985791805850068,25.07339555528048,34.41809213441189,25.70147266242693,25.791575302066093,25.16964748713962,-1.2438556298529446,33.498966758339066,True,True,target_bearing,8.0,continue_block,0.0,0.4
WIN_20260919_18_13_14_Pro_flip.mp4,36,1.7982017982017982,0.04995004995004995,0.5,0.28403667092006224,0.5,0.4,0.9903938123594993,True,False,True,34.20892143078468,-6.953960352616921,ground_x_z,-6.953960352616921,25.07339555528048,34.20892143078468,25.547554940997397,25.70147266242693,24.84536568800602,-1.71221394884182,33.07274571867871,True,True,target_bearing,8.0,continue_block,0.0,0.4
WIN_20260919_18_13_14_Pro_flip.mp4,37,1.8481518481518482,0.04995004995004995,0.5,0.28403667092006224,0.5,0.4,0.9803587337275445,True,False,True,34.39501951974457,-6.978040858130504,ground_x_z,-6.978040858130504,25.07339555528048,34.39501951974457,25.680537895725315,25.680537895725315,24.824430921304405,-1.71221394884182,33.25669423132219,True,True,target_bearing,8.0,continue_block,0.0,0.4
WIN_20260919_18_13_14_Pro_flip.mp4,38,1.8981018981018982,0.04995004995004995,0.5,0.28403667092006224,0.5,0.4,0.9744605313605595,True,False,True,34.538250242477005,-6.98255270097993,ground_x_z,-6.98255270097993,25.07339555528048,34.538250242477005,25.769991820667585,25.680537895725315,24.900515906024992,-1.5600439794006447,33.435845014662135,True,True,target_bearing,8.0,continue_block,0.0,0.4
WIN_20260919_18_13_14_Pro_flip.mp4,39,1.948051948051948,0.04995004995004995,0.5,0.28403667092006224,0.5,0.4,0.9902704559274095,True,False,True,34.60508030124376,-6.999648247368469,ground_x_z,-6.999648247368469,25.07339555528048,34.60508030124376,25.825703722209354,25.769991820667585,25.231372220625705,-1.0772392000837565,33.80719508842527,True,True,target_bearing,8.0,continue_block,0.0,0.4
WIN_20260919_18_13_14_Pro_flip.mp4,40,1.998001998001998,0.04995004995004995,0.5,0.28403667092006224,0.5,0.4,0.9805427230173236,True,False,True,34.675720886540425,-6.99686817016838,ground_x_z,-6.99686817016838,25.07339555528048,34.675720886540425,25.865262576727247,25.825703722209354,25.526093020286474,-0.5992214038457593,34.249773131616955,True,True,target_bearing,8.0,continue_block,0.0,0.4
WIN_20260919_18_13_14_Pro_flip.mp4,41,2.047952047952048,0.04995004995004995,0.5,0.28403667092006224,0.5,0.4,0.9808376388051236,True,False,True,34.76551920740718,-7.022099581363886,ground_x_z,-7.022099581363886,25.07339555528048,34.76551920740718,25.94227588779596,25.865262576727247,25.73524340648849,-0.26003834047751095,34.580062790239936,True,True,target_bearing,8.0,continue_block,0.0,0.4
WIN_20260919_18_13_14_Pro_flip.mp4,42,2.097902097902098,0.04995004995004995,0.5,0.3480124386598871,0.5,0.4,0.9817624840705678,True,False,True,34.744859140925115,-7.011916268594545,ground_x_z,-7.011916268594545,25.07339555528048,34.744859140925115,25.920497546395485,25.920497546395485,25.957357902532898,0.07372071227482614,34.76528033483097,True,False,target_bearing,8.0,continue_block,0.0,0.4
WIN_20260919_18_13_14_Pro_flip.mp4,43,2.1478521478521477,0.04995004995004995,0.5,0.3480124386598871,0.5,0.4,0.980444884837183,True,False,True,34.77695922075685,-6.989359594214429,ground_x_z,-6.989359594214429,25.07339555528048,34.77695922075685,25.918768536228534,25.920497546395485,26.135999383989198,0.43100367518742394,35.038607362996686,True,False,target_bearing,8.0,continue_block,0.0,0.4
WIN_20260919_18_13_14_Pro_flip.mp4,44,2.197802197802198,0.04995004995004995,0.5,0.3480124386598871,0.5,0.4,0.9990643049188789,True,False,True,34.636726614019985,-6.986784155552123,ground_x_z,-6.986784155552123,25.07339555528048,34.636726614019985,25.83263507009452,25.918768536228534,26.19065999832279,0.5437829241885128,35.08575905580911,True,False,target_bearing,8.0,continue_block,0.0,0.4
WIN_20260919_18_13_14_Pro_flip.mp4,45,2.247752247752248,0.04995004995004995,0.5,0.3480124386598871,0.5,0.4,0.986264594089137,True,False,True,34.461419220162696,-6.9842076395189725,ground_x_z,-6.9842076395189725,25.07339555528048,34.461419220162696,25.725777863857164,25.83263507009452,26.104526532188775,0.5437829241885128,34.910451661951825,True,False,target_bearing,8.0,continue_block,0.0,0.4
WIN_20260919_18_13_14_Pro_flip.mp4,46,2.2977022977022976,0.04995004995004995,0.5,0.3480124386598871,0.5,0.4,0.9771576968580415,True,False,True,34.45593434153385,-6.961584697636244,ground_x_z,-6.961584697636244,25.07339555528048,34.45593434153385,25.701469092608537,25.725777863857164,25.830287684984434,0.20901964225453598,34.62022575472472,True,False,target_bearing,8.0,continue_block,0.0,0.4
WIN_20260919_18_13_14_Pro_flip.mp4,47,2.347652347652348,0.04995004995004995,0.5,0.3480124386598871,0.5,0.4,0.9771576968580414,True,False,True,34.53166064076223,-6.95892387389759,ground_x_z,-6.95892387389759,25.07339555528048,34.53166064076223,25.744101526056273,25.725777863857164,25.662551905618262,-0.1264519164778022,34.43979429058472,True,True,target_bearing,8.0,continue_block,0.0,0.4
WIN_20260919_18_13_14_Pro_flip.mp4,48,2.3976023976023977,0.04995004995004995,0.5,0.3480124386598871,0.5,0.4,0.9804119608844769,True,False,True,34.59225783094461,-7.0042185149004235,ground_x_z,-7.0042185149004235,25.07339555528048,34.59225783094461,25.82230303453017,25.744101526056273,25.580280348760972,-0.32764235459060465,34.386251679481795,True,True,target_bearing,8.0,continue_block,0.0,0.4
WIN_20260919_18_13_14_Pro_flip.mp4,49,2.4475524475524475,0.04995004995004995,0.5,0.3480124386598871,0.5,0.4,0.9876691049396242,True,False,True,35.528650129107966,-7.3232950070972365,ground_x_z,-7.3232950070972365,25.07339555528048,35.528650129107966,26.67685820095557,25.82230303453017,25.658481857234868,-0.32764235459060465,35.32264397764515,True,True,target_bearing,8.0,continue_block,0.0,0.4
WIN_20260919_18_13_14_Pro_flip.mp4,50,2.4975024975024978,0.04995004995004995,0.5,0.3480124386598871,0.5,0.4,0.8362276497247416,True,False,True,26.278127490339163,-4.9155371704483475,ground_x_z,-4.9155371704483475,25.07339555528048,26.278127490339163,19.00698032386173,25.82230303453017,25.549040905192122,-0.546524258676096,25.908355307935057,True,True,target_bearing,8.0,continue_block,0.0,0.4
WIN_20260919_18_13_14_Pro_flip.mp4,51,2.5474525474525476,0.04995004995004995,0.5,0.3480124386598871,0.5,0.4,0.9807055707286759,True,False,True,17.026826253652903,0.09550007994780069,ground_x_z,0.09550007994780069,25.07339555528048,17.026826253652903,8.573449625064269,19.00698032386173,11.293390479974857,-15.427179687773746,7.586960577225003,True,True,target_bearing,8.0,continue_block,0.0,0.4
WIN_20260919_18_13_14_Pro_flip.mp4,52,2.5974025974025974,0.04995004995004995,0.5,0.3480124386598871,0.5,0.0,0.8010775608324557,True,False,True,12.420524109597888,2.1480791652209223,ground_x_z,2.1480791652209223,25.07339555528048,12.420524109597888,3.8236787476783722,8.573449625064269,-10.720322562994172,-38.58754437611688,-7.2858658016904805,True,False,target_bearing,8.0,new_block,0.5,0.0
WIN_20260919_18_13_14_Pro_flip.mp4,53,2.647352647352647,0.04995004995004995,0.5,0.0,0.5,0.0,0.9677539234836393,True,False,True,11.194708398466235,3.9790986439744023,ground_x_z,3.9790986439744023,25.07339555528048,11.194708398466235,1.093196405077873,2.4584375763781225,2.4584375763781225,,11.194708398466235,False,False,,,minimum_hold,0.4500499500499502,0.0
WIN_20260919_18_13_14_Pro_flip.mp4,54,2.6973026973026974,0.04995004995004995,0.5,0.0,0.5,0.0,0.7476464719826624,True,False,True,12.221354015027835,1.1826941615749391,ground_x_z,1.1826941615749391,25.07339555528048,12.221354015027835,4.820181419193389,3.8236787476783722,3.8236787476783722,,12.221354015027835,False,False,,,minimum_hold,0.4000999000999004,0.0
WIN_20260919_18_13_14_Pro_flip.mp4,55,2.7472527472527473,0.04995004995004995,0.5,0.0,0.5,0.0,0.9500279538420037,True,False,True,13.100195840462948,-0.365316356024252,ground_x_z,-0.365316356024252,25.07339555528048,13.100195840462948,7.030230653070685,4.820181419193389,4.820181419193389,,13.100195840462948,False,False,,,minimum_hold,0.35014985014985056,0.0
WIN_20260919_18_13_14_Pro_flip.mp4,56,2.797202797202797,0.04995004995004995,0.5,0.0,0.5,0.0,0.9820220038741284,True,False,True,13.909428706220327,-1.203923233527152,ground_x_z,-1.203923233527152,25.07339555528048,13.909428706220327,8.392856074057882,7.030230653070685,7.030230653070685,,13.909428706220327,False,False,,,minimum_hold,0.30019980019980075,0.0
WIN_20260919_18_13_14_Pro_flip.mp4,57,2.8471528471528473,0.04995004995004995,0.5,0.0,0.5,0.0,0.8287820498700822,True,False,True,11.455934192925149,-0.2526127151716174,ground_x_z,-0.2526127151716174,25.07339555528048,11.455934192925149,6.0553206386494045,7.030230653070685,7.030230653070685,,11.455934192925149,False,False,,,minimum_hold,0.25024975024975094,0.0
WIN_20260919_18_13_14_Pro_flip.mp4,58,2.897102897102897,0.04995004995004995,0.5,0.0,0.5,0.0,0.9738189694075535,True,False,True,12.056392806043828,2.2090752975089973,ground_x_z,2.2090752975089973,25.07339555528048,12.056392806043828,3.5647891005736865,6.0553206386494045,6.0553206386494045,,12.056392806043828,False,False,,,minimum_hold,0.20029970029970112,0.0
WIN_20260919_18_13_14_Pro_flip.mp4,59,2.947052947052947,0.04995004995004995,0.5,0.0,0.5,0.0,0.9687389410853542,True,False,True,8.678309789487963,4.361759287663756,ground_x_z,4.361759287663756,25.07339555528048,8.678309789487963,-0.6383741189311811,3.5647891005736865,1.9044135745029704,-3.320751052141432,5.6136594432425015,True,False,,,minimum_hold,0.1503496503496513,0.0
WIN_20260919_18_13_14_Pro_flip.mp4,60,2.997002997002997,0.04995004995004995,0.5,0.0,0.5,0.0,0.8222668199761604,True,False,True,4.7540886139213745,8.399028841018499,ground_x_z,8.399028841018499,25.07339555528048,4.7540886139213745,-7.210746253670795,-0.6383741189311811,-9.29275601221973,-17.3087637865771,-1.4681818947226501,True,False,,,minimum_hold,0.1003996003996015,0.0
WIN_20260919_18_13_14_Pro_flip.mp4,61,3.046953046953047,0.04995004995004995,0.5,0.0,0.5,0.0,0.8253655541904996,True,False,True,3.4083289963487244,11.143096129584126,ground_x_z,11.143096129584126,25.07339555528048,3.4083289963487244,-10.933215481242181,-7.210746253670795,-21.01757053660898,-27.613648565876364,-6.18429841761654,True,False,,,minimum_hold,0.05044955044955168,0.0
WIN_20260919_18_13_14_Pro_flip.mp4,62,3.096903096903097,0.04995004995004995,0.5,0.0,0.5,0.0,0.9652018456141921,True,False,True,4.25965491325177,12.62211065149484,ground_x_z,12.62211065149484,25.07339555528048,4.25965491325177,-12.150878289246553,-10.933215481242181,-26.923747075204076,-31.981063187923787,-5.483052313647792,True,False,,,minimum_hold,0.0004995004995018704,0.0
WIN_20260919_18_13_14_Pro_flip.mp4,63,3.146853146853147,0.04995004995004995,0.5,0.0,0.5,0.0,0.963506752691108,True,False,True,5.133704459958966,14.289698963080907,ground_x_z,14.289698963080907,25.07339555528048,5.133704459958966,-13.550197378503016,-12.150878289246553,-34.67823585686948,-45.05471513524586,-5.413882144539644,True,False,returning_from_left,8.0,continue_block,0.0,0.0
WIN_20260919_18_13_14_Pro_flip.mp4,64,3.196803196803197,0.04995004995004995,0.5,0.0,0.5,0.0,0.9538238673692367,True,False,True,7.575619073011021,14.173958545181378,ground_x_z,14.173958545181378,25.07339555528048,7.575619073011021,-12.253031710501745,-12.253031710501745,-38.43397556978796,-52.36188771857243,-2.9719675314875893,True,False,returning_from_left,8.0,continue_block,0.0,0.0
WIN_20260919_18_13_14_Pro_flip.mp4,65,3.2467532467532467,0.04995004995004995,0.5,0.0,0.5,0.0,0.9619647739059451,True,False,True,14.000701345383968,11.295864142862998,ground_x_z,11.295864142862998,25.07339555528048,14.000701345383968,-5.802069657022349,-12.253031710501745,-38.43397556978796,-52.36188771857243,6.075522041830802,True,False,returning_from_left,8.0,continue_block,0.0,0.0
WIN_20260919_18_13_14_Pro_flip.mp4,66,3.296703296703297,0.04995004995004995,0.5,0.0,0.5,0.0,0.9766374986599011,True,False,True,12.084742308145504,9.974725812628721,ground_x_z,9.974725812628721,25.07339555528048,12.084742308145504,-5.299440616722379,-5.802069657022349,-21.58998149792385,-31.575823681803,10.258231223672603,True,False,returning_from_left,8.0,continue_block,0.0,0.0
WIN_20260919_18_13_14_Pro_flip.mp4,67,3.346653346653347,0.04995004995004995,0.5,0.0,0.5,0.0,0.8304795305082437,True,False,True,12.617980462239725,7.489873010304862,ground_x_z,7.489873010304862,25.07339555528048,12.617980462239725,-2.187524044549017,-5.299440616722379,-13.9142060061045,-17.229530778764243,15.398341673496134,True,False,returning_from_left,8.0,continue_block,0.0,0.0
WIN_20260919_18_13_14_Pro_flip.mp4,68,3.3966033966033966,0.04995004995004995,0.5,0.0,0.5,0.0,0.828960429022333,True,False,True,16.564827019256605,4.024636304525848,ground_x_z,4.024636304525848,25.07339555528048,16.564827019256605,3.878316663584874,-2.187524044549017,0.6326465019411796,5.640341092980393,25.444350265009795,True,False,returning_from_left,8.0,continue_block,0.0,0.0
WIN_20260919_18_13_14_Pro_flip.mp4,69,3.4465534465534464,0.04995004995004995,0.5,0.0,0.5,0.0,0.8264371275103607,True,False,True,20.366394565664017,1.8205950212691357,ground_x_z,1.8205950212691357,25.07339555528048,20.366394565664017,8.455537929792586,3.878316663584874,17.75350663880107,27.75037995043239,37.09976231473795,True,False,target_bearing,8.0,continue_block,0.0,0.0
WIN_20260919_18_13_14_Pro_flip.mp4,70,3.4965034965034967,0.04995004995004995,0.5,0.0,0.5,0.0,0.9685621845231945,True,False,True,22.522580868302207,1.5013453246195325,ground_x_z,1.5013453246195325,25.07339555528048,22.522580868302207,10.020841684350962,8.455537929792586,31.761105955080133,46.61113605057509,41.336373041060526,True,False,target_bearing,8.0,continue_block,0.0,0.0
WIN_20260919_18_13_14_Pro_flip.mp4,71,3.5464535464535465,0.04995004995004995,0.5,0.0,0.5,0.4,0.9669686263055515,True,False,True,23.966823884956646,1.6964977150899752,ground_x_z,1.6964977150899752,25.07339555528048,23.966823884956646,10.629896497827177,10.020841684350962,37.76320630131493,55.484729233927936,45.88557515237513,True,False,target_bearing,8.0,new_block,0.5,0.4
WIN_20260919_18_13_14_Pro_flip.mp4,72,3.5964035964035963,0.04995004995004995,0.5,0.0,0.5,0.4,0.0,False,False,False,0.0,0.0,,,,,,,,,,,,,,brief_loss_hold,0.4500499500499502,0.4
WIN_20260919_18_13_14_Pro_flip.mp4,73,3.6463536463536466,0.04995004995004995,0.5,0.0,0.5,0.4,0.8290952866261454,True,False,True,13.122340556074306,11.750514849343979,ground_x_z,11.750514849343979,25.07339555528048,13.122340556074306,-6.774607206897773,-6.774607206897773,-6.774607206897773,,13.122340556074306,False,False,,,minimum_hold,0.4000999000999004,0.4
WIN_20260919_18_13_14_Pro_flip.mp4,74,3.6963036963036964,0.04995004995004995,0.5,0.0,0.5,0.4,0.8264939621959623,True,False,True,12.274848239323726,14.493891387433244,ground_x_z,14.493891387433244,25.07339555528048,12.274848239323726,-10.282177397536516,-8.528392302217146,-8.528392302217146,,12.274848239323726,False,False,,,minimum_hold,0.35014985014985056,0.4
WIN_20260919_18_13_14_Pro_flip.mp4,75,3.746253746253746,0.04995004995004995,0.5,0.0,0.5,0.4,0.8239994769400639,True,False,True,17.094610070965793,15.258949215679266,ground_x_z,15.258949215679266,25.07339555528048,17.094610070965793,-8.635064237757595,-8.635064237757595,-8.635064237757595,,17.094610070965793,False,False,,,minimum_hold,0.30019980019980075,0.4
WIN_20260919_18_13_14_Pro_flip.mp4,76,3.7962037962037964,0.04995004995004995,0.5,0.0,0.5,0.4,0.8305246716374096,True,False,True,20.66675504674592,14.556395710282096,ground_x_z,14.556395710282096,25.07339555528048,20.66675504674592,-5.885196825723887,-8.635064237757595,-8.635064237757595,,20.66675504674592,False,False,,,minimum_hold,0.25024975024975094,0.4
WIN_20260919_18_13_14_Pro_flip.mp4,77,3.8461538461538463,0.04995004995004995,0.5,0.0,0.5,0.4,0.8361016748485306,True,False,True,17.275760227230634,13.849109459962765,ground_x_z,13.849109459962765,25.07339555528048,17.275760227230634,-6.952215415214969,-6.952215415214969,-6.952215415214969,,17.275760227230634,False,False,,,minimum_hold,0.20029970029970112,0.4
WIN_20260919_18_13_14_Pro_flip.mp4,78,3.896103896103896,0.04995004995004995,0.5,0.0,0.5,0.4,0.5266208224210819,True,False,True,53.816539813584086,11.294739772797413,ground_x_z,11.294739772797413,25.07339555528048,53.816539813584086,24.497599823409466,-5.885196825723887,-5.885196825723887,,53.816539813584086,False,False,,,minimum_hold,0.1503496503496513,0.4
WIN_20260919_18_13_14_Pro_flip.mp4,79,3.9460539460539463,0.04995004995004995,0.5,0.0,0.5,0.4,0.8395363361112225,True,False,True,26.864133936931584,6.59798107999946,ground_x_z,6.59798107999946,25.07339555528048,26.864133936931584,6.874846134188662,6.874846134188662,6.874846134188662,,26.864133936931584,False,False,,,minimum_hold,0.1003996003996015,0.4
WIN_20260919_18_13_14_Pro_flip.mp4,80,3.996003996003996,0.04995004995004995,0.5,0.0,0.5,0.4,0.8339974246221274,True,False,True,28.85045732233253,5.339780750830736,ground_x_z,5.339780750830736,25.07339555528048,28.85045732233253,9.528094089517552,9.528094089517552,43.22734277689213,67.39849737474916,54.44488099769384,True,False,,,minimum_hold,0.05044955044955124,0.4
WIN_20260919_18_13_14_Pro_flip.mp4,81,4.045954045954046,0.04995004995004995,0.5,0.0,0.5,0.4,0.9761361054965944,True,False,True,34.07214762767454,5.413734532557282,ground_x_z,5.413734532557282,25.07339555528048,34.07214762767454,12.89308680676384,9.528094089517552,43.272588550849264,67.48898892266342,61.317766177927275,True,False,,,minimum_hold,0.0004995004995009822,0.4
WIN_20260919_18_13_14_Pro_flip.mp4,82,4.095904095904096,0.04995004995004995,0.5,0.0,0.5,0.4,0.8142483283852228,True,False,True,21.420375792065276,8.429378035536189,ground_x_z,8.429378035536189,31.415532936019126,21.420375792065276,-1.3044909373784168,9.528094089517552,34.13729622411166,49.21840426918821,44.95558198930151,True,False,target_bearing,8.0,continue_block,0.0,0.4
WIN_20260919_18_13_14_Pro_flip.mp4,83,4.145854145854146,0.04995004995004995,0.5,0.0,0.5,0.0,0.822739422779423,True,False,True,19.306738242955287,14.61635416969787,ground_x_z,14.61635416969787,25.07339555528048,19.306738242955287,-6.711574451050303,-1.3044909373784168,10.00225346725033,22.613488809257493,30.750079593323143,True,False,returning_from_left,8.0,new_block,0.5,0.0
WIN_20260919_18_13_14_Pro_flip.mp4,84,4.195804195804196,0.04995004995004995,0.5,0.0,0.5,0.0,0.8163690009019261,True,False,True,22.721458071973668,15.228760130756829,ground_x_z,15.228760130756829,31.415532936019126,22.721458071973668,-8.47083221619723,-7.591203333623767,-7.591203333623767,,22.721458071973668,False,False,,,minimum_hold,0.45004995004994974,0.0
WIN_20260919_18_13_14_Pro_flip.mp4,85,4.245754245754246,0.04995004995004995,0.5,0.0,0.5,0.0,0.8517304085857555,True,False,True,22.478356833882497,17.65041337229499,ground_x_z,17.65041337229499,31.415532936019126,22.478356833882497,-11.266621820043204,-8.47083221619723,-8.47083221619723,,22.478356833882497,False,False,,,minimum_hold,0.4000999000998995,0.0
WIN_20260919_18_13_14_Pro_flip.mp4,86,4.2957042957042955,0.04995004995004995,0.5,0.0,0.5,0.0,0.0,False,False,False,0.0,0.0,,,,,,,,,,,,,,brief_loss_hold,0.35014985014984923,0.0
WIN_20260919_18_13_14_Pro_flip.mp4,87,4.345654345654346,0.04995004995004995,0.5,0.0,0.5,0.0,0.8088178274772246,True,False,True,22.595947282947776,15.335197875200745,ground_x_z,15.335197875200745,25.07339555528048,22.595947282947776,-5.6667074281560454,-5.6667074281560454,-5.6667074281560454,,22.595947282947776,False,False,,,minimum_hold,0.30019980019979897,0.0
WIN_20260919_18_13_14_Pro_flip.mp4,88,4.395604395604396,0.04995004995004995,0.5,0.0,0.5,0.0,0.9454545132676312,True,False,True,25.671159645240152,14.197813647863626,ground_x_z,14.197813647863626,25.07339555528048,25.671159645240152,-2.5387158206143754,-4.10271162438521,-4.10271162438521,,25.671159645240152,False,False,,,minimum_hold,0.2502497502497487,0.0
WIN_20260919_18_13_14_Pro_flip.mp4,89,4.445554445554445,0.04995004995004995,0.5,0.0,0.5,0.0,0.7913612031234957,True,False,True,69.6967101527547,10.247149584114592,ground_x_z,10.247149584114592,25.07339555528048,69.6967101527547,48.80586066407743,-2.5387158206143754,-2.5387158206143754,,69.6967101527547,False,False,,,minimum_hold,0.20029970029969846,0.0
WIN_20260919_18_13_14_Pro_flip.mp4,90,4.495504495504496,0.04995004995004995,0.5,0.0,0.5,0.0,0.0,False,False,False,0.0,0.0,,,,,,,,,,,,,,brief_loss_hold,0.1503496503496482,0.0
WIN_20260919_18_13_14_Pro_flip.mp4,91,4.545454545454546,0.04995004995004995,0.5,0.19667163112262553,0.5,0.0,0.8272797068895924,True,False,True,41.694204918379306,4.137222805056401,ground_x_z,4.137222805056401,25.07339555528048,41.694204918379306,19.86686524490502,19.86686524490502,19.86686524490502,,41.694204918379306,False,False,,,minimum_hold,0.10039960039959794,0.0
WIN_20260919_18_13_14_Pro_flip.mp4,92,4.595404595404595,0.04995004995004995,0.5,0.19667163112262553,0.5,0.0,0.9688409044946598,True,False,True,52.05609620743742,2.0643606275506223,ground_x_z,2.0643606275506223,25.07339555528048,52.05609620743742,30.883394663619114,25.375129954262068,25.375129954262068,,52.05609620743742,False,False,,,minimum_hold,0.050449550449547687,0.0
WIN_20260919_18_13_14_Pro_flip.mp4,93,4.6453546453546455,0.04995004995004995,0.5,0.19667163112262553,0.5,0.0,0.4773090273147222,True,False,True,-54.29833168453862,-8.554867314293102,ground_x_z,-8.554867314293102,25.07339555528048,-54.29833168453862,-27.593406319702233,19.86686524490502,19.86686524490502,,-54.29833168453862,False,False,,,minimum_hold,0.0004995004994974295,0.0
WIN_20260919_18_13_14_Pro_flip.mp4,94,4.695304695304696,0.04995004995004995,0.5,0.19667163112262553,0.5,0.4,0.8279339262689015,True,False,True,39.36331449402343,10.508511492800352,ground_x_z,10.508511492800352,25.07339555528048,39.36331449402343,11.243495563815994,11.243495563815994,11.243495563815994,,39.36331449402343,False,False,target_bearing,8.0,new_block,0.5,0.4
WIN_20260919_18_13_14_Pro_flip.mp4,95,4.745254745254745,0.04995004995004995,0.5,0.19667163112262553,0.5,0.4,0.796991509468177,True,False,True,41.69762771912511,11.31029904976835,ground_x_z,11.31029904976835,25.07339555528048,41.69762771912511,12.294400257980072,11.768947910898033,11.768947910898033,,41.69762771912511,False,False,,,minimum_hold,0.45004995004994974,0.4
WIN_20260919_18_13_14_Pro_flip.mp4,96,4.795204795204795,0.04995004995004995,0.5,0.19667163112262553,0.5,0.4,0.8149682559300555,True,False,True,45.723954594055364,9.489123070434047,ground_x_z,9.489123070434047,25.07339555528048,45.723954594055364,17.823108758432898,12.294400257980072,12.294400257980072,,45.723954594055364,False,False,,,minimum_hold,0.4000999000998995,0.4
WIN_20260919_18_13_14_Pro_flip.mp4,97,4.845154845154846,0.04995004995004995,0.5,0.19667163112262553,0.5,0.4,0.8324531830189177,True,False,True,43.7953084812378,7.197353188531755,ground_x_z,7.197353188531755,25.07339555528048,43.7953084812378,18.471879465491323,17.823108758432898,17.823108758432898,,43.7953084812378,False,False,,,minimum_hold,0.35014985014984923,0.4
WIN_20260919_18_13_14_Pro_flip.mp4,98,4.895104895104895,0.04995004995004995,0.5,0.19667163112262553,0.5,0.4,0.8342454856779994,True,False,True,41.02449469783468,6.153301362998523,ground_x_z,6.153301362998523,25.07339555528048,41.02449469783468,17.25874608994849,17.823108758432898,17.823108758432898,,41.02449469783468,False,False,,,minimum_hold,0.30019980019979897,0.4
WIN_20260919_18_13_14_Pro_flip.mp4,99,4.945054945054945,0.04995004995004995,0.5,0.19667163112262553,0.5,0.4,0.5794731671666193,True,False,True,35.47455481925168,5.4212475702186245,ground_x_z,5.4212475702186245,25.07339555528048,35.47455481925168,13.865744827337243,17.25874608994849,17.25874608994849,,35.47455481925168,False,False,,,minimum_hold,0.2502497502497487,0.4
WIN_20260919_18_13_14_Pro_flip.mp4,100,4.9950049950049955,0.04995004995004995,0.5,0.19667163112262553,0.5,0.4,0.8347122698808221,True,False,True,40.32449405657108,2.423994419307059,ground_x_z,2.423994419307059,25.07339555528048,40.32449405657108,20.53959779344744,17.25874608994849,17.25874608994849,,40.32449405657108,False,False,,,minimum_hold,0.20029970029969846,0.4
WIN_20260919_18_13_14_Pro_flip.mp4,101,5.044955044955045,0.04995004995004995,0.5,0.19667163112262553,0.5,0.4,0.8275515982485607,True,False,True,44.20402502217843,1.304903426681991,ground_x_z,1.304903426681991,25.07339555528048,44.20402502217843,24.6443010643725,20.53959779344744,36.54753913633441,32.01588268577394,43.63130217772036,True,False,,,minimum_hold,0.1503496503496482,0.4
WIN_20260919_18_13_14_Pro_flip.mp4,102,5.094905094905095,0.04995004995004995,0.5,0.31610752660931246,0.5,0.4,0.8335294762941009,True,False,True,48.16070343743189,-0.05211163816086656,ground_x_z,-0.05211163816086656,25.07339555528048,48.16070343743189,29.155006309141314,24.6443010643725,43.67856820415288,38.06853427956077,52.28411118124543,True,False,,,minimum_hold,0.10039960039959794,0.4
WIN_20260919_18_13_14_Pro_flip.mp4,103,5.144855144855145,0.04995004995004995,0.5,0.31610752660931246,0.5,0.4,0.8267289416975715,True,False,True,50.818442115625714,0.3006619381328438,ground_x_z,0.3006619381328438,25.07339555528048,50.818442115625714,31.2011666414862,29.155006309141314,49.75875748780588,41.20750235732914,58.10355927147127,True,False,,,minimum_hold,0.050449550449547687,0.4
WIN_20260919_18_13_14_Pro_flip.mp4,104,5.194805194805195,0.04995004995004995,0.5,0.31610752660931246,0.5,0.4,0.8164387191816811,True,False,True,54.88704821762716,0.2970137032520232,ground_x_z,0.2970137032520232,25.07339555528048,54.88704821762716,35.10945774374071,31.2011666414862,52.83071080935247,43.25908833573254,65.89478113306693,True,False,,,minimum_hold,0.0004995004994974295,0.4
WIN_20260919_18_13_14_Pro_flip.mp4,105,5.244755244755245,0.04995004995004995,0.5,0.31610752660931246,0.5,0.5,0.834125790979638,True,False,True,48.03694167089683,4.5191055679668395,ground_x_z,4.5191055679668395,25.07339555528048,48.03694167089683,24.891879175780268,31.2011666414862,51.80491782015077,41.20750235732914,58.06474084237564,True,False,target_bearing,8.0,new_block,0.5,0.5
WIN_20260919_18_13_14_Pro_flip.mp4,106,5.294705294705294,0.04995004995004995,0.5,0.31610752660931246,0.5,0.5,0.8303878567389464,True,False,True,49.4130681891442,6.170422873405747,ground_x_z,6.170422873405747,25.07339555528048,49.4130681891442,24.631809496467906,24.761844336124085,24.761844336124085,,49.4130681891442,False,False,,,minimum_hold,0.45004995004994974,0.5
WIN_20260919_18_13_14_Pro_flip.mp4,107,5.344655344655345,0.04995004995004995,0.5,0.31610752660931246,0.5,0.5,0.7832451276220262,True,False,False,0.0,3.259727364132014,,,,,,,,,,,,,,brief_loss_hold,0.4000999000998995,0.5
WIN_20260919_18_13_14_Pro_flip.mp4,108,5.394605394605395,0.04995004995004995,0.5,0.31610752660931246,0.5,0.5,0.6893478380108407,True,False,True,64.80343560927534,-0.8061985442747751,ground_x_z,-0.8061985442747751,25.07339555528048,64.80343560927534,47.0892541724992,47.0892541724992,47.0892541724992,,64.80343560927534,False,False,,,minimum_hold,0.35014985014984923,0.5
WIN_20260919_18_13_14_Pro_flip.mp4,109,5.444555444555444,0.04995004995004995,0.5,0.31610752660931246,0.5,0.5,0.7823543954060627,True,False,False,0.0,-3.6681294205402244,,,,,,,,,,,,,,brief_loss_hold,0.30019980019979897,0.5
WIN_20260919_18_13_14_Pro_flip.mp4,110,5.4945054945054945,0.04995004995004995,0.5,0.31610752660931246,0.5,0.5,0.6615358915557109,True,False,True,56.080062348027475,-10.788791141093858,ground_x_z,-10.788791141093858,24.952114050945525,56.080062348027475,43.852305143543866,43.852305143543866,43.852305143543866,,56.080062348027475,False,False,,,minimum_hold,0.2502497502497487,0.5
WIN_20260919_18_13_14_Pro_flip.mp4,111,5.544455544455545,0.04995004995004995,0.5,0.31610752660931246,0.5,0.5,0.73736950508581,True,False,True,56.02693161928809,-10.41549187428851,ground_x_z,-10.41549187428851,25.07339555528048,56.02693161928809,43.47585458773699,43.66407986564043,43.66407986564043,,56.02693161928809,False,False,,,minimum_hold,0.20029970029969846,0.5
WIN_20260919_18_13_14_Pro_flip.mp4,112,5.594405594405594,0.04995004995004995,0.5,0.31610752660931246,0.5,0.5,0.0,False,False,False,0.0,0.0,,,,,,,,,,,,,,brief_loss_hold,0.1503496503496482,0.5
WIN_20260919_18_13_14_Pro_flip.mp4,113,5.644355644355644,0.04995004995004995,0.5,0.31610752660931246,0.5,0.5,0.2625,True,False,False,0.0,-20.944462229046213,,,,,,,,,,,,,,brief_loss_hold,0.10039960039959794,0.5
WIN_20260919_18_13_14_Pro_flip.mp4,114,5.694305694305695,0.04995004995004995,0.5,0.31610752660931246,0.5,0.5,0.0,False,False,False,0.0,0.0,,,,,,,,,,,,,,brief_loss_hold,0.050449550449547687,0.5
WIN_20260919_18_13_14_Pro_flip.mp4,115,5.744255744255744,0.04995004995004995,0.5,0.31610752660931246,0.5,0.5,0.0,False,False,False,0.0,0.0,,,,,,,,,,,,,,brief_loss_hold,0.0004995004994974295,0.5
WIN_20260919_18_13_14_Pro_flip.mp4,116,5.794205794205794,0.04995004995004995,0.0,0.0,0.0,0.0,0.35,True,False,False,0.0,-11.773486531737909,,,,,,,,,,,,,,geometry_lost,0.0,0.0
WIN_20260919_18_13_14_Pro_flip.mp4,117,5.8441558441558445,0.04995004995004995,0.0,0.0,0.0,0.0,0.35,True,False,False,0.0,-10.801563993791309,,,,,,,,,,,,,,geometry_lost,0.0,0.0
WIN_20260919_18_13_14_Pro_flip.mp4,118,5.894105894105894,0.04995004995004995,0.0,0.0,0.0,0.0,0.35,True,False,False,0.0,-12.116400067314892,,,,,,,,,,,,,,geometry_lost,0.0,0.0
WIN_20260919_18_13_14_Pro_flip.mp4,119,5.944055944055944,0.04995004995004995,0.0,0.0,0.0,0.0,0.35,True,False,False,0.0,-13.431336396982022,,,,,,,,,,,,,,geometry_lost,0.0,0.0
WIN_20260919_18_13_14_Pro_flip.mp4,120,5.994005994005994,0.04995004995004995,0.0,0.0,0.0,0.0,0.0,False,False,False,0.0,0.0,,,,,,,,,,,,,,geometry_lost,0.0,0.0
WIN_20260919_18_13_14_Pro_flip.mp4,121,6.043956043956044,0.04995004995004995,0.0,0.0,0.0,0.0,0.35,True,False,False,0.0,-14.631834539932097,,,,,,,,,,,,,,geometry_lost,0.0,0.0
WIN_20260919_18_13_14_Pro_flip.mp4,122,6.093906093906094,0.04995004995004995,0.0,0.0,0.0,0.0,0.35,True,False,False,0.0,-15.432300310090206,,,,,,,,,,,,,,geometry_lost,0.0,0.0
WIN_20260919_18_13_14_Pro_flip.mp4,123,6.143856143856144,0.04995004995004995,0.0,0.0,0.0,0.0,0.0,False,False,False,0.0,0.0,,,,,,,,,,,,,,geometry_lost,0.0,0.0
WIN_20260919_18_13_14_Pro_flip.mp4,124,6.193806193806194,0.04995004995004995,0.0,0.0,0.0,0.0,0.0,False,False,False,0.0,0.0,,,,,,,,,,,,,,geometry_lost,0.0,0.0
WIN_20260919_18_13_14_Pro_flip.mp4,125,6.243756243756244,0.04995004995004995,0.0,0.0,0.0,0.0,0.0,False,False,False,0.0,0.0,,,,,,,,,,,,,,geometry_lost,0.0,0.0
WIN_20260919_18_13_14_Pro_flip.mp4,126,6.293706293706294,0.04995004995004995,0.0,0.0,0.0,0.0,0.0,False,False,False,0.0,0.0,,,,,,,,,,,,,,geometry_lost,0.0,0.0
WIN_20260919_18_13_14_Pro_flip.mp4,127,6.343656343656344,0.04995004995004995,0.0,0.0,0.0,0.0,0.35,True,False,False,0.0,-16.51846052246677,,,,,,,,,,,,,,geometry_lost,0.0,0.0
WIN_20260919_18_13_14_Pro_flip.mp4,128,6.393606393606394,0.04995004995004995,0.0,0.0,0.0,0.0,0.30625,True,False,False,0.0,-18.993215078203686,,,,,,,,,,,,,,geometry_lost,0.0,0.0
WIN_20260919_18_13_14_Pro_flip.mp4,129,6.443556443556444,0.04995004995004995,0.0,0.0,0.0,0.0,0.0,False,False,False,0.0,0.0,,,,,,,,,,,,,,geometry_lost,0.0,0.0
WIN_20260919_18_13_14_Pro_flip.mp4,130,6.4935064935064934,0.04995004995004995,0.0,0.0,0.0,0.0,0.0,False,False,False,0.0,0.0,,,,,,,,,,,,,,geometry_lost,0.0,0.0
WIN_20260919_18_13_14_Pro_flip.mp4,131,6.543456543456544,0.04995004995004995,0.0,0.0,0.0,0.0,0.0,False,False,False,0.0,0.0,,,,,,,,,,,,,,geometry_lost,0.0,0.0
WIN_20260919_18_13_14_Pro_flip.mp4,132,6.593406593406594,0.04995004995004995,0.0,0.0,0.0,0.0,0.0,False,False,False,0.0,0.0,,,,,,,,,,,,,,geometry_lost,0.0,0.0
WIN_20260919_18_13_14_Pro_flip.mp4,133,6.643356643356643,0.04995004995004995,0.0,0.0,0.0,0.0,0.0,False,False,False,0.0,0.0,,,,,,,,,,,,,,geometry_lost,0.0,0.0
WIN_20260919_18_13_14_Pro_flip.mp4,134,6.693306693306694,0.04995004995004995,0.5,0.26011220692389747,0.5,0.4,0.5996017805088047,True,False,True,53.295001497061506,4.315341197023572,ground_x_z,4.315341197023572,31.415532936019126,53.295001497061506,22.4044882769559,22.4044882769559,22.4044882769559,,53.295001497061506,False,False,target_bearing,8.0,new_block,0.5,0.4
WIN_20260919_18_13_14_Pro_flip.mp4,135,6.743256743256743,0.04995004995004995,0.5,0.26011220692389747,0.5,0.4,0.37142169833036903,True,False,True,-2.2478376284444987,12.5647478610646,ground_x_z,12.5647478610646,25.07339555528048,-2.2478376284444987,-15.155677941857617,3.624405167549141,3.624405167549141,,-2.2478376284444987,False,False,,,minimum_hold,0.45004995004994974,0.4
WIN_20260919_18_13_14_Pro_flip.mp4,136,6.793206793206793,0.04995004995004995,0.5,0.26011220692389747,0.5,0.4,0.2096733227674187,True,False,True,-46.46742756225332,14.067162257253969,ground_x_z,14.067162257253969,25.07339555528048,-46.46742756225332,-38.871894212176144,-15.155677941857617,-15.155677941857617,,-46.46742756225332,False,False,,,minimum_hold,0.4000999000998995,0.4
WIN_20260919_18_13_14_Pro_flip.mp4,137,6.8431568431568435,0.04995004995004995,0.5,0.26011220692389747,0.5,0.4,0.0,False,False,False,0.0,0.0,,,,,,,,,,,,,,brief_loss_hold,0.35014985014984923,0.4
WIN_20260919_18_13_14_Pro_flip.mp4,138,6.893106893106893,0.04995004995004995,0.5,0.26011220692389747,0.5,0.4,0.35,True,False,False,0.0,4.343195543870863,,,,,,,,,,,,,,brief_loss_hold,0.30019980019979897,0.4
WIN_20260919_18_13_14_Pro_flip.mp4,139,6.943056943056943,0.04995004995004995,0.5,0.26011220692389747,0.5,0.4,0.0,False,False,False,0.0,0.0,,,,,,,,,,,,,,brief_loss_hold,0.2502497502497487,0.4
WIN_20260919_18_13_14_Pro_flip.mp4,140,6.993006993006993,0.04995004995004995,0.5,0.26011220692389747,0.5,0.4,0.35,True,False,False,0.0,11.007422891143534,,,,,,,,,,,,,,brief_loss_hold,0.20029970029969846,0.4
WIN_20260919_18_13_14_Pro_flip.mp4,141,7.042957042957043,0.04995004995004995,0.0,0.0,0.0,0.0,0.35,True,False,False,0.0,14.244533974890956,,,,,,,,,,,,,,geometry_lost,0.0,0.0
WIN_20260919_18_13_14_Pro_flip.mp4,142,7.092907092907093,0.04995004995004995,0.5,0.0,0.5,0.0,0.5453660664585708,True,False,True,27.62197251673505,13.921525054657266,ground_x_z,13.921525054657266,25.07339555528048,27.62197251673505,-1.0060528450763764,-1.0060528450763764,-1.0060528450763764,,27.62197251673505,False,False,returning_from_left,8.0,new_block,0.5,0.0
WIN_20260919_18_13_14_Pro_flip.mp4,143,7.142857142857143,0.04995004995004995,0.5,0.0,0.5,0.0,0.30625,True,False,False,0.0,13.425019793822537,,,,,,,,,,,,,,brief_loss_hold,0.45004995004994974,0.0
WIN_20260919_18_13_14_Pro_flip.mp4,144,7.192807192807193,0.04995004995004995,0.5,0.0,0.5,0.0,0.35,True,False,False,0.0,13.878492967207016,,,,,,,,,,,,,,brief_loss_hold,0.4000999000998995,0.0
WIN_20260919_18_13_14_Pro_flip.mp4,145,7.242757242757243,0.04995004995004995,0.5,0.0,0.5,0.0,0.7272075156028383,True,False,True,37.899156653491644,12.088279638442469,ground_x_z,12.088279638442469,25.07339555528048,37.899156653491644,8.32440511061928,8.32440511061928,8.32440511061928,,37.899156653491644,False,False,,,minimum_hold,0.35014985014984923,0.0
WIN_20260919_18_13_14_Pro_flip.mp4,146,7.292707292707293,0.04995004995004995,0.5,0.0,0.5,0.0,0.35,True,False,False,0.0,10.529822438353689,,,,,,,,,,,,,,brief_loss_hold,0.30019980019979897,0.0
WIN_20260919_18_13_14_Pro_flip.mp4,147,7.3426573426573425,0.04995004995004995,0.5,0.0,0.5,0.0,0.35,True,False,False,0.0,-1.2513881894818264,,,,,,,,,,,,,,brief_loss_hold,0.2502497502497487,0.0
WIN_20260919_18_13_14_Pro_flip.mp4,148,7.392607392607393,0.04995004995004995,0.5,0.0,0.5,0.0,0.35,True,False,False,0.0,5.442633523742664,,,,,,,,,,,,,,brief_loss_hold,0.20029970029969846,0.0
WIN_20260919_18_13_14_Pro_flip.mp4,149,7.442557442557443,0.04995004995004995,0.5,0.0,0.5,0.0,0.35,True,False,False,0.0,2.277333209405465,,,,,,,,,,,,,,brief_loss_hold,0.1503496503496482,0.0
WIN_20260919_18_13_14_Pro_flip.mp4,150,7.492507492507492,0.04995004995004995,0.0,0.0,0.0,0.0,0.0,False,False,False,0.0,0.0,,,,,,,,,,,,,,geometry_lost,0.0,0.0
WIN_20260919_18_13_14_Pro_flip.mp4,151,7.542457542457543,0.04995004995004995,0.0,0.0,0.0,0.0,0.35,True,False,False,0.0,8.268794518686594,,,,,,,,,,,,,,geometry_lost,0.0,0.0
WIN_20260919_18_13_14_Pro_flip.mp4,152,7.592407592407593,0.04995004995004995,0.0,0.0,0.0,0.0,0.35,True,False,False,0.0,8.94717228118509,,,,,,,,,,,,,,geometry_lost,0.0,0.0
WIN_20260919_18_13_14_Pro_flip.mp4,153,7.642357642357642,0.04995004995004995,0.0,0.0,0.0,0.0,0.35,True,False,False,0.0,10.247156777003319,,,,,,,,,,,,,,geometry_lost,0.0,0.0
WIN_20260919_18_13_14_Pro_flip.mp4,154,7.6923076923076925,0.04995004995004995,0.0,0.0,0.0,0.0,0.35,True,False,False,0.0,10.020964773695852,,,,,,,,,,,,,,geometry_lost,0.0,0.0
WIN_20260919_18_13_14_Pro_flip.mp4,155,7.742257742257743,0.04995004995004995,0.0,0.0,0.0,0.0,0.35,True,False,False,0.0,10.021063897407807,,,,,,,,,,,,,,geometry_lost,0.0,0.0
WIN_20260919_18_13_14_Pro_flip.mp4,156,7.792207792207792,0.04995004995004995,0.0,0.0,0.0,0.0,0.35,True,False,False,0.0,8.268794518686594,,,,,,,,,,,,,,geometry_lost,0.0,0.0
WIN_20260919_18_13_14_Pro_flip.mp4,157,7.842157842157842,0.04995004995004995,0.0,0.0,0.0,0.0,0.35,True,False,False,0.0,6.516624263677334,,,,,,,,,,,,,,geometry_lost,0.0,0.0
WIN_20260919_18_13_14_Pro_flip.mp4,158,7.892107892107893,0.04995004995004995,0.0,0.0,0.0,0.0,0.0,False,False,False,0.0,0.0,,,,,,,,,,,,,,geometry_lost,0.0,0.0
WIN_20260919_18_13_14_Pro_flip.mp4,159,7.942057942057942,0.04995004995004995,0.0,0.0,0.0,0.0,0.46839669773141096,True,False,False,0.0,0.8650485446108215,,,,,,,,,,,,,,geometry_lost,0.0,0.0
WIN_20260919_18_13_14_Pro_flip.mp4,160,7.992007992007992,0.04995004995004995,0.0,0.0,0.0,0.0,0.4867664398577161,True,False,False,0.0,0.6469020597175982,,,,,,,,,,,,,,geometry_lost,0.0,0.0
WIN_20260919_18_13_14_Pro_flip.mp4,161,8.041958041958042,0.04995004995004995,0.0,0.0,0.0,0.0,0.30625,True,False,False,0.0,10.049859000476204,,,,,,,,,,,,,,geometry_lost,0.0,0.0
WIN_20260919_18_13_14_Pro_flip.mp4,162,8.091908091908092,0.04995004995004995,0.5,0.0,0.5,0.0,0.35,True,False,True,9.72726631594062,10.676615219365015,ground_x_z,10.676615219365015,25.07339555528048,9.72726631594062,-7.2982808404589345,-7.2982808404589345,-7.2982808404589345,,9.72726631594062,False,False,returning_from_left,8.0,new_block,0.5,0.0
WIN_20260919_18_13_14_Pro_flip.mp4,163,8.141858141858142,0.04995004995004995,0.5,0.0,0.5,0.0,0.35,True,False,True,-11.925347835932927,10.8452597907646,ground_x_z,10.8452597907646,25.07339555528048,-11.925347835932927,-17.858564401898906,-12.57842262117892,-12.57842262117892,,-11.925347835932927,False,False,,,minimum_hold,0.45004995004994974,0.0
WIN_20260919_18_13_14_Pro_flip.mp4,164,8.191808191808192,0.04995004995004995,0.5,0.0,0.5,0.0,0.35,True,False,False,0.0,10.676615219365015,,,,,,,,,,,,,,brief_loss_hold,0.4000999000998995,0.0
WIN_20260919_18_13_14_Pro_flip.mp4,165,8.241758241758243,0.04995004995004995,0.5,0.0,0.5,0.0,0.35,True,False,True,25.67963857873832,10.50797064796543,ground_x_z,10.50797064796543,25.07339555528048,25.67963857873832,1.6925814818270248,1.6925814818270248,1.6925814818270248,,25.67963857873832,False,False,,,minimum_hold,0.35014985014984923,0.0
WIN_20260919_18_13_14_Pro_flip.mp4,166,8.291708291708291,0.04995004995004995,0.5,0.0,0.5,0.0,0.35,True,False,False,0.0,10.395672339214403,,,,,,,,,,,,,,brief_loss_hold,0.30019980019979897,0.0
WIN_20260919_18_13_14_Pro_flip.mp4,167,8.341658341658341,0.04995004995004995,0.5,0.0,0.5,0.0,0.35,True,False,False,0.0,10.620466064989502,,,,,,,,,,,,,,brief_loss_hold,0.2502497502497487,0.0
WIN_20260919_18_13_14_Pro_flip.mp4,168,8.391608391608392,0.04995004995004995,0.5,0.0,0.5,0.0,0.35,True,False,False,0.0,10.8452597907646,,,,,,,,,,,,,,brief_loss_hold,0.20029970029969846,0.0
WIN_20260919_18_13_14_Pro_flip.mp4,169,8.441558441558442,0.04995004995004995,0.5,0.0,0.5,0.0,0.35,True,False,False,0.0,11.070053516539698,,,,,,,,,,,,,,brief_loss_hold,0.1503496503496482,0.0
WIN_20260919_18_13_14_Pro_flip.mp4,170,8.491508491508492,0.04995004995004995,0.0,0.0,0.0,0.0,0.35,True,False,False,0.0,11.182450379427246,,,,,,,,,,,,,,geometry_lost,0.0,0.0
WIN_20260919_18_13_14_Pro_flip.mp4,171,8.541458541458542,0.04995004995004995,0.0,0.0,0.0,0.0,0.35,True,False,False,0.0,11.294847242314795,,,,,,,,,,,,,,geometry_lost,0.0,0.0
WIN_20260919_18_13_14_Pro_flip.mp4,172,8.591408591408591,0.04995004995004995,0.0,0.0,0.0,0.0,0.35,True,False,False,0.0,11.294847242314795,,,,,,,,,,,,,,geometry_lost,0.0,0.0
WIN_20260919_18_13_53_Pro_flip.mp4,0,0.0,0.04993009786299182,0.5,0.14724144188319038,0.5,0.4,0.9788362170691416,True,False,True,23.605707814352222,-5.405846301050706,ground_x_z,-5.405846301050706,25.438093068530485,23.605707814352222,17.889657675327616,17.889657675327616,17.889657675327616,,23.605707814352222,False,False,target_bearing,8.0,new_block,0.5,0.4
WIN_20260919_18_13_53_Pro_flip.mp4,1,0.04993009786299182,0.04993009786299182,0.5,0.14724144188319038,0.5,0.4,0.9788362170691416,True,False,True,23.610631045859265,-5.407119839159993,ground_x_z,-5.407119839159993,25.438093068530485,23.610631045859265,17.89358789702987,17.891622786178743,17.891622786178743,,23.610631045859265,False,False,,,minimum_hold,0.4500699021370082,0.4
WIN_20260919_18_13_53_Pro_flip.mp4,2,0.09986019572598363,0.04993009786299182,0.5,0.14724144188319038,0.5,0.4,0.9788362170691416,True,False,True,23.615455453956947,-5.408367906507095,ground_x_z,-5.408367906507095,25.438093068530485,23.615455453956947,17.897439345406664,17.89358789702987,17.89358789702987,,23.615455453956947,False,False,,,minimum_hold,0.4001398042740164,0.4
WIN_20260919_18_13_53_Pro_flip.mp4,3,0.14979029358897544,0.04993009786299182,0.5,0.14724144188319038,0.5,0.4,0.977302579334145,True,False,True,22.428806862778973,-5.486965232615694,ground_x_z,-5.486965232615694,25.438093068530485,22.428806862778973,17.354131897864946,17.89358789702987,17.89358789702987,,22.428806862778973,False,False,,,minimum_hold,0.35020970641102456,0.4
WIN_20260919_18_13_53_Pro_flip.mp4,4,0.19972039145196727,0.04993009786299182,0.5,0.14724144188319038,0.5,0.4,0.9998282546384984,True,False,True,24.319559257118243,-6.778156401994237,ground_x_z,-6.778156401994237,25.438093068530485,24.319559257118243,19.675402513258355,17.897439345406664,17.897439345406664,,24.319559257118243,False,False,,,minimum_hold,0.3002796085480327,0.4
WIN_20260919_18_13_53_Pro_flip.mp4,5,0.24965048931495906,0.04993009786299182,0.5,0.14724144188319038,0.5,0.4,0.8269068310330915,True,False,False,0.0,-5.320411563982747,,,,,,,,,,,,,,brief_loss_hold,0.25034951068504097,0.4
WIN_20260919_18_13_53_Pro_flip.mp4,6,0.2995805871779509,0.04993009786299182,0.5,0.14724144188319038,0.5,0.4,0.836828889837798,True,False,False,0.0,-0.10930561391913189,,,,,,,,,,,,,,brief_loss_hold,0.20041941282204911,0.4
WIN_20260919_18_13_53_Pro_flip.mp4,7,0.3495106850409427,0.04993009786299182,0.5,0.14724144188319038,0.5,0.4,0.9885752979223204,True,False,True,5.29946792256283,5.157422556341888,ground_x_z,5.157422556341888,25.438093068530485,5.29946792256283,-3.2955817382337864,-3.2955817382337864,-3.2955817382337864,,5.29946792256283,False,False,,,minimum_hold,0.15048931495905732,0.4
WIN_20260919_18_13_53_Pro_flip.mp4,8,0.39944078290393453,0.04993009786299182,0.5,0.14724144188319038,0.5,0.4,0.9586394772842801,True,False,True,0.9904552443312661,9.040803353907663,ground_x_z,9.040803353907663,25.438093068530485,0.9904552443312661,-9.777373556436846,-6.536477647335316,-6.536477647335316,,0.9904552443312661,False,False,,,minimum_hold,0.10055921709606552,0.4
WIN_20260919_18_13_53_Pro_flip.mp4,9,0.44937088076692633,0.04993009786299182,0.5,0.14724144188319038,0.5,0.4,0.7755829215563361,True,False,False,0.0,7.286089660718901,,,,,,,,,,,,,,brief_loss_hold,0.05062911923307373,0.4
WIN_20260919_18_13_53_Pro_flip.mp4,10,0.4993009786299181,0.04993009786299182,0.5,0.14724144188319038,0.5,0.4,0.9507994729238807,True,False,True,4.018604232233463,4.159097541906611,ground_x_z,4.159097541906611,25.438093068530485,4.018604232233463,-2.7864407636874673,-2.7864407636874673,-2.7864407636874673,,4.018604232233463,False,False,,,minimum_hold,0.0006990213700818759,0.4
WIN_20260919_18_13_53_Pro_flip.mp4,11,0.5492310764929099,0.04993009786299182,0.5,0.0,0.5,0.0,0.9787696205728311,True,False,True,5.731857785889684,2.978313674553864,ground_x_z,2.978313674553864,25.438093068530485,5.731857785889684,-0.5877373901318238,-1.6870890769096456,-1.6870890769096456,,5.731857785889684,False,False,returning_from_left,8.0,new_block,0.5,0.0
WIN_20260919_18_13_53_Pro_flip.mp4,12,0.5991611743559018,0.04993009786299182,0.5,0.0,0.5,0.0,0.9672240859877711,True,False,True,4.626576094972739,3.2644480137209313,ground_x_z,3.2644480137209313,25.438093068530485,4.626576094972739,-1.462760696423272,-1.0252490432775478,-1.0252490432775478,,4.626576094972739,False,False,,,minimum_hold,0.45006990213700815,0.0
WIN_20260919_18_13_53_Pro_flip.mp4,13,0.6490912722188936,0.04993009786299182,0.5,0.0,0.5,0.0,0.8405353271203183,True,False,False,0.0,5.297742027483476,,,,,,,,,,,,,,brief_loss_hold,0.4001398042740163,0.0
WIN_20260919_18_13_53_Pro_flip.mp4,14,0.6990213700818854,0.04993009786299182,0.5,0.0,0.5,0.0,0.9775294403261763,True,False,True,4.260948534808205,7.558701471413435,ground_x_z,7.558701471413435,25.438093068530485,4.260948534808205,-6.5361250684707715,-6.5361250684707715,-6.5361250684707715,,4.260948534808205,False,False,,,minimum_hold,0.35020970641102445,0.0
WIN_20260919_18_13_53_Pro_flip.mp4,15,0.7489514679448772,0.04993009786299182,0.5,0.0,0.5,0.0,0.8253597030080094,True,False,False,0.0,10.073464002411209,,,,,,,,,,,,,,brief_loss_hold,0.3002796085480326,0.0
WIN_20260919_18_13_53_Pro_flip.mp4,16,0.7988815658078691,0.04993009786299182,0.5,0.0,0.5,0.0,0.8220990624422683,True,False,False,0.0,12.884488785816163,,,,,,,,,,,,,,brief_loss_hold,0.25034951068504074,0.0
WIN_20260919_18_13_53_Pro_flip.mp4,17,0.8488116636708608,0.04993009786299182,0.5,0.0,0.5,0.0,0.8326869495540461,True,False,False,0.0,15.021328899095172,,,,,,,,,,,,,,brief_loss_hold,0.2004194128220489,0.0
WIN_20260919_18_13_53_Pro_flip.mp4,18,0.8987417615338527,0.04993009786299182,0.5,0.0,0.5,0.0,0.35,True,False,False,0.0,13.898116201152268,,,,,,,,,,,,,,brief_loss_hold,0.15048931495905704,0.0
WIN_20260919_18_13_53_Pro_flip.mp4,19,0.9486718593968445,0.04993009786299182,0.0,0.0,0.0,0.0,0.35,True,False,False,0.0,14.702139452458598,,,,,,,,,,,,,,geometry_lost,0.0,0.0
WIN_20260919_18_13_53_Pro_flip.mp4,20,0.9986019572598362,0.04993009786299182,0.0,0.0,0.0,0.0,0.0,False,False,False,0.0,0.0,,,,,,,,,,,,,,geometry_lost,0.0,0.0
WIN_20260919_18_13_53_Pro_flip.mp4,21,1.048532055122828,0.04993009786299182,0.5,0.0,0.5,0.0,0.988649970047544,True,False,True,4.798303731129965,16.492666123965517,ground_x_z,16.492666123965517,25.438093068530485,4.798303731129965,-16.09906811066738,-16.09906811066738,-16.09906811066738,,4.798303731129965,False,False,returning_from_left,8.0,new_block,0.5,0.0
WIN_20260919_18_13_53_Pro_flip.mp4,22,1.0984621529858198,0.04993009786299182,0.5,0.0,0.5,0.0,0.8257122211896064,True,False,False,0.0,13.739803859539139,,,,,,,,,,,,,,brief_loss_hold,0.45006990213700826,0.0
WIN_20260919_18_13_53_Pro_flip.mp4,23,1.1483922508488118,0.04993009786299182,0.5,0.0,0.5,0.0,0.8456180143277637,True,False,False,0.0,9.58133992745234,,,,,,,,,,,,,,brief_loss_hold,0.4001398042740165,0.0
WIN_20260919_18_13_53_Pro_flip.mp4,24,1.1983223487118035,0.04993009786299182,0.5,0.0,0.5,0.0,0.9650646684073123,True,False,True,17.81768527683451,6.397751460159041,ground_x_z,6.397751460159041,25.07339555528048,17.81768527683451,1.8486295623791202,1.8486295623791202,1.8486295623791202,,17.81768527683451,False,False,,,minimum_hold,0.3502097064110248,0.0
WIN_20260919_18_13_53_Pro_flip.mp4,25,1.2482524465747953,0.04993009786299182,0.5,0.0,0.5,0.0,0.9658148404418612,True,False,True,20.652399410717006,4.833283208360016,ground_x_z,4.833283208360016,25.07339555528048,20.652399410717006,5.213275313240728,3.530952437809924,3.530952437809924,,20.652399410717006,False,False,,,minimum_hold,0.30027960854803304,0.0
WIN_20260919_18_13_53_Pro_flip.mp4,26,1.2981825444377872,0.04993009786299182,0.5,0.0,0.5,0.0,0.8332462678224453,True,False,True,24.588732847121157,3.987532907608065,ground_x_z,3.987532907608065,25.07339555528048,24.588732847121157,8.439775572581866,5.213275313240728,5.213275313240728,,24.588732847121157,False,False,,,minimum_hold,0.2503495106850413,0.0
WIN_20260919_18_13_53_Pro_flip.mp4,27,1.348112642300779,0.04993009786299182,0.5,0.0,0.5,0.0,0.7503203946944363,True,False,True,4.340878268913649,6.336039428103621,ground_x_z,6.336039428103621,25.07339555528048,4.340878268913649,-5.0790036128962015,5.213275313240728,5.213275313240728,,4.340878268913649,False,False,,,minimum_hold,0.20041941282204956,0.0
WIN_20260919_18_13_53_Pro_flip.mp4,28,1.3980427401637707,0.04993009786299182,0.5,0.0,0.5,0.0,0.8167128076109961,True,False,True,15.797785711056012,10.547541879057706,ground_x_z,10.547541879057706,25.07339555528048,15.797785711056012,-3.9985445300450766,-3.9985445300450766,-3.9985445300450766,,15.797785711056012,False,False,,,minimum_hold,0.15048931495905782,0.0
WIN_20260919_18_13_53_Pro_flip.mp4,29,1.4479728380267627,0.04993009786299182,0.5,0.0,0.5,0.0,0.8195690572785727,True,False,True,14.019033791856016,13.565680782954166,ground_x_z,13.565680782954166,25.07339555528048,14.019033791856016,-8.353595652524872,-5.0790036128962015,-5.0790036128962015,,14.019033791856016,False,False,,,minimum_hold,0.10055921709606608,0.0
WIN_20260919_18_13_53_Pro_flip.mp4,30,1.4979029358897544,0.04993009786299182,0.5,0.0,0.5,0.0,0.8249921264182986,True,False,True,20.03536528848668,15.07550665653812,ground_x_z,15.07550665653812,25.07339555528048,20.03536528848668,-6.826434465472712,-6.826434465472712,-6.826434465472712,,20.03536528848668,False,False,,,minimum_hold,0.05062911923307434,0.0
WIN_20260919_18_13_53_Pro_flip.mp4,31,1.5478330337527462,0.04993009786299182,0.5,0.0,0.5,0.0,0.7104314741978547,True,False,True,27.669644878615472,13.931453863581943,ground_x_z,13.931453863581943,25.194677059615437,27.669644878615472,-1.059997254374132,-6.826434465472712,-23.578847905628823,-33.50482688031222,32.60552415667762,True,False,,,minimum_hold,0.0006990213700825976,0.0
WIN_20260919_18_13_53_Pro_flip.mp4,32,1.5977631316157381,0.04993009786299182,0.5,0.0,0.5,0.0,0.8269444546925013,True,False,True,24.545144513120295,11.807187158859634,ground_x_z,11.807187158859634,25.07339555528048,24.545144513120295,-0.4855716513227042,-1.059997254374132,-13.534384143291103,-24.948773777833942,30.41479478256346,True,False,returning_from_left,8.0,continue_block,0.0,0.0
WIN_20260919_18_13_53_Pro_flip.mp4,33,1.6476932294787299,0.04993009786299182,0.5,0.0,0.5,0.0,0.8045980368331576,True,False,True,24.31264502636755,9.154170938620833,ground_x_z,9.154170938620833,25.07339555528048,24.31264502636755,2.413297828940509,-0.4855716513227042,-8.638179294628175,-16.30521528661094,30.483095643044372,True,False,returning_from_left,8.0,continue_block,0.0,0.0
WIN_20260919_18_13_53_Pro_flip.mp4,34,1.6976233273417216,0.04993009786299182,0.5,0.0,0.5,0.0,0.8009327659037642,True,False,True,18.714237207117215,0.895950536399037,ground_x_z,0.895950536399037,31.415532936019126,18.714237207117215,6.163703581133797,2.413297828940509,-0.5085385403107536,-5.8436727385025256,24.283087129326727,True,False,target_bearing,8.0,continue_block,0.0,0.0
WIN_20260919_18_13_53_Pro_flip.mp4,35,1.7475534252047136,0.04993009786299182,0.5,0.0,0.5,0.0,0.8331477454290339,True,False,True,30.859888361263085,1.788767035659383,ground_x_z,1.788767035659383,25.07339555528048,30.859888361263085,14.68772585577685,6.163703581133797,15.36342911377321,18.399451065278825,40.263441761348226,True,False,target_bearing,8.0,continue_block,0.0,0.0
WIN_20260919_18_13_53_Pro_flip.mp4,36,1.7974835230677053,0.04993009786299182,0.5,0.06719314639442127,0.5,0.4,0.9262765666145097,True,False,True,35.89868088865918,1.643689862838096,ground_x_z,1.643689862838096,25.07339555528048,35.89868088865918,18.15875377166205,14.68772585577685,31.648517953334416,33.92158419511513,56.46079751825499,True,False,target_bearing,8.0,new_block,0.5,0.4
WIN_20260919_18_13_53_Pro_flip.mp4,37,1.847413620930697,0.04993009786299182,0.5,0.06719314639442127,0.5,0.4,0.8438088843206812,True,False,True,38.792801411133304,2.298651911755554,ground_x_z,2.298651911755554,25.07339555528048,38.792801411133304,19.53234088342314,18.845547327542594,18.845547327542594,,38.792801411133304,False,False,,,minimum_hold,0.45006990213700826,0.4
WIN_20260919_18_13_53_Pro_flip.mp4,38,1.897343718793689,0.04993009786299182,0.5,0.06719314639442127,0.5,0.4,0.5876034757896511,True,False,True,33.1969129568262,5.441244179728073,ground_x_z,5.441244179728073,25.194677059615437,33.1969129568262,12.176584639248615,18.15875377166205,18.15875377166205,,33.1969129568262,False,False,,,minimum_hold,0.4001398042740165,0.4
WIN_20260919_18_13_53_Pro_flip.mp4,39,1.9472738166566808,0.04993009786299182,0.5,0.06719314639442127,0.5,0.4,0.8380062858082492,True,False,True,35.238484827518256,6.417825147520395,ground_x_z,6.417825147520395,25.07339555528048,35.238484827518256,12.616066623015481,12.616066623015481,12.616066623015481,,35.238484827518256,False,False,,,minimum_hold,0.3502097064110248,0.4
WIN_20260919_18_13_53_Pro_flip.mp4,40,1.9972039145196725,0.04993009786299182,0.5,0.06719314639442127,0.5,0.4,0.8274043487620647,True,False,True,37.10792257997219,8.284591374074875,ground_x_z,8.284591374074875,25.07339555528048,37.10792257997219,11.93951247672222,12.176584639248615,12.176584639248615,,37.10792257997219,False,False,,,minimum_hold,0.30027960854803304,0.4
WIN_20260919_18_13_53_Pro_flip.mp4,41,2.0471340123826645,0.04993009786299182,0.5,0.06719314639442127,0.5,0.4,0.7663641546853671,True,False,True,38.89720779095743,8.56991471236396,ground_x_z,8.56991471236396,25.07339555528048,38.89720779095743,12.997720104955077,12.616066623015481,12.616066623015481,,38.89720779095743,False,False,,,minimum_hold,0.2503495106850413,0.4
WIN_20260919_18_13_53_Pro_flip.mp4,42,2.097064110245656,0.04993009786299182,0.5,0.06719314639442127,0.5,0.4,0.8320835639774448,True,False,True,41.78031316166589,2.042125948283291,ground_x_z,2.042125948283291,31.415532936019126,41.78031316166589,16.238537060688838,12.997720104955077,12.997720104955077,,41.78031316166589,False,False,,,minimum_hold,0.20041941282204956,0.4
WIN_20260919_18_13_53_Pro_flip.mp4,43,2.146994208108648,0.04993009786299182,0.5,0.06719314639442127,0.5,0.4,0.8043279263795762,True,False,True,46.43667834281726,-0.7969898106393003,ground_x_z,-0.7969898106393003,31.415532936019126,46.43667834281726,22.134167038426277,16.238537060688838,16.807340141731814,1.1376061620859503,57.723715774131634,True,False,,,minimum_hold,0.15048931495905782,0.4
WIN_20260919_18_13_53_Pro_flip.mp4,44,2.1969243059716397,0.04993009786299182,0.5,0.06719314639442127,0.5,0.4,0.8233635616621201,True,False,True,38.63416644163814,3.242720766461203,ground_x_z,3.242720766461203,25.07339555528048,38.63416644163814,18.4489815652385,18.4489815652385,20.801851811893286,4.705740493309569,46.57199004309337,True,False,,,minimum_hold,0.10055921709606608,0.4
WIN_20260919_18_13_53_Pro_flip.mp4,45,2.246854403834632,0.04993009786299182,0.5,0.06719314639442127,0.5,0.4,0.9776186386344067,True,False,True,36.26617211132752,2.1617497312725096,ground_x_z,2.1617497312725096,25.07339555528048,36.26617211132752,17.87556317388831,18.4489815652385,22.791429417938744,8.684895705400487,42.24956064529419,True,False,,,minimum_hold,0.05062911923307434,0.4
WIN_20260919_18_13_53_Pro_flip.mp4,46,2.2967845016976236,0.04993009786299182,0.5,0.06719314639442127,0.5,0.4,0.8210790343751457,True,False,True,36.4371130342923,1.2427177443403559,ground_x_z,1.2427177443403559,25.07339555528048,36.4371130342923,18.94190715180887,18.4489815652385,24.13609420143522,11.374225272393439,39.86125707523372,True,False,,,minimum_hold,0.0006990213700825976,0.4
WIN_20260919_18_13_53_Pro_flip.mp4,47,2.3467145995606153,0.04993009786299182,0.5,0.17354767879522165,0.5,0.4,0.6403322864984766,True,False,True,40.93677130017045,1.5855925928200885,ground_x_z,1.5855925928200885,25.07339555528048,40.93677130017045,21.835508286101373,18.94190715180887,29.410537621286004,20.93726093895427,44.34080279704698,True,False,target_bearing,8.0,continue_block,0.0,0.4
WIN_20260919_18_13_53_Pro_flip.mp4,48,2.396644697423607,0.04993009786299182,0.5,0.17354767879522165,0.5,0.4,0.7705065015274138,True,False,True,42.141839809720025,-0.23611061814012949,ground_x_z,-0.23611061814012949,25.07339555528048,42.141839809720025,24.505501941137545,21.835508286101373,33.522504998821006,23.373993425439274,46.532634263030914,True,False,target_bearing,8.0,continue_block,0.0,0.4
WIN_20260919_18_13_53_Pro_flip.mp4,49,2.446574795286599,0.04993009786299182,0.5,0.17354767879522165,0.5,0.4,0.7779505056875295,True,False,True,43.87524361372502,-0.4577818328368669,ground_x_z,-0.4577818328368669,25.07339555528048,43.87524361372502,26.035003637511675,24.505501941137545,37.734480305101386,26.457956727927673,47.27927511060155,True,False,target_bearing,8.0,continue_block,0.0,0.4
WIN_20260919_18_13_53_Pro_flip.mp4,50,2.4965048931495906,0.04993009786299182,0.5,0.17354767879522165,0.5,0.4,0.7448272309490669,True,False,True,39.722537950608974,2.4320415026666593,ground_x_z,2.4320415026666593,25.07339555528048,39.722537950608974,20.081394444162285,24.505501941137545,36.394224277421806,23.777444672568524,41.53902999908129,True,False,target_bearing,8.0,continue_block,0.0,0.4
WIN_20260919_18_13_53_Pro_flip.mp4,51,2.5464349910125827,0.04993009786299182,0.5,0.17354767879522165,0.5,0.4,0.7418824254831471,True,False,True,43.18958006955244,2.9584880228069217,ground_x_z,2.9584880228069217,25.07339555528048,43.18958006955244,22.235354890055724,22.235354890055724,29.51184726433915,14.552984748566852,45.00607211802476,True,False,target_bearing,8.0,continue_block,0.0,0.4
WIN_20260919_18_13_53_Pro_flip.mp4,52,2.5963650888755745,0.04993009786299182,0.5,0.17354767879522165,0.5,0.4,0.7405165444525305,True,False,True,47.06382633127848,2.4564995389722553,ground_x_z,2.4564995389722553,25.07339555528048,47.06382633127848,25.951058880941655,22.235354890055724,28.90781419486462,13.344918609617796,50.060773980838505,True,False,target_bearing,8.0,continue_block,0.0,0.4
WIN_20260919_18_13_53_Pro_flip.mp4,53,2.6462951867385662,0.04993009786299182,0.5,0.17354767879522165,0.5,0.4,0.9648728669880192,True,False,True,46.401100768559466,2.043499220238721,ground_x_z,2.043499220238721,25.07339555528048,46.401100768559466,25.764764475889578,25.764764475889578,32.3226930566461,13.115857161513048,55.043109696313934,True,False,target_bearing,8.0,continue_block,0.0,0.4
WIN_20260919_18_13_53_Pro_flip.mp4,54,2.696225284601558,0.04993009786299182,0.5,0.17354767879522165,0.5,0.4,0.824010041945362,True,False,True,43.487008717163405,2.030063650686323,ground_x_z,2.030063650686323,25.07339555528048,43.487008717163405,23.377535960108265,25.764764475889578,32.3226930566461,13.115857161513048,52.31171563819732,True,False,target_bearing,8.0,continue_block,0.0,0.4
WIN_20260919_18_13_53_Pro_flip.mp4,55,2.7461553824645497,0.04993009786299182,0.5,0.17354767879522165,0.5,0.4,0.8336558934616134,True,False,True,38.50793891568982,2.080124366382088,ground_x_z,2.080124366382088,25.07339555528048,38.50793891568982,19.547947675539763,23.377535960108265,27.79537482821299,8.83567773620945,46.54232311244989,True,False,target_bearing,8.0,continue_block,0.0,0.4
WIN_20260919_18_13_53_Pro_flip.mp4,56,2.7960854803275415,0.04993009786299182,0.5,0.17354767879522165,0.5,0.4,0.8463171395631617,True,False,True,32.820895450896366,2.532662838099066,ground_x_z,2.532662838099066,25.07339555528048,32.820895450896366,15.156886510391715,19.547947675539763,17.66537245320189,-3.765150444675744,32.04333860006277,True,True,target_bearing,8.0,continue_block,0.0,0.4
WIN_20260919_18_13_53_Pro_flip.mp4,57,2.8460155781905336,0.04993009786299182,0.5,0.17354767879522165,0.5,0.4,0.8439366499570293,True,False,True,32.19942749984078,1.1558263717745612,ground_x_z,1.1558263717745612,25.07339555528048,32.19942749984078,16.21543065677672,16.21543065677672,9.123295168820114,-14.184270975913217,23.24139595882002,True,True,target_bearing,8.0,continue_block,0.0,0.4
WIN_20260919_18_13_53_Pro_flip.mp4,58,2.8959456760535254,0.04993009786299182,0.5,0.0,0.5,0.0,0.9813317353704208,True,False,True,33.3970707675125,1.7059061160994338,ground_x_z,1.7059061160994338,25.07339555528048,33.3970707675125,16.41321550501657,16.21543065677672,6.991344674377897,-18.44817196479765,21.878229435492145,True,True,target_bearing,8.0,new_block,0.5,0.0
WIN_20260919_18_13_53_Pro_flip.mp4,59,2.945875773916517,0.04993009786299182,0.5,0.0,0.5,0.0,0.8394715311615921,True,False,True,36.70444816135226,0.6172021516265186,ground_x_z,0.6172021516265186,25.07339555528048,36.70444816135226,19.76389745597076,18.088556480493665,18.088556480493665,,36.70444816135226,False,False,,,minimum_hold,0.45006990213700826,0.0
WIN_20260919_18_13_53_Pro_flip.mp4,60,2.995805871779509,0.04993009786299182,0.5,0.0,0.5,0.0,0.8391036431974062,True,False,True,37.327210187297034,0.6994949551471361,ground_x_z,0.6994949551471361,25.07339555528048,37.327210187297034,20.11091533158617,19.76389745597076,19.76389745597076,,37.327210187297034,False,False,,,minimum_hold,0.4001398042740165,0.0
WIN_20260919_18_13_53_Pro_flip.mp4,61,3.0457359696425006,0.04993009786299182,0.5,0.0,0.5,0.0,0.9813087657367716,True,False,True,38.801072709904325,1.774159969707266,ground_x_z,1.774159969707266,25.07339555528048,38.801072709904325,20.070395785609414,20.070395785609414,20.070395785609414,,38.801072709904325,False,False,,,minimum_hold,0.3502097064110248,0.0
WIN_20260919_18_13_53_Pro_flip.mp4,62,3.0956660675054923,0.04993009786299182,0.5,0.0,0.5,0.0,0.8456370801079438,True,False,True,34.052424747491145,5.391237575479009,ground_x_z,5.391237575479009,25.07339555528048,34.052424747491145,12.903968824115498,20.070395785609414,20.070395785609414,,34.052424747491145,False,False,,,minimum_hold,0.30027960854803304,0.0
WIN_20260919_18_13_53_Pro_flip.mp4,63,3.1455961653684845,0.04993009786299182,0.5,0.0,0.5,0.0,0.9834173249466329,True,False,True,34.96747339202379,7.060215920924996,ground_x_z,7.060215920924996,25.07339555528048,34.96747339202379,11.719774486426637,12.903968824115498,12.903968824115498,,34.96747339202379,False,False,,,minimum_hold,0.2503495106850413,0.0
WIN_20260919_18_13_53_Pro_flip.mp4,64,3.1955262632314763,0.04993009786299182,0.5,0.0,0.5,0.0,0.9863332074232143,True,False,True,40.580741357471524,7.128913540748616,ground_x_z,7.128913540748616,25.07339555528048,40.580741357471524,15.877067643501954,12.903968824115498,12.903968824115498,,40.580741357471524,False,False,,,minimum_hold,0.20041941282204956,0.0
WIN_20260919_18_13_53_Pro_flip.mp4,65,3.245456361094468,0.04993009786299182,0.5,0.0,0.5,0.0,0.8306554303123208,True,False,True,44.02519370411335,5.235233695400034,ground_x_z,5.235233695400034,25.07339555528048,44.02519370411335,20.66376606358045,15.877067643501954,15.98327697608708,0.21241866517025,56.129128966868294,True,False,,,minimum_hold,0.15048931495905782,0.0
WIN_20260919_18_13_53_Pro_flip.mp4,66,3.2953864589574597,0.04993009786299182,0.5,0.0,0.5,0.0,0.9767799964616192,True,False,True,49.24023011437239,1.0180464935593567,ground_x_z,1.0180464935593567,25.07339555528048,49.24023011437239,29.1621540121071,20.66376606358045,24.455064509020648,7.582596890880398,63.54973531433518,True,False,,,minimum_hold,0.10055921709606608,0.0
WIN_20260919_18_13_53_Pro_flip.mp4,67,3.3453165568204515,0.04993009786299182,0.5,0.0,0.5,0.0,0.8146997507773356,True,False,True,47.8867028399918,-3.094068219799987,ground_x_z,-3.094068219799987,25.07339555528048,47.8867028399918,31.523304738712433,29.1621540121071,43.88199207827901,29.43967613234382,63.05061952710781,True,False,,,minimum_hold,0.05062911923307434,0.0
WIN_20260919_18_13_53_Pro_flip.mp4,68,3.395246654683443,0.04993009786299182,0.5,0.0,0.5,0.0,0.8223605409219275,True,False,True,46.65801631991685,-5.331556297838048,ground_x_z,-5.331556297838048,25.07339555528048,46.65801631991685,32.410829736302176,31.523304738712433,46.91972259481572,30.792835712206564,61.76412480907192,True,False,,,minimum_hold,0.0006990213700825976,0.0
WIN_20260919_18_13_53_Pro_flip.mp4,69,3.4451767525464354,0.04993009786299182,0.5,0.5,0.5,0.5,0.8238007561632573,True,False,True,48.85225320972422,-6.4257889024605825,ground_x_z,-6.4257889024605825,25.07339555528048,48.85225320972422,34.95483389038262,32.410829736302176,48.92716311938972,33.03266676617509,63.958361698879294,True,False,target_bearing,8.0,new_block,0.5,0.5
WIN_20260919_18_13_53_Pro_flip.mp4,70,3.495106850409427,0.04993009786299182,0.5,0.5,0.5,0.5,0.7622196139383075,True,False,True,50.288921140072944,-8.198663151176802,ground_x_z,-8.198663151176802,25.07339555528048,50.288921140072944,37.38785351974983,36.17134370506623,36.17134370506623,,50.288921140072944,False,False,,,minimum_hold,0.45006990213700826,0.5
WIN_20260919_18_13_53_Pro_flip.mp4,71,3.545036948272419,0.04993009786299182,0.5,0.5,0.5,0.5,0.6640991610151292,True,False,True,56.34160595073761,-10.177540763325954,ground_x_z,-10.177540763325954,24.952114050945525,56.34160595073761,43.70800733095344,37.38785351974983,37.38785351974983,,56.34160595073761,False,False,,,minimum_hold,0.4001398042740165,0.5
WIN_20260919_18_13_53_Pro_flip.mp4,72,3.5949670461354106,0.04993009786299182,0.5,0.5,0.5,0.5,0.8758135701934805,True,False,True,47.75043303564748,-8.050079990861144,ground_x_z,-8.050079990861144,25.07339555528048,47.75043303564748,35.36907412080387,37.38785351974983,37.38785351974983,,47.75043303564748,False,False,,,minimum_hold,0.3502097064110248,0.5
WIN_20260919_18_13_53_Pro_flip.mp4,73,3.6448971439984024,0.04993009786299182,0.5,0.5,0.5,0.5,0.7658418893857294,True,False,True,54.32293104224419,-6.334229609126328,ground_x_z,-6.334229609126328,25.07339555528048,54.32293104224419,39.38776388953673,39.38776388953673,39.38776388953673,,54.32293104224419,False,False,,,minimum_hold,0.30027960854803304,0.5
WIN_20260919_18_13_53_Pro_flip.mp4,74,3.694827241861394,0.04993009786299182,0.5,0.5,0.5,0.5,0.0,False,False,False,0.0,0.0,,,,,,,,,,,,,,brief_loss_hold,0.2503495106850413,0.5
WIN_20260919_18_13_53_Pro_flip.mp4,75,3.7447573397243863,0.04993009786299182,0.5,0.5,0.5,0.5,0.35,True,False,False,0.0,-7.715917646115351,,,,,,,,,,,,,,brief_loss_hold,0.20041941282204956,0.5
WIN_20260919_18_13_53_Pro_flip.mp4,76,3.794687437587378,0.04993009786299182,0.5,0.5,0.5,0.5,0.30625,True,False,False,0.0,-13.155338947067293,,,,,,,,,,,,,,brief_loss_hold,0.15048931495905782,0.5
WIN_20260919_18_13_53_Pro_flip.mp4,77,3.8446175354503698,0.04993009786299182,0.5,0.5,0.5,0.5,0.35,True,False,False,0.0,-8.844112521673214,,,,,,,,,,,,,,brief_loss_hold,0.10055921709606608,0.5
WIN_20260919_18_13_53_Pro_flip.mp4,78,3.8945476333133615,0.04993009786299182,0.5,0.5,0.5,0.5,0.5625426773307872,True,False,True,52.19608059474436,-10.02026694591613,ground_x_z,-10.02026694591613,25.07339555528048,52.19608059474436,40.13150033020729,40.13150033020729,40.13150033020729,,52.19608059474436,False,False,,,minimum_hold,0.05062911923307434,0.5
WIN_20260919_18_13_53_Pro_flip.mp4,79,3.9444777311763533,0.04993009786299182,0.5,0.5,0.5,0.5,0.8109964680573436,True,False,True,43.431843282980836,-8.840036416614254,ground_x_z,-8.840036416614254,25.07339555528048,43.431843282980836,32.974063869358616,36.55278209978295,36.55278209978295,,43.431843282980836,False,False,,,minimum_hold,0.0006990213700825976,0.5
WIN_20260919_18_13_53_Pro_flip.mp4,80,3.994407829039345,0.04993009786299182,0.5,0.5,0.5,0.5,0.808549680000047,True,False,True,42.956620194985625,-10.053859416794495,ground_x_z,-10.053859416794495,25.07339555528048,42.956620194985625,33.634262118905724,33.634262118905724,33.634262118905724,,42.956620194985625,False,False,right_corridor,8.0,continue_block,0.0,0.5
WIN_20260919_18_13_53_Pro_flip.mp4,81,4.044337926902337,0.04993009786299182,0.5,0.5,0.5,0.5,0.8067281683043829,True,False,True,45.03611931382646,-10.006640044510576,ground_x_z,-10.006640044510576,25.07339555528048,45.03611931382646,34.96485670261177,33.634262118905724,33.634262118905724,,45.03611931382646,False,False,right_corridor,8.0,continue_block,0.0,0.5
WIN_20260919_18_13_53_Pro_flip.mp4,82,4.094268024765329,0.04993009786299182,0.5,0.5,0.5,0.5,0.35,True,False,False,0.0,11.26479819821128,,,,,,,,,,,,,,brief_loss_hold,0.0,0.5
WIN_20260919_18_13_53_Pro_flip.mp4,83,4.14419812262832,0.04993009786299182,0.5,0.5,0.5,0.5,0.0,False,False,False,0.0,0.0,,,,,,,,,,,,,,brief_loss_hold,0.0,0.5
WIN_20260919_18_13_53_Pro_flip.mp4,84,4.194128220491312,0.04993009786299182,0.5,0.5,0.5,0.5,0.0,False,False,False,0.0,0.0,,,,,,,,,,,,,,brief_loss_hold,0.0,0.5
WIN_20260919_18_13_53_Pro_flip.mp4,85,4.244058318354305,0.04993009786299182,0.5,0.5,0.5,0.5,0.0,False,False,False,0.0,0.0,,,,,,,,,,,,,,brief_loss_hold,0.0,0.5
WIN_20260919_18_13_53_Pro_flip.mp4,86,4.293988416217296,0.04993009786299182,0.0,0.0,0.0,0.0,0.0,False,False,False,0.0,0.0,,,,,,,,,,,,,,geometry_lost,0.0,0.0
WIN_20260919_18_13_53_Pro_flip.mp4,87,4.343918514080288,0.04993009786299182,0.0,0.0,0.0,0.0,0.0,False,False,False,0.0,0.0,,,,,,,,,,,,,,geometry_lost,0.0,0.0
WIN_20260919_18_13_53_Pro_flip.mp4,88,4.393848611943279,0.04993009786299182,0.0,0.0,0.0,0.0,0.0,False,True,False,0.0,0.0,,,,,,,,,,,,,,geometry_lost,0.0,0.0
WIN_20260919_18_13_53_Pro_flip.mp4,89,4.4437787098062715,0.04993009786299182,0.0,0.0,0.0,0.0,0.35,True,False,False,0.0,19.48010012163438,,,,,,,,,,,,,,geometry_lost,0.0,0.0
WIN_20260919_18_13_53_Pro_flip.mp4,90,4.493708807669264,0.04993009786299182,0.0,0.0,0.0,0.0,0.2625,True,False,False,0.0,14.138898936524338,,,,,,,,,,,,,,geometry_lost,0.0,0.0
WIN_20260919_18_13_53_Pro_flip.mp4,91,4.543638905532255,0.04993009786299182,0.5,0.0,0.5,0.0,0.6627965189720492,True,False,True,19.558578113070965,9.22743339898065,ground_x_z,9.22743339898065,31.415532936019126,19.558578113070965,-3.0051981015262017,-3.0051981015262017,-3.0051981015262017,,19.558578113070965,False,False,returning_from_left,8.0,new_block,0.5,0.0
WIN_20260919_18_13_53_Pro_flip.mp4,92,4.593569003395247,0.04993009786299182,0.5,0.0,0.5,0.0,0.6319064292074773,True,False,True,17.555747837680848,11.01042481774584,ground_x_z,11.01042481774584,25.07339555528048,17.555747837680848,-3.575677096109053,-3.2904375988176273,-3.2904375988176273,,17.555747837680848,False,False,,,minimum_hold,0.4500699021370078,0.0
WIN_20260919_18_13_53_Pro_flip.mp4,93,4.6434991012582385,0.04993009786299182,0.5,0.0,0.5,0.0,0.7004519863870033,True,False,True,21.20982107163838,13.278334584334967,ground_x_z,13.278334584334967,25.07339555528048,21.20982107163838,-4.123919443297479,-3.575677096109053,-3.575677096109053,,21.20982107163838,False,False,,,minimum_hold,0.40013980427401563,0.0
WIN_20260919_18_13_53_Pro_flip.mp4,94,4.693429199121231,0.04993009786299182,0.5,0.0,0.5,0.0,0.6659070574912042,True,False,True,20.63464173151776,13.980400098358043,ground_x_z,13.980400098358043,25.07339555528048,20.63464173151776,-5.249484985625954,-4.123919443297479,-4.123919443297479,,20.63464173151776,False,False,,,minimum_hold,0.35020970641102345,0.0
WIN_20260919_18_13_53_Pro_flip.mp4,95,4.743359296984222,0.04993009786299182,0.5,0.0,0.5,0.0,0.0,False,False,False,0.0,0.0,,,,,,,,,,,,,,brief_loss_hold,0.30027960854803126,0.0
WIN_20260919_18_13_53_Pro_flip.mp4,96,4.793289394847214,0.04993009786299182,0.5,0.0,0.5,0.0,0.35,True,False,False,0.0,11.057035106039578,,,,,,,,,,,,,,brief_loss_hold,0.2503495106850391,0.0
WIN_20260919_18_13_53_Pro_flip.mp4,97,4.843219492710206,0.04993009786299182,0.5,0.0,0.5,0.0,0.30625,True,False,False,0.0,9.041164189088104,,,,,,,,,,,,,,brief_loss_hold,0.2004194128220469,0.0
WIN_20260919_18_13_53_Pro_flip.mp4,98,4.893149590573198,0.04993009786299182,0.5,0.0,0.5,0.0,0.35,True,False,False,0.0,14.8071015585978,,,,,,,,,,,,,,brief_loss_hold,0.1504893149590547,0.0
WIN_20260919_18_13_53_Pro_flip.mp4,99,4.94307968843619,0.04993009786299182,0.0,0.0,0.0,0.0,0.2625,True,False,False,0.0,15.455255155535546,,,,,,,,,,,,,,geometry_lost,0.0,0.0
WIN_20260919_18_13_53_Pro_flip.mp4,100,4.993009786299181,0.04993009786299182,0.0,0.0,0.0,0.0,0.35,True,False,False,0.0,8.69503898936752,,,,,,,,,,,,,,geometry_lost,0.0,0.0
WIN_20260919_18_13_53_Pro_flip.mp4,101,5.042939884162173,0.04993009786299182,0.5,0.0,0.5,0.0,0.6896796027377774,True,False,True,21.385451955832455,13.10130454581897,ground_x_z,13.10130454581897,25.07339555528048,21.385451955832455,-3.82165250491091,-3.82165250491091,-3.82165250491091,,21.385451955832455,False,False,returning_from_left,8.0,new_block,0.5,0.0
WIN_20260919_18_13_53_Pro_flip.mp4,102,5.0928699820251655,0.04993009786299182,0.5,0.0,0.5,0.0,0.8022810851210915,True,False,True,18.482127365720242,7.429879826430131,ground_x_z,7.429879826430131,25.07339555528048,18.482127365720242,1.0332749243286419,-1.394188790291134,-1.394188790291134,,18.482127365720242,False,False,,,minimum_hold,0.4500699021370078,0.0
WIN_20260919_18_13_53_Pro_flip.mp4,103,5.142800079888157,0.04993009786299182,0.5,0.0,0.5,0.0,0.6977273206799851,True,False,True,14.6349549678861,11.269653201396629,ground_x_z,11.269653201396629,25.07339555528048,14.6349549678861,-5.438756609088081,-3.82165250491091,-3.82165250491091,,14.6349549678861,False,False,,,minimum_hold,0.40013980427401563,0.0
WIN_20260919_18_13_53_Pro_flip.mp4,104,5.192730177751149,0.04993009786299182,0.5,0.0,0.5,0.0,0.6946379858282278,True,False,True,10.075032908331599,16.356156488218367,ground_x_z,16.356156488218367,25.07339555528048,10.075032908331599,-13.416890620915007,-5.438756609088081,-5.438756609088081,,10.075032908331599,False,False,,,minimum_hold,0.35020970641102345,0.0
WIN_20260919_18_13_53_Pro_flip.mp4,105,5.24266027561414,0.04993009786299182,0.5,0.0,0.5,0.0,0.7121768773605419,True,False,True,3.7724434823617585,19.93240115969771,ground_x_z,19.93240115969771,25.07339555528048,3.7724434823617585,-20.09132596945021,-13.416890620915007,-13.416890620915007,,3.7724434823617585,False,False,,,minimum_hold,0.30027960854803126,0.0
WIN_20260919_18_13_53_Pro_flip.mp4,106,5.2925903734771325,0.04993009786299182,0.5,0.0,0.5,0.0,0.8497899067471207,True,False,True,4.679463088169722,19.63349589305544,ground_x_z,19.63349589305544,25.07339555528048,4.679463088169722,-19.38508476786621,-19.38508476786621,-19.38508476786621,,4.679463088169722,False,False,,,minimum_hold,0.2503495106850391,0.0
WIN_20260919_18_13_53_Pro_flip.mp4,107,5.342520471340124,0.04993009786299182,0.5,0.0,0.5,0.0,0.8456196048084416,True,False,False,0.0,-9.809176776269641,,,,,,,,,,,,,,brief_loss_hold,0.2004194128220469,0.0
WIN_20260919_18_13_53_Pro_flip.mp4,108,5.392450569203116,0.04993009786299182,0.5,0.0,0.5,0.0,0.0,False,False,False,0.0,0.0,,,,,,,,,,,,,,brief_loss_hold,0.1504893149590547,0.0
WIN_20260919_18_13_53_Pro_flip.mp4,109,5.442380667066108,0.04993009786299182,0.5,0.0,0.5,0.0,0.0,False,False,False,0.0,0.0,,,,,,,,,,,,,,brief_loss_hold,0.10055921709606253,0.0
WIN_20260919_18_13_53_Pro_flip.mp4,110,5.492310764929099,0.04993009786299182,0.5,0.0,0.5,0.0,0.0,False,False,False,0.0,0.0,,,,,,,,,,,,,,brief_loss_hold,0.05062911923307034,0.0
WIN_20260919_18_13_53_Pro_flip.mp4,111,5.542240862792092,0.04993009786299182,0.5,0.0,0.5,0.0,0.687711199959668,True,False,True,20.05842030392015,13.222339437888435,ground_x_z,13.222339437888435,31.415532936019126,20.05842030392015,-7.335546129584102,-7.335546129584102,-7.335546129584102,,20.05842030392015,False,False,,,minimum_hold,0.0006990213700781567,0.0
WIN_20260919_18_13_53_Pro_flip.mp4,112,5.592170960655083,0.04993009786299182,0.5,0.0,0.5,0.0,0.7152942946573366,True,False,True,24.191047524208777,12.737490577361488,ground_x_z,12.737490577361488,25.07339555528048,24.191047524208777,-1.7638219836766962,-4.549684056630399,-4.549684056630399,,24.191047524208777,False,False,returning_from_left,8.0,continue_block,0.0,0.0
WIN_20260919_18_13_53_Pro_flip.mp4,113,5.642101058518075,0.04993009786299182,0.5,0.0,0.5,0.0,0.811870020672778,True,False,True,24.413807373408144,10.531160636737354,ground_x_z,10.531160636737354,25.07339555528048,24.413807373408144,0.8975135271513593,-1.7638219836766962,-1.7638219836766962,,24.413807373408144,False,False,returning_from_left,8.0,continue_block,0.0,0.0
WIN_20260919_18_13_53_Pro_flip.mp4,114,5.692031156381067,0.04993009786299182,0.5,0.0,0.5,0.0,0.8015781263423409,True,False,True,25.861016252797686,8.505016750823026,ground_x_z,8.505016750823026,25.07339555528048,25.861016252797686,4.092812577235005,0.8975135271513593,0.8975135271513593,,25.861016252797686,False,False,target_bearing,8.0,continue_block,0.0,0.0
WIN_20260919_18_13_53_Pro_flip.mp4,115,5.741961254244059,0.04993009786299182,0.5,0.0,0.5,0.0,0.786502282698616,True,False,True,25.802730915970947,7.117862791860084,ground_x_z,7.117862791860084,25.07339555528048,25.802730915970947,5.6352414591399445,4.092812577235005,4.092812577235005,,25.802730915970947,False,False,target_bearing,8.0,continue_block,0.0,0.0
WIN_20260919_18_13_53_Pro_flip.mp4,116,5.791891352107051,0.04993009786299182,0.5,0.0,0.5,0.0,0.7827879269564852,True,False,True,26.281749998563097,6.6086518101696035,ground_x_z,6.6086518101696035,25.07339555528048,26.281749998563097,6.504734727115176,5.6352414591399445,5.6352414591399445,,26.281749998563097,False,False,target_bearing,8.0,continue_block,0.0,0.0
WIN_20260919_18_13_53_Pro_flip.mp4,117,5.841821449970042,0.04993009786299182,0.5,0.0,0.5,0.0,0.7471492417017275,True,False,True,26.408098508875863,6.15207746661241,ground_x_z,6.15207746661241,25.07339555528048,26.408098508875863,7.097922576642564,6.504734727115176,6.504734727115176,,26.408098508875863,False,False,target_bearing,8.0,continue_block,0.0,0.0
WIN_20260919_18_13_53_Pro_flip.mp4,118,5.891751547833034,0.04993009786299182,0.5,0.0,0.5,0.0,0.7843573925429581,True,False,True,26.74215084753657,6.0839220713824975,ground_x_z,6.0839220713824975,25.07339555528048,26.74215084753657,7.379683927101826,7.097922576642564,26.497667421321335,38.79948968935754,33.85453097851264,True,False,target_bearing,8.0,continue_block,0.0,0.0
WIN_20260919_18_13_53_Pro_flip.mp4,119,5.9416816456960255,0.04993009786299182,0.5,0.0,0.5,0.0,0.781782199626589,True,False,True,26.413868271712207,6.818669878885588,ground_x_z,6.818669878885588,25.07339555528048,26.413868271712207,6.348080710825778,7.097922576642564,23.29241820792865,32.388991262572176,30.96562628275,True,False,target_bearing,8.0,continue_block,0.0,0.0
WIN_20260919_18_13_53_Pro_flip.mp4,120,5.991611743559018,0.04993009786299182,0.5,0.0,0.5,0.0,0.8004991075150834,True,False,True,26.15533281107749,8.001980633985545,ground_x_z,8.001980633985545,25.07339555528048,26.15533281107749,4.846290477867677,6.348080710825778,19.330571587846478,25.9649817540414,30.413124257711544,True,False,target_bearing,8.0,continue_block,0.0,0.0
WIN_20260919_18_13_53_Pro_flip.mp4,121,6.04154184142201,0.04993009786299182,0.5,0.0,0.5,0.0,0.7883070160094492,True,False,True,25.82223015679998,9.013162266322723,ground_x_z,9.013162266322723,25.07339555528048,25.82223015679998,3.489304653803089,4.846290477867677,13.943287107420215,18.193993259105074,29.00213400901415,True,False,target_bearing,8.0,continue_block,0.0,0.0
WIN_20260919_18_13_53_Pro_flip.mp4,122,6.091471939285001,0.04993009786299182,0.5,0.0,0.5,0.0,0.8023161404633599,True,False,True,25.33502939983806,10.060818347569203,ground_x_z,10.060818347569203,25.07339555528048,25.33502939983806,1.9937569412048854,3.489304653803089,6.733579196589368,6.488549085572557,26.442281423320054,True,False,target_bearing,8.0,continue_block,0.0,0.0
WIN_20260919_18_13_53_Pro_flip.mp4,123,6.141402037147993,0.04993009786299182,0.5,0.0,0.5,0.0,0.8049319139374829,True,False,True,25.975690568223907,10.297002800293253,ground_x_z,10.297002800293253,25.07339555528048,25.975690568223907,2.1160311614250573,2.1160311614250573,-0.08346762723279477,-4.398997577315704,26.10328485652148,True,False,target_bearing,8.0,continue_block,0.0,0.0
WIN_20260919_18_13_53_Pro_flip.mp4,124,6.191332135010985,0.04993009786299182,0.5,0.0,0.5,0.0,0.816482270282313,True,False,True,26.943308941622647,9.845391363615065,ground_x_z,9.845391363615065,25.07339555528048,26.943308941622647,3.2329704990292583,2.1160311614250573,-2.2891403287395193,-8.810342980329153,27.07090322992022,True,False,target_bearing,8.0,continue_block,0.0,0.0
