video,frame_index,time_s,dt_s,fps,confidence,old_pixel_heading_deg,new_ground_heading_deg,old_vx,old_wz,new_vx,new_wz,old_turn_remaining_s,old_gap_remaining_s,new_hold_remaining_s,detector_ms,old_controller_ms,new_controller_ms,det_black_th,det_track_is_dark,det_base_err_px,det_base_err_cm,det_angle_err_deg,det_far_dist_cm,det_avg_conf,det_band_mask,det_red_block_score,det_black_block_score,det_red_bar_detected,det_red_bar_z_cm,det_red_bar_x_cm,det_red_bar_cx,det_red_bar_cy,det_bottom_pair_ratio,det_bottom_sym_err_px,det_bottom_lock_valid,det_bottom_lock_weight,det_bottom_width_cv,det_bottom_fit_rmse_px,det_measurement_valid,det_measurement_quality,det_measurement_age_s,det_measurement_max_age_s,det_measurement_stale,det_filter_dt_s,det_near_error_cm,det_near_z_cm,det_heading_deg,det_heading_valid,det_heading_fit_rmse_px,det_heading_control_deg,det_heading_control_valid,det_heading_control_rmse_cm,det_heading_control_z_span_cm,det_heading_control_points,det_heading_control_slope_dx_dz,det_heading_control_intercept_cm,det_heading_control_pixel_rmse_px,det_heading_control_source,det_preview_error_cm,det_preview_valid,det_lookahead_z_cm,det_center_lock_quality,det_lost_frames,det_startup_frames,det_diff_rms_px,det_shake_active_frames,det_n_roi_results,det_near_err_px,det_far_err_px,det_curve_px,det_curve_px_smooth,det_turn_gate,det_fused_err,det_fused_err_raw,det_fused_err_cm,det_lateral_scale,det_narrow_gate_detected,det_narrow_gate_score,det_narrow_gate_dir,det_narrow_ratio_out,det_narrow_red_visible,det_narrow_line_visible,det_start_line_z,det_ng_exit_z,det_ng_enter_z,det_inside_narrow,det_curve_mode,det_left_seen,det_right_seen,det_single_line,det_single_side,det_vision_speed_cm_s,det_vision_omega_rad_s,new_steering_heading_source,new_steering_near_cm,new_steering_near_z_cm,new_steering_heading_deg,new_steering_demand_deg,new_steering_filtered_demand_deg,new_steering_predicted_demand_deg,new_steering_demand_rate_deg_s,new_steering_predicted_heading_deg,new_steering_prediction_valid,new_steering_braked,new_steering_reason,new_command_hold_remaining_s,new_steering_applied_wz
WIN_20260919_18_10_34_Pro_flip.mp4,0,0.0,0.04992012779552716,20.032,0.9346940082104631,0.5714687925829954,-0.2601049879954516,0.5,0.0,0.5,0.0,0.0,0.0,0.5,58.39839999680407,0.02509998739697039,0.066100008552894,80,False,8.089863370356113,1.8434455475759406,0.5714687925829954,25.438093068530485,0.9346940082104631,0,0.0,0.0,False,0.0,0.0,0.0,0.0,1.0,8.125,True,0.7189069628489132,0.007081624075579845,0.22763607319179902,True,0.9346940082104631,0.0,0.25,False,0.04992012779552716,1.8434455475759406,25.438093068530485,0.5714687925829954,True,0.22763607319179902,-0.2601049879954516,True,0.051987252935617526,2.1755637053852546,10,0.004539719627438091,1.7441241332058006,0.22763607319179902,ground_x_z,0.0,False,25.438093068530485,0.9984818928457129,0,1,0.0,0,1,8.0,8.0,-0.08986337035611314,-0.013479505553416973,0.004992409464228508,-0.05127801041558206,-0.05127801041558206,-1.8434455475759406,1.003688853662596,False,1.0,0,False,False,False,0.0,0.0,0.0,False,False,True,True,False,left,0.0,0.0,ground_x_z,1.8434455475759406,25.438093068530485,-0.2601049879954516,-2.2390668481995717,-2.2390668481995717,-2.2390668481995717,,-0.2601049879954516,False,False,new_block,0.5,0.0
WIN_20260919_18_10_34_Pro_flip.mp4,1,0.04992012779552716,0.04992012779552716,20.032,0.9407874055762167,1.0476107703127153,0.1531974236187495,0.5,0.0,0.5,0.0,0.0,0.0,0.4500798722044728,41.71580000547692,0.023100001271814108,0.04879999323748052,80,False,8.0,1.8276093097039263,1.0476107703127153,25.438093068530485,0.9407874055762167,0,0.0,0.0,False,0.0,0.0,0.0,0.0,1.0,8.0,True,0.7188683990624696,0.006372198506212616,0.29297326385411154,True,0.9407874055762167,0.0,0.25,False,0.04992012779552716,1.8276093097039263,25.438093068530485,1.0476107703127153,True,0.29297326385411154,0.1531974236187495,True,0.06718021484385418,2.1755637053852546,10,-0.002673805819583371,1.9127830300855853,0.29297326385411154,ground_x_z,0.0,False,25.438093068530485,0.9984283320312077,0,2,0.0,0,1,8.0,8.0,0.0,-0.011457579720404426,0.0,-0.05098767328903374,-0.05065505448545725,-1.8396100316096444,1.0073039302519402,False,1.0,0,False,False,False,0.0,0.0,0.0,False,False,True,True,False,left,0.0,0.0,ground_x_z,1.8276093097039263,25.438093068530485,0.1531974236187495,-2.0181943052584503,-2.128630576729011,-2.128630576729011,,0.1531974236187495,False,False,minimum_hold,0.4500798722044728,0.0
WIN_20260919_18_10_34_Pro_flip.mp4,2,0.09984025559105432,0.04992012779552716,20.032,0.9407874055762167,1.0476107703127153,0.15373622962806424,0.5,0.0,0.5,0.0,0.0,0.0,0.40015974440894564,40.29529998661019,0.014399993233382702,0.04050001734867692,80,False,8.0,1.8340806871165207,1.0476107703127153,25.438093068530485,0.9407874055762167,0,0.0,0.0,False,0.0,0.0,0.0,0.0,1.0,8.0,True,0.7188683990624696,0.006372198506212613,0.29297326385411154,True,0.9407874055762167,0.0,0.25,False,0.04992012779552716,1.8340806871165207,25.438093068530485,1.0476107703127153,True,0.29297326385411154,0.15373622962806424,True,0.06741649347075349,2.1755637053852546,10,-0.002683209825943172,1.91951045346396,0.29297326385411154,ground_x_z,0.0,False,25.438093068530485,0.9984283320312077,0,3,0.06354299855908577,0,1,8.0,8.0,0.0,-0.009738942762343761,0.0,-0.05077198579872073,-0.050656256410433746,-1.8382708316520582,1.0108467053094976,False,1.0,0,False,False,False,0.0,0.0,0.0,False,False,True,True,False,left,0.0,0.0,ground_x_z,1.8340806871165207,25.438093068530485,0.15373622962806424,-2.0253363733350294,-2.0253363733350294,-2.0253363733350294,,0.15373622962806424,False,False,minimum_hold,0.40015974440894564,0.0
WIN_20260919_18_10_34_Pro_flip.mp4,3,0.14976038338658146,0.04992012779552716,20.032,0.9407874055762167,1.0476107703127153,0.15426425949081704,0.5,0.0,0.5,0.0,0.0,0.0,0.3502396166134185,36.559500003932044,0.012500007869675756,0.030099996365606785,80,False,8.0,1.8404226369808627,1.0476107703127153,25.438093068530485,0.9407874055762167,0,0.0,0.0,False,0.0,0.0,0.0,0.0,1.0,8.0,True,0.7188683990624696,0.006372198506212632,0.29297326385411154,True,0.9407874055762167,0.0,0.25,False,0.04992012779552716,1.8404226369808627,25.438093068530485,1.0476107703127153,True,0.29297326385411154,0.15426425949081704,True,0.06764804652511475,2.1755637053852546,10,-0.0026924257521758568,1.9261033283747684,0.29297326385411154,ground_x_z,0.0,False,25.438093068530485,0.9984283320312077,0,4,0.05188264106538896,0,1,8.0,8.0,0.0,-0.008278101347992197,0.0,-0.050612542943311155,-0.05065742615103451,-1.8387919960701284,1.0143186248659037,False,1.0,0,False,False,False,0.0,0.0,0.0,False,False,True,True,False,left,0.0,0.0,ground_x_z,1.8404226369808627,25.438093068530485,0.15426425949081704,-2.0323355389617683,-2.0253363733350294,-2.0253363733350294,,0.15426425949081704,False,False,minimum_hold,0.3502396166134185,0.0
WIN_20260919_18_10_34_Pro_flip.mp4,4,0.19968051118210864,0.04992012779552716,20.032,0.9349413523628989,2.0945215465794775,1.0756886911237247,0.5,0.0,0.5,0.0,0.0,0.0,0.3003194888178914,45.49240000778809,0.01650000922381878,0.03919997834600508,80,False,8.0,1.846637750070652,2.0945215465794775,25.438093068530485,0.9349413523628989,0,0.0,0.0,False,0.0,0.0,0.0,0.0,1.0,8.0,True,0.7188599950022536,0.007546609170033026,0.20207259421636903,True,0.9349413523628989,0.0,0.25,False,0.04992012779552716,1.846637750070652,25.438093068530485,2.0945215465794775,True,0.20207259421636903,1.0756886911237247,True,0.04674594544596209,2.1755637053852546,10,-0.018776515520599134,2.3144001054920382,0.20207259421636903,ground_x_z,0.0,False,25.438093068530485,0.9984166597253522,0,5,0.04493168517805657,0,1,8.0,8.0,0.0,-0.007036386145793367,0.0,-0.050495462090437926,-0.050658564814577374,-1.8406922273611612,1.0177211060311817,False,1.0,0,False,False,False,0.0,0.0,0.0,False,False,True,True,False,left,0.0,0.0,ground_x_z,1.846637750070652,25.438093068530485,1.0756886911237247,-1.5872034538632225,-2.0253363733350294,-2.0253363733350294,,1.0756886911237247,False,False,minimum_hold,0.3003194888178914,0.0
WIN_20260919_18_10_34_Pro_flip.mp4,5,0.2496006389776358,0.04992012779552716,20.032,0.9407874055762167,1.0476107703127153,0.15528884856166011,0.5,0.0,0.5,0.0,0.0,0.0,0.25039936102236415,43.50130000966601,0.024299981305375695,0.04909999552182853,80,False,8.0,1.8527285564976324,1.0476107703127153,25.438093068530485,0.9407874055762167,0,0.0,0.0,False,0.0,0.0,0.0,0.0,1.0,8.0,True,0.7188683990624696,0.006372198506212585,0.29297326385411154,True,0.9407874055762167,0.0,0.25,False,0.04992012779552716,1.8527285564976324,25.438093068530485,1.0476107703127153,True,0.29297326385411154,0.15528884856166011,True,0.06809735207179736,2.1755637053852546,10,-0.002710308335437617,1.9388961428516989,0.29297326385411154,ground_x_z,0.0,False,25.438093068530485,0.9984283320312077,0,6,0.04018812096070169,0,1,8.0,8.0,0.0,-0.0059809282239243625,0.0,-0.050410271183258124,-0.05065967322188005,-1.8436074104337845,1.0210555375731543,False,1.0,0,False,False,False,0.0,0.0,0.0,False,False,True,True,False,left,0.0,0.0,ground_x_z,1.8527285564976324,25.438093068530485,0.15528884856166011,-2.045916546649146,-2.0323355389617683,-2.0323355389617683,,0.15528884856166011,False,False,minimum_hold,0.25039936102236415,0.0
WIN_20260919_18_10_34_Pro_flip.mp4,6,0.2995207667731629,0.04992012779552716,20.032,0.9407874055762167,1.0476107703127153,0.1557858259722137,0.5,0.0,0.5,0.0,0.0,0.0,0.20047923322683703,36.56910001882352,0.013299984857439995,0.03090000245720148,80,False,8.0,1.858697548974352,1.0476107703127153,25.438093068530485,0.9407874055762167,0,0.0,0.0,False,0.0,0.0,0.0,0.0,1.0,8.0,True,0.7188683990624696,0.006372198506212635,0.29297326385411154,True,0.9407874055762167,0.0,0.25,False,0.04992012779552716,1.858697548974352,25.438093068530485,1.0476107703127153,True,0.29297326385411154,0.1557858259722137,True,0.06831528795413774,2.1755637053852546,10,-0.0027189822914803733,1.9451013039747518,0.29297326385411154,ground_x_z,0.0,False,25.438093068530485,0.9984283320312077,0,7,0.0,0,1,8.0,8.0,0.0,-0.005083788990335708,0.0,-0.0503490706837521,-0.05066075251916084,-1.847262222124145,1.0243232804842872,False,1.0,0,False,False,False,0.0,0.0,0.0,False,False,True,True,False,left,0.0,0.0,ground_x_z,1.858697548974352,25.438093068530485,0.1557858259722137,-2.0525039385463226,-2.045916546649146,-2.045916546649146,,0.1557858259722137,False,False,minimum_hold,0.20047923322683703,0.0
WIN_20260919_18_10_34_Pro_flip.mp4,7,0.3494408945686901,0.04992012779552716,20.032,0.9661290010490713,-3.1400351370360493,-3.536717451235951,0.5,0.0,0.5,0.0,0.0,0.0,0.15055910543130985,40.86609999649227,0.013800017768517137,0.07009998080320656,80,False,7.910066220543876,1.8457175944351851,-3.1400351370360493,25.438093068530485,0.9661290010490713,0,0.0,0.0,False,0.0,0.0,0.0,0.0,1.0,7.875,True,0.7194702356489878,0.005193275957217173,0.13228756555323276,True,0.9661290010490713,0.0,0.25,False,0.04992012779552716,1.8457175944351851,25.438093068530485,-3.1400351370360493,True,0.13228756555323276,-3.536717451235951,True,0.030916384480309256,2.1755637053852546,10,0.061805883166745665,0.3139190682874353,0.13228756555323276,ground_x_z,0.0,False,25.438093068530485,0.9992642161791498,0,8,0.04021960886747343,0,1,8.0,8.0,0.08993377945612391,0.009168846276633235,0.0049963210808957725,-0.050177589291337824,-0.05014578773482315,-1.8468881153311762,1.0276157402241277,False,1.0,0,False,False,False,0.0,0.0,0.0,False,False,True,True,False,left,0.0,0.0,ground_x_z,1.8457175944351851,25.438093068530485,-3.536717451235951,-3.848817421590387,-2.0525039385463226,-3.23853002032477,-2.3720521635568947,-5.8783070811399245,True,False,minimum_hold,0.15055910543130985,0.0
WIN_20260919_18_10_34_Pro_flip.mp4,8,0.3993610223642173,0.04992012779552716,20.032,0.6544409223343413,0.0,0.0,0.5,0.0,0.5,0.0,0.0,0.0,0.10063897763578267,72.11689997348003,0.015700003132224083,0.02710000262595713,41.0,False,3.4814720153808594,0.8156778009728011,0.0,25.438093068530485,0.6544409223343413,0,0.0,0.0,False,0.0,0.0,0.0,0.0,0.0,0.0,False,0.0,0.0,0.0,True,0.6544409223343413,0.0,0.25,False,0.04992012779552716,0.8156778009728011,25.438093068530485,0.0,False,0.0,0.0,False,0.0,0.9753880976967402,5,0.0,0.0,0.0,ground_x_z,0.0,False,25.438093068530485,0.0,0,9,1.9809358757259516,0,1,3.4814720153808594,3.4814720153808594,0.0,0.007793519335138249,0.0,-0.04325415961065721,-0.022090531391720732,-1.5971303346451182,1.0308902533436728,False,1.0,0,False,False,False,0.0,0.0,0.0,False,False,True,True,False,left,0.0,0.0,,,,,,,,,,,,brief_loss_hold,0.10063897763578267,0.0
WIN_20260919_18_10_34_Pro_flip.mp4,9,0.4492811501597444,0.04992012779552716,20.032,0.9724015325432591,4.183459926494851,4.618923774380432,0.5,0.0,0.5,0.0,0.0,0.0,0.05071884984025549,32.76760000153445,0.02139998832717538,0.04169999738223851,56.0,False,-9.25,-2.170712013071361,4.183459926494851,25.438093068530485,0.9724015325432591,0,0.0,0.0,False,0.0,0.0,0.0,0.0,1.0,-9.25,True,0.7197307550285039,0.002937317295490125,0.1527525231651925,True,0.9724015325432591,0.0,0.25,False,0.04992012779552716,-2.170712013071361,25.438093068530485,4.183459926494851,True,0.15275252316518784,4.618923774380432,True,0.0358463652447002,2.1755637053852546,10,-0.08079051871355387,-0.17499607946816464,0.15275252316518784,ground_x_z,0.0,False,25.438093068530485,0.9996260486506999,0,10,6.02844780017405,0,1,-9.25,-9.25,0.0,0.0066244914348675115,0.0,-0.018498554556342472,0.05865783442082976,-0.6845638778926565,1.0331803507197495,False,1.0,0,False,False,False,0.0,0.0,0.0,False,False,True,True,False,left,0.0,0.0,ground_x_z,-2.170712013071361,25.438093068530485,4.618923774380432,4.750457046331567,4.750457046331567,4.750457046331567,,4.618923774380432,False,False,minimum_hold,0.05071884984025549,0.0
WIN_20260919_18_10_34_Pro_flip.mp4,10,0.4992012779552716,0.04992012779552716,20.032,0.9671858316805677,4.278189454656547,5.037999487129704,0.5,0.0,0.5,0.0,0.0,0.0,0.0007987220447283616,31.874599982984364,0.01780001912266016,0.032100011594593525,80,False,-12.66006350838045,-2.97522717499364,4.278189454656547,25.438093068530485,0.9671858316805677,0,0.0,0.0,False,0.0,0.0,0.0,0.0,1.0,-12.625,True,0.7194919329564003,0.004709281364240682,0.1651445647689494,True,0.9671858316805677,0.0,0.25,False,0.04992012779552716,-2.97522717499364,25.438093068530485,4.278189454656547,True,0.1651445647689494,5.037999487129704,True,0.03877347028980314,2.1755637053852546,10,-0.08815699500069354,-0.7803000621206309,0.1651445647689494,ground_x_z,0.0,False,25.438093068530485,0.9992943513283339,0,11,6.218351027857862,0,1,-12.75,-12.75,-0.0899364916195502,-0.007859656023295147,0.004996471756641678,0.00543854857501654,0.08016995122380606,0.20183269748712662,1.036116205467337,False,1.0,0,False,False,False,0.0,0.0,0.0,False,False,True,True,False,left,0.0,0.0,ground_x_z,-2.97522717499364,25.438093068530485,5.037999487129704,5.869990703040925,5.310223874686246,5.310223874686246,,5.037999487129704,False,False,minimum_hold,0.0007987220447283616,0.0
WIN_20260919_18_10_34_Pro_flip.mp4,11,0.5491214057507987,0.04992012779552716,20.032,0.9479184040874998,10.547004134067418,11.070726732370252,0.5,0.0,0.5,0.0,0.0,0.0,0.0,28.403499978594482,0.01650000922381878,0.046600005589425564,64.0,False,-17.390408200742296,-4.101974410659152,10.547004134067418,25.438093068530485,0.9479184040874998,0,0.0,0.0,False,0.0,0.0,0.0,0.0,1.0,-17.25,True,0.719183598515407,0.0058635704047691325,0.2177710780251627,True,0.9479184040874998,0.0,0.25,False,0.04992012779552716,-4.101974410659152,25.438093068530485,10.547004134067418,True,0.21777107802516532,11.070726732370252,True,0.05152299117550608,2.1755637053852546,10,-0.19566167234246232,0.7767556090456349,0.21777107802516532,ground_x_z,0.0,False,25.438093068530485,0.9988661090491765,0,12,6.568342385059728,0,1,-17.75,-17.75,-0.35959179925770357,-0.06061947750845642,0.019977322180983532,0.030794406813826742,0.1101825310470665,1.146441886398363,1.0393938813579902,False,1.0,0,False,False,False,0.0,0.0,0.0,False,False,True,True,False,left,0.0,0.0,ground_x_z,-4.101974410659152,25.438093068530485,11.070726732370252,10.101601238726374,5.869990703040925,5.869990703040925,,11.070726732370252,False,False,continue_block,0.0,0.0
WIN_20260919_18_10_34_Pro_flip.mp4,12,0.5990415335463258,0.04992012779552716,20.032,0.9713929943566243,7.29442548313076,7.924623760438709,0.5,0.0,0.5,0.0,0.0,0.0,0.0,33.560499985469505,0.01580000389367342,0.04199999966658652,41.0,False,-14.390310912968202,-3.4006825607057856,7.29442548313076,25.438093068530485,0.9713929943566243,0,0.0,0.0,False,0.0,0.0,0.0,0.0,1.0,-14.25,True,0.7193781740635972,0.005040272873321966,0.1957890020745088,True,0.9713929943566243,0.0,0.25,False,0.04992012779552716,-3.4006825607057856,25.438093068530485,7.29442548313076,True,0.19578900207451191,7.924623760438709,True,0.046193190950323156,2.1755637053852546,10,-0.13919953371292873,0.06621006954148134,0.19578900207451191,ground_x_z,0.0,False,25.438093068530485,0.9991363528661072,0,13,6.703851192982774,0,1,-14.75,-14.75,-0.35968908703179814,-0.10547991893695768,0.019982727057322118,0.045319682363601906,0.09106381204859833,1.692416010306904,1.0426060037308305,False,1.0,0,False,False,False,0.0,0.0,0.0,False,False,True,True,False,left,0.0,0.0,ground_x_z,-3.4006825607057856,25.438093068530485,7.924623760438709,7.76686108221474,7.76686108221474,7.76686108221474,,7.924623760438709,False,False,continue_block,0.0,0.0
WIN_20260919_18_10_34_Pro_flip.mp4,13,0.6489616613418531,0.04992012779552716,20.032,0.9822491349635066,7.106922691123466,6.601286668920187,0.5,0.0,0.5,0.0,0.0,0.0,0.0,32.48399999574758,0.014899997040629387,0.03350002225488424,34.0,False,-2.5702108193436626,-0.6103604073210955,7.106922691123466,25.438093068530485,0.9822491349635066,0,0.0,0.0,False,0.0,0.0,0.0,0.0,1.0,-2.5,True,0.7191567226253504,0.006975729030021587,0.10766108438478776,True,0.9822491349635066,0.0,0.25,False,0.04992012779552716,-0.6103604073210955,25.438093068530485,7.106922691123466,True,0.10766108438478776,6.601286668920187,True,0.025458484285167247,2.1755637053852546,10,-0.11572670497893027,2.286125999952616,0.10766108438478776,ground_x_z,0.0,False,25.438093068530485,0.9988287814240978,0,14,8.304341318582493,8,1,-2.75,-2.75,-0.17978918065633742,-0.11662630819486464,0.009988287814240968,0.03818800525526443,0.016295697739765833,1.430343567646357,1.0457150229930927,False,1.0,0,False,False,False,0.0,0.0,0.0,False,False,True,True,False,left,0.0,0.0,ground_x_z,-0.6103604073210955,25.438093068530485,6.601286668920187,3.950378969537598,7.76686108221474,7.76686108221474,,6.601286668920187,False,False,continue_block,0.0,0.0
WIN_20260919_18_10_34_Pro_flip.mp4,14,0.6988817891373802,0.04992012779552716,20.032,0.9773634019883507,3.899135877898216,2.787162040424674,0.5,0.0,0.5,0.0,0.0,0.0,0.0,29.157499986467883,0.016000005416572094,0.0439999857917428,64.0,False,7.25,1.733221244510296,3.899135877898216,25.438093068530485,0.9773634019883507,0,0.0,0.0,False,0.0,0.0,0.0,0.0,1.0,7.25,True,0.95,0.0032082984408534107,0.15423319612806702,True,0.9773634019883507,0.0,0.25,False,0.04992012779552716,1.733221244510296,25.438093068530485,3.899135877898216,True,0.15423319612806702,2.787162040424674,True,0.03678281436963247,2.1755637053852546,10,-0.04868356125005694,2.939337531139031,0.15423319612806702,ground_x_z,0.0,False,25.438093068530485,0.9995855058148607,0,15,7.4720356601867275,7,1,7.25,7.25,0.0,-0.09913236196563494,0.0,0.02285240754725045,-0.04617887669823614,0.8577141992415505,1.04787768698683,False,1.0,0,False,False,False,0.0,0.0,0.0,False,False,True,True,False,left,0.0,0.0,ground_x_z,1.733221244510296,25.438093068530485,2.787162040424674,-0.6158602389461671,3.950378969537598,3.950378969537598,,2.787162040424674,False,False,continue_block,0.0,0.0
WIN_20260919_18_10_34_Pro_flip.mp4,15,0.7488019169329073,0.04992012779552716,20.032,0.8268464299746652,0.0,0.0,0.5,0.0,0.5,0.0,0.0,0.0,0.0,32.71179998409934,0.013300013961270452,0.022299995180219412,62.0,False,6.8249053955078125,1.6305428449590538,0.0,25.438093068530485,0.8268464299746652,0,0.0,0.0,False,0.0,0.0,0.0,0.0,0.0,0.0,False,0.0,0.0,0.0,True,0.8268464299746652,0.0,0.25,False,0.04992012779552716,1.6305428449590538,25.438093068530485,0.0,False,0.0,0.0,False,0.0,0.9753880976967402,5,0.0,0.0,0.0,ground_x_z,0.0,False,25.438093068530485,0.0,0,16,7.3172229271369185,6,1,6.8249053955078125,6.8249053955078125,0.0,-0.08426250767078969,0.0,0.01085042226411629,-0.04343525593456836,0.4073206893080334,1.0480687786696683,False,1.0,0,False,False,False,0.0,0.0,0.0,False,False,True,True,False,left,0.0,0.0,,,,,,,,,,,,brief_loss_hold,0.0,0.0
WIN_20260919_18_10_34_Pro_flip.mp4,16,0.7987220447284346,0.04992012779552716,20.032,0.9587335737890116,6.919266765642491,5.884381558949727,0.5,0.0,0.5,0.0,0.0,0.0,0.0,28.830300027038902,0.013500015484169126,0.033199990866705775,80,False,3.2375,0.7695656093677994,6.919266765642491,25.438093068530485,0.9587335737890116,0,0.0,0.0,False,0.0,0.0,0.0,0.0,1.0,3.25,True,0.95,0.0019052209998050983,0.06853444168422998,True,0.9587335737890116,0.0,0.25,False,0.04992012779552716,0.7695656093677994,25.438093068530485,6.919266765642491,True,0.06853444168422998,5.884381558949727,True,0.016300078638520368,2.1755637053852546,10,-0.10306445085870322,3.337488790652592,0.06853444168422998,ground_x_z,0.0,False,25.438093068530485,0.9998826480981133,0,17,7.186126542028794,5,1,3.0,3.0,-0.23749999999999982,-0.10724813152017121,0.013194444444444434,0.005181527628271363,-0.020523016642683484,0.19429528982662028,1.046898090966292,False,1.0,0,False,False,False,0.0,0.0,0.0,False,False,True,True,False,left,0.0,0.0,ground_x_z,0.7695656093677994,25.438093068530485,5.884381558949727,2.0181465804773198,2.0181465804773198,2.0181465804773198,,5.884381558949727,False,False,continue_block,0.0,0.0
WIN_20260919_18_10_34_Pro_flip.mp4,17,0.8486421725239617,0.04992012779552716,20.032,0.8981536177647318,0.0,0.0,0.5,0.0,0.5,0.0,0.0,0.0,0.0,30.692400003317744,0.013600016245618463,0.014600023860111833,80,False,5.0,1.1976483928894122,0.0,25.438093068530485,0.8981536177647318,0,0.0,0.0,False,0.0,0.0,0.0,0.0,0.5,5.0,False,0.0,0.0034618083298848324,0.3117368730977777,True,0.8981536177647318,0.0,0.25,False,0.04992012779552716,1.1976483928894122,25.438093068530485,0.0,False,0.0,0.0,False,0.0,0.9753880976967402,5,0.0,0.0,0.0,ground_x_z,0.0,False,25.438093068530485,0.0,0,18,7.103631408007374,4,1,5.0,5.0,0.0,-0.09116091179214553,0.0,-0.0015396019847273186,-0.03198046136539279,-0.057657137013457066,1.045549418674968,False,1.0,0,False,False,False,0.0,0.0,0.0,False,False,True,True,False,left,0.0,0.0,,,,,,,,,,,,brief_loss_hold,0.0,0.0
WIN_20260919_18_10_34_Pro_flip.mp4,18,0.8985623003194888,0.04992012779552716,20.032,0.833560009126125,0.0,0.0,0.5,0.0,0.5,0.0,0.0,0.0,0.0,28.810699994210154,0.015199999324977398,0.014199991710484028,80,False,-5.18255615234375,-1.233248555549239,0.0,25.438093068530485,0.833560009126125,0,0.0,0.0,False,0.0,0.0,0.0,0.0,0.0,0.0,False,0.0,0.0,0.0,True,0.833560009126125,0.0,0.25,False,0.04992012779552716,-1.233248555549239,25.438093068530485,0.0,False,0.0,0.0,False,0.0,0.9753880976967402,5,0.0,0.0,0.0,ground_x_z,0.0,False,25.438093068530485,0.0,0,19,6.576892571366432,3,1,-5.18255615234375,-5.18255615234375,0.0,-0.0774867750233237,0.0,0.0047077201681702315,0.03298619306634754,0.17600664270800667,1.0438025957961916,False,1.0,0,False,False,False,0.0,0.0,0.0,False,False,True,True,False,left,0.0,0.0,,,,,,,,,,,,brief_loss_hold,0.0,0.0
WIN_20260919_18_10_34_Pro_flip.mp4,19,0.9484824281150159,0.04992012779552716,20.032,0.8404916062798508,0.0,0.0,0.5,0.0,0.5,0.0,0.0,0.0,0.0,31.409099989105016,0.028999987989664078,0.024600012693554163,80,False,-13.548576354980469,-3.2199396778339846,0.0,25.438093068530485,0.8404916062798508,0,0.0,0.0,False,0.0,0.0,0.0,0.0,0.0,0.0,False,0.0,0.0,0.0,True,0.8404916062798508,0.0,0.25,False,0.04992012779552716,-3.2199396778339846,25.438093068530485,0.0,False,0.0,0.0,False,0.0,0.9753880976967402,5,0.0,0.0,0.0,ground_x_z,0.0,False,25.438093068530485,0.0,0,20,6.161677254953333,2,1,-13.548576354980469,-13.548576354980469,0.0,-0.06586375876982514,0.0,0.019480216921927796,0.0862815657810648,0.726981746702305,1.0419087171266888,False,1.0,0,False,False,False,0.0,0.0,0.0,False,False,True,True,False,left,0.0,0.0,,,,,,,,,,,,brief_loss_hold,0.0,0.0
WIN_20260919_18_10_34_Pro_flip.mp4,20,0.9984025559105432,0.04992012779552716,20.032,0.9672382805968085,1.999395130123347,3.5426676685571934,0.5,0.0,0.5,0.0,0.0,0.0,0.0,30.255499994382262,0.013400014722719789,0.031400006264448166,80,False,-17.762500000000003,-4.204450438849941,1.999395130123347,25.438093068530485,0.9672382805968085,0,0.0,0.0,False,0.0,0.0,0.0,0.0,1.0,-17.75,True,0.95,0.0020197666577709767,0.14061552998416382,True,0.9672382805968085,0.0,0.25,False,0.04992012779552716,-4.204450438849941,25.438093068530485,1.999395130123347,True,0.14061552998416382,3.5426676685571934,True,0.03324622538997327,2.1755637053852546,10,-0.061910131426680635,-2.685563425205859,0.14061552998416382,ground_x_z,0.0,False,25.438093068530485,0.9997549010020313,0,21,6.440617672775377,1,1,-18.0,-18.0,-0.23749999999999716,-0.09160919495435095,0.013194444444444287,0.0363878571488329,0.11278940253401942,1.3564301124130387,1.0407367609191405,False,1.0,0,False,False,False,0.0,0.0,0.0,False,False,True,True,False,left,0.0,0.0,ground_x_z,-4.204450438849941,25.438093068530485,3.5426676685571934,6.532012817383406,6.532012817383406,6.532012817383406,,3.5426676685571934,False,False,continue_block,0.0,0.0
WIN_20260919_18_10_34_Pro_flip.mp4,21,1.0483226837060702,0.04992012779552716,20.032,0.9617626460853702,-0.3809862136964035,1.1221034272153072,0.5,0.0,0.5,0.0,0.0,0.0,0.0,30.10010000434704,0.013699987903237343,0.03359999391250312,67.0,False,-14.75,-3.4795982244645196,-0.3809862136964035,25.438093068530485,0.9617626460853702,0,0.0,0.0,False,0.0,0.0,0.0,0.0,1.0,-14.75,True,0.95,0.003296748501304002,0.15715269548108365,True,0.9617626460853702,0.0,0.25,False,0.04992012779552716,-3.4795982244645196,25.438093068530485,-0.3809862136964035,True,0.15715269548108365,1.1221034272153072,True,0.03721775448220434,2.1755637053852546,10,-0.019586903593977432,-2.998573692437306,0.15715269548108365,ground_x_z,0.0,False,25.438093068530485,0.9995656259435178,0,22,6.38143336269547,0,1,-14.75,-14.75,0.0,-0.0778678157111983,0.0,0.04669288245107908,0.09333530287852673,1.7407397400676852,1.0408379366269296,False,1.0,0,False,False,False,0.0,0.0,0.0,False,False,True,True,False,left,0.0,0.0,ground_x_z,-3.4795982244645196,25.438093068530485,1.1221034272153072,4.529158907940225,5.530585862661816,5.530585862661816,,1.1221034272153072,False,False,continue_block,0.0,0.0
WIN_20260919_18_10_34_Pro_flip.mp4,22,1.0982428115015974,0.04992012779552716,20.032,0.8218348064883335,0.0,0.0,0.5,0.0,0.5,0.0,0.0,0.0,0.0,31.863800017163157,0.014899997040629387,0.014999997802078724,72.0,False,-18.131149291992188,-4.310203035777091,0.0,25.438093068530485,0.8218348064883335,0,0.0,0.0,False,0.0,0.0,0.0,0.0,0.0,0.0,False,0.0,0.0,0.0,True,0.8218348064883335,0.0,0.25,False,0.04992012779552716,-4.310203035777091,25.438093068530485,0.0,False,0.0,0.0,False,0.0,0.9753880976967402,5,0.0,0.0,0.0,ground_x_z,0.0,False,25.438093068530485,0.0,0,23,6.510594797671765,0,1,-18.131149291992188,-18.131149291992188,0.0,-0.06618764335451856,0.0,0.06329534651761594,0.1154502011091886,2.3630603679310345,1.042324601447844,False,1.0,0,False,False,False,0.0,0.0,0.0,False,False,True,True,False,left,0.0,0.0,,,,,,,,,,,,brief_loss_hold,0.0,0.0
WIN_20260919_18_10_34_Pro_flip.mp4,23,1.1481629392971247,0.04992012779552716,20.032,0.9506021911235566,2.6650192214220145,4.282910466655959,0.5,0.0,0.5,0.0,0.0,0.0,0.0,39.38140001264401,0.013299984857439995,0.03250001464039087,58.0,False,-19.410057792809667,-4.605255096185725,2.6650192214220145,25.438093068530485,0.9506021911235566,0,0.0,0.0,False,0.0,0.0,0.0,0.0,1.0,-19.375,True,0.7195376575226771,0.00494549171602537,0.11247895426041382,True,0.9506021911235566,0.0,0.25,False,0.04992012779552716,-4.605255096185725,25.438093068530485,2.6650192214220145,True,0.11247895426041382,4.282910466655959,True,0.026612940995179364,2.1755637053852546,10,-0.07489042950391095,-2.7325340563111378,0.11247895426041382,ground_x_z,0.0,False,25.438093068530485,0.9993578576703849,0,24,4.688078076465513,0,1,-19.5,-19.5,-0.08994220719033308,-0.06975082792989074,0.004996789288351838,0.0776065007536438,0.12298119298235011,2.9061169795624933,1.0454781094188872,False,1.0,0,False,False,False,0.0,0.0,0.0,False,False,True,True,False,left,0.0,0.0,ground_x_z,-4.605255096185725,25.438093068530485,4.282910466655959,7.34459507675262,7.34459507675262,7.34459507675262,,4.282910466655959,False,False,continue_block,0.0,0.0
WIN_20260919_18_10_34_Pro_flip.mp4,24,1.1980830670926517,0.04992012779552716,20.032,0.8197358832821722,5.877488374334735,6.169692921194621,0.5,0.0,0.5,0.0,0.0,0.0,0.0,28.859499987447634,0.013699987903237343,0.0315000070258975,25.0,False,-8.119871139526367,-1.928701566767511,5.877488374334735,31.415532936019126,0.8197358832821722,3,0.0,0.0,False,0.0,0.0,0.0,0.0,0.0,0.0,False,0.0,0.0,0.0,True,0.8197358832821722,0.0,0.25,False,0.04992012779552716,-1.928701566767511,25.07339555528048,5.877488374334735,True,2.9394340831594294,6.169692921194621,True,0.7331573152880406,8.120521615878719,16,-0.10809959423961726,0.8440331623600508,2.9394340831594294,ground_x_z,0.11907763536758265,True,28.2444642456498,0.0,0,25,5.78564431831466,0,2,-8.119871139526367,-6.799276351928711,1.3205947875976562,0.13880101439924136,0.07336637708875868,0.07033734463464471,0.04820368781043468,2.6405478066851167,1.0481127871873783,False,1.0680742364202163,0,False,False,False,0.0,0.0,0.0,False,False,True,True,False,left,0.0,0.0,ground_x_z,-1.928701566767511,25.07339555528048,6.169692921194621,5.282841146525682,6.313718111639151,6.313718111639151,,6.169692921194621,False,False,continue_block,0.0,0.0
WIN_20260919_18_10_34_Pro_flip.mp4,25,1.248003194888179,0.04992012779552716,20.032,0.798302346340289,-9.830531329996571,-10.738213068774895,0.5,0.0,0.5,0.0,0.0,0.0,0.0,44.42329998710193,0.0137000170070678,0.03320001997053623,37.0,False,19.864452362060547,4.734556860731244,-9.830531329996571,31.415532936019126,0.798302346340289,3,0.0,0.0,False,0.0,0.0,0.0,0.0,0.0,0.0,False,0.0,0.0,0.0,True,0.798302346340289,0.0,0.25,False,0.04992012779552716,4.734556860731244,25.07339555528048,-9.830531329996571,True,0.40717082835425605,-10.738213068774895,True,0.10138555573314731,8.120521615878719,16,0.1896428044079548,-0.0034594524552522543,0.40717082835425605,ground_x_z,0.6138774593901442,True,28.2444642456498,0.0,0,26,13.658210792381619,8,2,19.864452362060547,23.950119018554688,4.085666656494141,0.7308308607134762,0.22698148091634116,0.0187435701031492,-0.14207049141637218,0.7056268520074374,1.051048454417149,False,1.2793501552178215,0,False,False,False,0.0,0.0,0.0,False,False,True,True,False,left,0.0,0.0,ground_x_z,4.734556860731244,25.07339555528048,-10.738213068774895,-10.71561063786439,5.282841146525682,5.282841146525682,,-10.738213068774895,False,False,continue_block,0.0,0.0
WIN_20260919_18_10_34_Pro_flip.mp4,26,1.2979233226837061,0.04992012779552716,20.032,0.8240512446745507,-1.309036289406868,-3.8584915476365707,0.5,0.0,0.5,0.0,0.0,0.0,0.0,37.708999996539205,0.012900010915473104,0.0329999893438071,51.0,False,27.131249999999998,6.495901422019715,-1.309036289406868,31.415532936019126,0.8240512446745507,3,0.0,0.0,False,0.0,0.0,0.0,0.0,1.0,27.125,True,0.95,0.024397823715169967,0.15859229221975532,True,0.8240512446745507,0.0,0.25,False,0.04992012779552716,6.495901422019715,25.07339555528048,-1.309036289406868,True,0.16960262421077663,-3.8584915476365707,True,0.04114575530832937,8.598081596079517,18,0.06744537037064753,4.807814025590692,0.16960262421077663,ground_x_z,0.20168485028163108,True,28.2444642456498,0.9866653463620576,0,27,13.974725771237237,8,2,27.25,27.625,0.49375000000000213,0.6952687316064552,0.027430555555555673,-0.016804239596486945,-0.17740519541483726,-0.6344112086160514,1.054027485328806,False,1.3585434173669468,0,False,False,False,0.0,0.0,0.0,False,True,True,True,False,left,0.0,0.0,ground_x_z,6.495901422019715,25.07339555528048,-3.8584915476365707,-9.28802668631251,-9.28802668631251,-9.28802668631251,,-3.8584915476365707,False,False,continue_block,0.0,0.0
WIN_20260919_18_10_34_Pro_flip.mp4,27,1.3478434504792332,0.04992012779552716,20.032,0.738113505258052,1.6873866027884505,-0.34761881532256866,0.5,0.0,0.5,0.0,0.0,0.0,0.0,45.64379999646917,0.013299984857439995,0.03269998705945909,39.0,False,19.1196346282959,4.5826193085034825,1.6873866027884505,31.415532936019126,0.738113505258052,3,0.0,0.0,False,0.0,0.0,0.0,0.0,0.0,0.0,False,0.0,0.0,0.0,True,0.738113505258052,0.0,0.25,False,0.04992012779552716,4.5826193085034825,25.07339555528048,1.6873866027884505,True,0.3105208053922526,-0.34761881532256866,True,0.07479407016250952,8.120521615878719,16,0.0060671673128097165,4.409956122501885,0.3105208053922526,ground_x_z,0.0012009364255112231,True,28.2444642456498,0.0,0,28,14.347254874963344,8,2,19.1196346282959,18.291015625,-0.8286190032958984,0.4666855713711021,0.04603438907199436,-0.035641031255064244,-0.12108053969132067,-1.3492843774367598,1.0569469356222299,False,1.3305947511616432,0,False,False,False,0.0,0.0,0.0,False,False,True,True,False,left,0.0,0.0,ground_x_z,4.5826193085034825,25.07339555528048,-0.34761881532256866,-5.408474553209362,-9.28802668631251,-9.28802668631251,,-0.34761881532256866,False,False,continue_block,0.0,0.0
WIN_20260919_18_10_34_Pro_flip.mp4,28,1.3977635782747604,0.04992012779552716,20.032,0.7884875896742801,-0.9541685726523366,-1.75197550486278,0.5,0.0,0.5,0.0,0.0,0.0,0.0,34.35210001771338,0.014299992471933365,0.0337999954354018,67.0,False,9.010494232177734,2.1656449374220603,-0.9541685726523366,31.415532936019126,0.7884875896742801,3,0.0,0.0,False,0.0,0.0,0.0,0.0,0.0,0.0,False,0.0,0.0,0.0,True,0.7884875896742801,0.0,0.25,False,0.04992012779552716,2.1656449374220603,25.07339555528048,-0.9541685726523366,True,0.22452369824469331,-1.75197550486278,True,0.055538370543769575,8.120521615878719,16,0.030587274584420936,1.4111058695169008,0.22452369824469331,ground_x_z,0.09757500586555645,True,28.2444642456498,0.0,0,29,15.031817753224406,8,2,9.010494232177734,9.400312423706055,0.3898181915283203,0.4551554643946848,0.021656566196017794,-0.03992067300467492,-0.05964774994026123,-1.5147136880122216,1.059333360786956,False,1.2544894009299214,0,False,False,False,0.0,0.0,0.0,False,False,True,True,False,left,0.0,0.0,ground_x_z,2.1656449374220603,25.07339555528048,-1.75197550486278,-3.351506826308071,-5.408474553209362,-5.408474553209362,,-1.75197550486278,False,False,continue_block,0.0,0.0
WIN_20260919_18_10_34_Pro_flip.mp4,29,1.4476837060702876,0.04992012779552716,20.032,0.807598050568791,-5.268661370738188,-4.6448090268303135,0.5,0.0,0.5,0.0,0.0,0.0,0.0,33.96890001022257,0.01309998333454132,0.0337999954354018,46.0,False,-1.361490249633789,-0.3275140492610348,-5.268661370738188,31.415532936019126,0.807598050568791,3,0.0,0.0,False,0.0,0.0,0.0,0.0,0.0,0.0,False,0.0,0.0,0.0,True,0.807598050568791,0.0,0.25,False,0.04992012779552716,-0.3275140492610348,25.07339555528048,-5.268661370738188,True,0.28535179160385216,-4.6448090268303135,True,0.07115910809351804,8.120521615878719,16,0.08124526706129591,-2.3506112376923243,0.28535179160385216,ground_x_z,0.27002156833728247,True,28.2444642456498,0.0,0,30,14.898909169840083,8,2,-1.361490249633789,0.84539794921875,2.206888198852539,0.717915374563363,0.12260489993625218,-0.032371888168220835,0.0015129592551132852,-1.2301323757974723,1.0609227712672493,False,1.2004222886177898,0,False,False,False,0.0,0.0,0.0,False,False,True,True,False,left,0.0,0.0,ground_x_z,-0.3275140492610348,25.07339555528048,-4.6448090268303135,-1.9446218248998028,-3.351506826308071,-3.351506826308071,,-4.6448090268303135,False,False,continue_block,0.0,0.0
WIN_20260919_18_10_34_Pro_flip.mp4,30,1.4976038338658146,0.04992012779552716,20.032,0.35,0.0,0.0,0.5,0.0,0.5,0.0,0.0,0.0,0.0,32.06060000229627,0.015099998563528061,0.01650000922381878,59.0,False,-4.354978561401367,-1.05063336000593,0.0,31.415532936019126,0.35,3,0.0,0.0,False,0.0,0.0,0.0,0.0,0.0,0.0,False,0.0,0.0,0.0,True,0.35,0.0,0.25,False,0.04992012779552716,-1.05063336000593,25.07339555528048,0.0,False,0.0,0.0,False,0.0,0.0,0,0.0,0.0,0.0,ground_x_z,0.0,False,25.07339555528048,0.0,0,31,8.194218482405068,8,2,-4.354978561401367,9.395021438598633,13.75,2.672728068378859,0.7638888888888888,-0.021507788428583807,0.027648232259447177,-0.8172963758035028,1.0609227712672493,False,1.0,0,False,False,False,0.0,0.0,0.0,False,False,True,False,True,left,0.0,0.0,,,,,,,,,,,,brief_loss_hold,0.0,0.0
WIN_20260919_18_10_34_Pro_flip.mp4,31,1.5475239616613419,0.04992012779552716,20.032,0.833420338028252,1.6375293294429172,3.4348169914080136,0.5,0.0,0.5,0.0,0.0,0.0,0.0,39.101600006688386,0.021099986042827368,0.03789999755099416,75.0,False,-19.5,-4.704777306829098,1.6375293294429172,31.415532936019126,0.833420338028252,3,0.0,0.0,True,82.13021327849012,61.61863733119615,1723.9467592592594,139.0,1.0,-19.5,True,0.95,0.029417356719752322,0.1419560324590471,True,0.833420338028252,0.0,0.25,False,0.04992012779552716,-4.704777306829098,25.07339555528048,1.6375293294429172,True,0.14177903359179167,3.4348169914080136,True,0.03490464362273066,8.598081596079517,18,-0.06002078516623539,-3.198910261928252,0.14177903359179167,ground_x_z,-0.18413844191477358,True,28.2444642456498,0.9807986209435539,0,32,10.122167842431718,8,2,-19.5,-20.125,-0.625,2.17806885812203,0.034722222222222224,0.0056580983076111825,0.12831918286897276,0.21557155606474754,1.0637043158419044,False,1.278443113772455,0,False,True,False,0.0,106.13021327849012,60.13021327849012,,False,True,True,False,left,0.0,0.0,ground_x_z,-4.704777306829098,25.07339555528048,3.4348169914080136,7.06960142845681,7.06960142845681,7.06960142845681,,3.4348169914080136,False,False,continue_block,0.0,0.0
WIN_20260919_18_10_34_Pro_flip.mp4,32,1.597444089456869,0.04992012779552716,20.032,0.7423650759987208,3.241416014303792,4.194183750129202,0.5,0.0,0.5,0.0,0.0,0.0,0.0,39.30800000671297,0.017300015315413475,0.03659998765215278,68.0,False,-12.514829635620117,-3.024478372331156,3.241416014303792,31.415532936019126,0.7423650759987208,3,0.0,0.0,True,81.34845165985966,62.56219132917613,1743.098901098901,143.0,0.0,0.0,False,0.0,0.0,0.0,True,0.7423650759987208,0.0,0.25,False,0.04992012779552716,-3.024478372331156,25.07339555528048,3.241416014303792,True,0.11668606005175752,4.194183750129202,True,0.02853574417597785,8.120521615878719,16,-0.07333335020910271,-1.1756763968416597,0.11668606005175752,ground_x_z,-0.22002772483064592,True,28.2444642456498,0.0,0,33,9.968932072264105,8,2,-12.514829635620117,-13.698768615722656,-1.183938980102539,1.6737676823883445,0.06577438778347439,0.01999701865456661,0.08494075188219163,0.7638318182041223,1.0664302295250663,False,1.2659022138570886,0,False,True,False,0.0,105.34845165985966,59.34845165985966,,False,True,True,False,left,0.0,0.0,ground_x_z,-3.024478372331156,25.07339555528048,4.194183750129202,5.54311595233429,6.30635869039555,6.30635869039555,,4.194183750129202,False,False,continue_block,0.0,0.0
WIN_20260919_18_10_34_Pro_flip.mp4,33,1.6473642172523961,0.04992012779552716,20.032,0.8979059856650647,2.1721362759009337,2.628269332806548,0.5,0.0,0.5,0.0,0.0,0.0,0.0,36.56610002508387,0.01680001150816679,0.035500008380040526,46.0,False,-6.5,-1.5773806835607151,2.1721362759009337,31.415532936019126,0.8979059856650647,3,0.0,0.0,True,69.76322431538877,56.47783861688523,1784.3382978723405,209.0,1.0,-6.5,True,0.95,0.024429889594115458,0.11448170424159854,True,0.8979059856650647,0.0,0.25,False,0.04992012779552716,-1.5773806835607151,25.07339555528048,2.1721362759009337,True,0.146384373193966,2.628269332806548,True,0.035807103229477215,8.598081596079517,18,-0.045904155731814555,-0.42185957407955477,0.146384373193966,ground_x_z,-0.13068369472567432,True,28.2444642456498,0.9867238688981232,0,34,9.283118972674922,8,2,-6.5,-7.25,-0.75,1.3102025300300928,0.041666666666666664,0.024410359114766807,0.04460517006836963,0.9347451158958365,1.0691016249345648,True,1.1605839416058394,-1,False,True,False,0.0,93.76322431538877,47.76322431538877,,False,True,True,False,left,0.0,0.0,ground_x_z,-1.5773806835607151,25.07339555528048,2.628269332806548,3.1156668514785464,5.54311595233429,5.54311595233429,,2.628269332806548,False,False,continue_block,0.0,0.0
WIN_20260919_18_10_34_Pro_flip.mp4,34,1.6972843450479234,0.04992012779552716,20.032,0.8996679639360063,-1.2911868083696374,-1.658235583670299,0.5,0.0,0.5,0.0,0.0,0.0,0.0,39.408600016031414,0.013499986380338669,0.03339999238960445,27.0,False,4.75,1.1535076664611585,-1.2911868083696374,31.415532936019126,0.8996679639360063,3,0.0,0.0,True,69.76322431538877,56.47783861688523,1784.3382978723405,209.0,1.0,4.75,True,0.95,0.022847535687780217,0.12216481663819026,True,0.8996679639360063,0.0,0.25,False,0.04992012779552716,1.1535076664611585,25.07339555528048,-1.2911868083696374,True,0.17331015078620962,-1.658235583670299,True,0.04348142212998157,8.598081596079517,18,0.02894975412745516,0.43321975456142825,0.17331015078620962,ground_x_z,0.09189384766170461,True,28.2444642456498,0.9883515592212514,0,35,9.48541962396231,8,2,4.75,5.25,0.5,1.1886721505255788,0.027777777777777776,0.014070534768856419,-0.03244353534084239,0.5401219417537491,1.0717195924358736,True,1.1720430107526882,-1,False,True,False,0.0,93.76322431538877,47.76322431538877,,False,True,True,False,left,0.0,0.0,ground_x_z,1.1535076664611585,25.07339555528048,-1.658235583670299,-2.1477304535230775,3.1156668514785464,3.1156668514785464,,-1.658235583670299,False,False,continue_block,0.0,0.0
WIN_20260919_18_10_34_Pro_flip.mp4,35,1.7472044728434504,0.04992012779552716,20.032,0.9451458041130729,-3.5067974318121573,-5.323302598231831,0.5,0.0,0.5,0.0,0.0,0.0,0.0,40.103200008161366,0.01409999094903469,0.038300000596791506,25,False,20.1125,4.917791353712996,-3.5067974318121573,31.415532936019126,0.9451458041130729,3,0.0,0.0,True,77.22255537452979,-68.72549711055446,53.79245283018868,165.0,1.0,20.125,True,0.95,0.00981996051128154,0.3531245809866077,True,0.9451458041130729,0.0,0.25,False,0.04992012779552716,4.917791353712996,25.07339555528048,-3.5067974318121573,True,0.7040665708964547,-5.323302598231831,True,0.17381561066717488,8.598081596079517,18,0.0931774177883127,2.643957825511352,0.7040665708964547,ground_x_z,0.32885088476643753,True,28.2444642456498,0.9968877331114097,0,36,11.635388787578671,8,2,19.875,21.875,1.7624999999999993,1.2747463279467417,0.09791666666666662,-0.013184629546798998,-0.13635209401830228,-0.5073265267906655,1.0742852005871562,False,1.0833333333333333,0,False,True,False,0.0,101.22255537452979,55.22255537452979,,False,True,True,False,left,0.0,0.0,ground_x_z,4.917791353712996,25.07339555528048,-5.323302598231831,-8.239599194744164,-2.1477304535230775,-2.1477304535230775,,-5.323302598231831,False,False,continue_block,0.0,0.0
WIN_20260919_18_10_34_Pro_flip.mp4,36,1.7971246006389776,0.04992012779552716,20.032,0.9262158973966652,-0.28322511514235904,-3.3359054209193735,0.5,0.0,0.5,0.0,0.0,0.0,0.0,42.50290000345558,0.01479999627918005,0.037299992982298136,57.0,False,30.25,7.411382396327098,-0.28322511514235904,31.415532936019126,0.9262158973966652,3,0.0,0.0,True,87.46949685968625,-77.83549243164519,53.902352941176474,113.0,1.0,30.25,True,0.95,0.015724912344737895,0.12216481663819252,True,0.9262158973966652,0.0,0.25,False,0.04992012779552716,7.411382396327098,25.07339555528048,-0.28322511514235904,True,0.10641823779818706,-3.3359054209193735,True,0.026343419486388256,8.598081596079517,18,0.058288411269443105,5.97125579566822,0.10641823779818706,ground_x_z,0.18694862137593793,True,28.2444642456498,0.9944041670557785,0,37,10.491030388526621,8,2,30.25,30.5,0.25,1.1210343787547306,0.013888888888888888,-0.04643280428203378,-0.19700775374204937,-1.7908524426762569,1.076799496575413,False,1.1041666666666667,0,False,True,False,0.0,111.46949685968625,65.46949685968625,,True,True,True,False,left,0.0,0.0,ground_x_z,7.411382396327098,25.07339555528048,-3.3359054209193735,-10.05329831122765,-8.239599194744164,-8.239599194744164,,-3.3359054209193735,False,False,continue_block,0.0,0.0
WIN_20260919_18_10_34_Pro_flip.mp4,37,1.8470447284345048,0.04992012779552716,20.032,0.9395992962368381,3.1661300690212113,0.022259231405111622,0.5,0.0,0.5,0.0,0.0,0.0,0.0,55.89349998626858,0.01689998316578567,0.03880000440403819,46.0,False,28.5,7.012331783942473,3.1661300690212113,31.415532936019126,0.9395992962368381,3,0.0,0.0,True,87.46949685968625,-77.83549243164519,53.902352941176474,113.0,1.0,28.5,True,0.95,0.014894277239052537,0.10624442944398566,True,0.9395992962368381,0.0,0.25,False,0.04992012779552716,7.012331783942473,25.07339555528048,3.1661300690212113,True,0.12841310987864643,0.022259231405111622,True,0.031998980715140755,8.598081596079517,18,-0.00038849689652777775,7.01209468395316,0.12841310987864643,ground_x_z,-0.016987843531598656,True,28.2444642456498,0.9949946157975872,0,38,10.045680544846467,8,2,28.5,27.25,-1.25,0.765379221941521,0.06944444444444445,-0.07069635363271384,-0.18095956080980996,-2.732905113057389,1.079263506643905,False,1.104026845637584,0,False,True,False,0.0,111.46949685968625,65.46949685968625,,True,True,True,False,left,0.0,0.0,ground_x_z,7.012331783942473,25.07339555528048,0.022259231405111622,-7.972586286554992,-8.239599194744164,-8.239599194744164,,0.022259231405111622,False,False,continue_block,0.0,0.0
WIN_20260919_18_10_34_Pro_flip.mp4,38,1.8969648562300319,0.04992012779552716,20.032,0.7903423395379936,2.110880111626756,-0.5730843109743735,0.5,0.0,0.5,0.0,0.0,0.0,0.0,48.9794000168331,0.017000013031065464,0.05679999594576657,80,False,24.76227569580078,6.084515228040652,2.110880111626756,31.415532936019126,0.7903423395379936,3,0.0,0.0,True,87.46949685968625,-77.83549243164519,53.902352941176474,113.0,0.0,0.0,False,0.0,0.0,0.0,True,0.7903423395379936,0.0,0.25,False,0.04992012779552716,6.084515228040652,25.07339555528048,2.110880111626756,True,0.06882173521970507,-0.5730843109743735,True,0.01712516597947829,8.120521615878719,16,0.01000254168556839,5.846349510051524,0.06882173521970507,ground_x_z,0.032593396709611255,True,28.2444642456498,0.0,0,39,9.822127014798797,8,2,24.76227569580078,23.969890594482422,-0.7923851013183594,0.5317145734525389,0.044021394517686635,-0.086349381540157,-0.15788761136026752,-3.345471769510027,1.081678236511027,False,1.1039133586927172,0,False,True,False,0.0,111.46949685968625,65.46949685968625,,True,True,True,False,left,0.0,0.0,ground_x_z,6.084515228040652,25.07339555528048,-0.5730843109743735,-7.2195974727477354,-7.972586286554992,-31.18041043815327,-46.415648303196555,-7.758639862253117,True,False,continue_block,0.0,0.0
WIN_20260919_18_10_34_Pro_flip.mp4,39,1.946884984025559,0.04992012779552716,20.032,0.7919814828718329,-0.4362831417710366,-3.087107346472136,0.5,0.0,0.5,0.0,0.0,0.0,0.0,30.290899972897023,0.02139998832717538,0.0782000133767724,65.0,False,26.351985931396484,6.469929937524818,-0.4362831417710366,31.415532936019126,0.7919814828718329,3,0.0,0.0,True,87.46949685968625,-77.83549243164519,53.902352941176474,113.0,0.0,0.0,False,0.0,0.0,0.0,True,0.7919814828718329,0.0,0.25,False,0.04992012779552716,6.469929937524818,25.07339555528048,-0.4362831417710366,True,0.10965410034589404,-3.087107346472136,True,0.02771391037895218,8.120521615878719,16,0.05393238757701992,5.13793363357496,0.10965410034589404,ground_x_z,0.17576778461491882,True,28.2444642456498,0.0,0,40,8.46564320187615,8,2,26.351985931396484,26.494388580322266,0.14240264892578125,0.47331778477352526,0.007911258273654513,-0.10154573587010411,-0.17115648468062294,-3.942837847039253,1.0840446717808063,False,1.1160622722657885,0,False,True,False,0.0,111.46949685968625,65.46949685968625,,True,True,True,False,left,0.0,0.0,ground_x_z,6.469929937524818,25.07339555528048,-3.087107346472136,-8.882651633385576,-7.972586286554992,-28.644993329312157,-41.34481408551433,-11.14891172365288,True,False,continue_block,0.0,0.0
WIN_20260919_18_10_34_Pro_flip.mp4,40,1.9968051118210863,0.04992012779552716,20.032,0.7838912452561271,-1.5414591983218788,-3.602941839534291,0.5,0.0,0.5,0.0,0.0,0.0,0.0,36.65910000563599,0.012999982573091984,0.05160001455806196,62.0,False,21.26644515991211,5.235517501395997,-1.5414591983218788,31.415532936019126,0.7838912452561271,3,0.0,0.0,False,0.0,0.0,0.0,0.0,0.0,0.0,False,0.0,0.0,0.0,True,0.7838912452561271,0.0,0.25,False,0.04992012779552716,5.235517501395997,25.07339555528048,-1.5414591983218788,True,0.06772826280313762,-3.602941839534291,True,0.017184470539136402,8.120521615878719,16,0.06296621544192588,3.6720645959505345,0.06772826280313762,ground_x_z,0.20139910851832488,True,28.2444642456498,0.0,0,41,5.444114120695656,7,2,21.26644515991211,21.870067596435547,0.6036224365234375,0.49286348253601214,0.03353457980685764,-0.10827912588065901,-0.13972603932115746,-4.213277502659566,1.0863637783451903,False,1.1251658070617427,0,False,False,False,0.0,0.0,0.0,False,False,True,True,False,left,0.0,0.0,ground_x_z,5.235517501395997,25.07339555528048,-3.602941839534291,-7.750393881335562,-7.750393881335562,-27.779586872068702,-40.05838598146628,-11.561101322869847,True,False,continue_block,0.0,0.0
WIN_20260919_18_10_34_Pro_flip.mp4,41,2.0467252396166136,0.04992012779552716,20.032,0.7918876616928654,-2.8358830777004758,-4.293584808875628,0.5,0.0,0.5,0.0,0.0,0.0,0.0,33.65760002634488,0.016400008462369442,0.06859999848529696,80,False,16.192405700683594,4.000096023156965,-2.8358830777004758,31.415532936019126,0.7918876616928654,3,0.0,0.0,False,0.0,0.0,0.0,0.0,0.0,0.0,False,0.0,0.0,0.0,True,0.7918876616928654,0.0,0.25,False,0.04992012779552716,4.000096023156965,25.07339555528048,-2.8358830777004758,True,0.06804509568607219,-4.293584808875628,True,0.01709709954015064,8.120521615878719,16,0.07507777942859903,2.12787093198383,0.06804509568607219,ground_x_z,0.23496166417719033,True,28.2444642456498,0.0,0,42,3.772767233201571,6,2,16.192405700683594,17.301429748535156,1.1090240478515625,0.5852875673333446,0.061612447102864586,-0.10815417940459321,-0.10861164503919628,-4.217219882264379,1.0886365027782865,False,1.1023097755939975,0,False,False,False,0.0,0.0,0.0,False,False,True,True,False,left,0.0,0.0,ground_x_z,4.000096023156965,25.07339555528048,-4.293584808875628,-6.697603787607706,-7.750393881335562,-24.24340199498891,-32.9860162273067,-12.125828414510963,True,False,continue_block,0.0,0.0
WIN_20260919_18_10_34_Pro_flip.mp4,42,2.0966453674121404,0.04992012779552716,20.032,0.8039955557041196,-2.2613894077440477,-3.7744951605828594,0.5,0.0,0.5,0.0,0.0,0.0,0.0,47.06589999841526,0.026900001103058457,0.09660000796429813,77.0,False,16.227481842041016,4.013007055291497,-2.2613894077440477,31.415532936019126,0.8039955557041196,3,0.0,0.0,False,0.0,0.0,0.0,0.0,0.0,0.0,False,0.0,0.0,0.0,True,0.8039955557041196,0.0,0.25,False,0.04992012779552716,4.013007055291497,25.07339555528048,-2.2613894077440477,True,0.062475485980109755,-3.7744951605828594,True,0.016027792123284142,8.120521615878719,16,0.06597283268363639,2.374964035057512,0.062475485980109755,ground_x_z,0.2034914174644844,True,28.2444642456498,0.0,0,43,3.690734163152088,5,2,16.227481842041016,17.104572296142578,0.8770904541015625,0.6290580003485773,0.0487272474500868,-0.10793001371081884,-0.10791489234039037,-4.21708930163914,1.0908637727227208,False,1.0734447110723875,0,False,False,False,0.0,0.0,0.0,False,False,True,True,False,left,0.0,0.0,ground_x_z,4.013007055291497,25.07339555528048,-3.7744951605828594,-6.455544758083669,-6.697603787607706,-18.715462355162316,-24.035717135109216,-10.900060623448216,True,False,continue_block,0.0,0.0
WIN_20260919_18_10_34_Pro_flip.mp4,43,2.1465654952076676,0.04992012779552716,20.032,0.9568468931414491,1.2959281013615176,-0.9504680562810723,0.5,0.0,0.5,0.0,0.0,0.0,0.0,61.29519999376498,0.022199994418770075,0.09519999730400741,80,False,21.0,5.20086277998685,1.2959281013615176,31.415532936019126,0.9568468931414491,3,0.0,0.0,False,0.0,0.0,0.0,0.0,1.0,21.0,True,0.95,0.008329476082826344,0.13734495390671092,True,0.9568468931414491,0.0,0.25,False,0.04992012779552716,5.20086277998685,25.07339555528048,1.2959281013615176,True,0.11275670919372598,-0.9504680562810723,True,0.028266586341326942,8.598081596079517,18,0.01659031886497584,4.799018169140417,0.11275670919372598,ground_x_z,0.05387072859346054,True,28.2444642456498,0.9983122720623168,0,44,3.9220897467838847,4,2,21.0,20.5,-0.5,0.45969930029629064,0.027777777777777776,-0.11251189439308107,-0.13421838618842072,-4.40491082012561,1.0930464972682665,False,1.0601265822784811,0,False,False,False,0.0,0.0,0.0,False,False,True,True,False,left,0.0,0.0,ground_x_z,5.20086277998685,25.07339555528048,-0.9504680562810723,-6.406795056554146,-6.455544758083669,-11.195410431856905,-9.47973134754647,-3.6000250465755936,True,False,continue_block,0.0,0.0
WIN_20260919_18_10_34_Pro_flip.mp4,44,2.196485623003195,0.04992012779552716,20.032,0.9503487478864521,0.6760868887322605,-1.29934973869775,0.5,0.0,0.5,0.0,0.0,0.0,0.0,60.79009998939,0.020199979189783335,0.09210000280290842,80,False,18.75,4.66945332768864,0.6760868887322605,31.415532936019126,0.9503487478864521,3,0.0,0.0,False,0.0,0.0,0.0,0.0,1.0,18.75,True,0.95,0.008168744556201259,0.07487363091276196,True,0.9503487478864521,0.0,0.25,False,0.04992012779552716,4.66945332768864,25.07339555528048,0.6760868887322605,True,0.09292019960891833,-1.29934973869775,True,0.023740565105951454,8.598081596079517,18,0.022681819541945827,4.105020419904614,0.09292019960891833,ground_x_z,0.06981411289876016,True,28.2444642456498,0.9984745143311347,0,45,3.986207753642016,3,2,18.75,18.5,-0.25,0.35324440525184697,0.013888888888888888,-0.11383497439167352,-0.12081572341922137,-4.465431919507316,1.0951855673229012,False,0.99375,0,False,False,False,0.0,0.0,0.0,False,False,True,True,False,left,0.0,0.0,ground_x_z,4.66945332768864,25.07339555528048,-1.29934973869775,-5.976903046917707,-6.406795056554146,-3.8886656547063954,5.036258803695501,-2.0315022107759946,True,False,continue_block,0.0,0.0
WIN_20260919_18_10_34_Pro_flip.mp4,45,2.246405750798722,0.04992012779552716,20.032,0.986324033304197,1.6581613467392384,-0.4775631560086295,0.5,0.0,0.5,0.0,0.0,0.0,0.0,59.25029999343678,0.022599997464567423,0.14970000484026968,56.0,False,19.618750000000002,4.882931485850862,1.6581613467392384,31.415532936019126,0.986324033304197,3,0.0,0.0,False,0.0,0.0,0.0,0.0,1.0,19.625,True,0.95,0.0060092007855797585,0.09414688716912759,True,0.986324033304197,0.0,0.25,False,0.04992012779552716,4.882931485850862,25.07339555528048,1.6581613467392384,True,0.14743350232240346,-0.4775631560086295,True,0.03734328072349861,8.598081596079517,18,0.008335242484364439,4.677163509131288,0.14743350232240346,ground_x_z,0.023852186976675238,True,28.2444642456498,0.9991286772392023,0,46,3.296703289653127,2,2,19.5,19.0,-0.6187500000000021,0.2074452444640696,0.03437500000000012,-0.11565015392329174,-0.12484715987822001,-4.545319954289136,1.0972818559764432,False,0.9695121951219512,0,False,False,False,0.0,0.0,0.0,False,False,True,True,False,left,0.0,0.0,ground_x_z,4.882931485850862,25.07339555528048,-0.4775631560086295,-5.813480919753888,-5.976903046917707,-3.27370312768273,5.406399838469954,1.7385590290616673,True,False,continue_block,0.0,0.0
WIN_20260919_18_10_34_Pro_flip.mp4,46,2.2963258785942493,0.04992012779552716,20.032,0.9589882163656441,0.9193638034583372,-1.5887443898288738,0.5,0.0,0.5,0.0,0.0,0.0,0.0,56.371500017121434,0.01780001912266016,0.11449999874457717,26.0,False,23.5,5.8833968458531825,0.9193638034583372,31.415532936019126,0.9589882163656441,3,0.0,0.0,False,0.0,0.0,0.0,0.0,1.0,23.5,True,0.95,0.006767561616857351,0.33529724488018753,True,0.9589882163656441,0.0,0.25,False,0.04992012779552716,5.8833968458531825,25.07339555528048,0.9193638034583372,True,0.3345549205508017,-1.5887443898288738,True,0.08467086761089296,8.598081596079517,18,0.027735929542597345,5.221163427724898,0.3345549205508017,ground_x_z,0.11383470346410451,True,28.2444642456498,0.9981057067099914,0,47,2.954978444210405,1,2,23.5,23.375,-0.125,0.15757845779445917,0.006944444444444444,-0.12210834648328256,-0.15230712983937528,-4.8081270308015975,1.0993362188569145,False,0.9634146341463414,0,False,False,False,0.0,0.0,0.0,False,False,True,True,False,left,0.0,0.0,ground_x_z,5.8833968458531825,25.07339555528048,-1.5887443898288738,-7.49114019178946,-5.976903046917707,-3.27370312768273,5.406399838469954,-1.4520672629521751,True,False,continue_block,0.0,0.0
WIN_20260919_18_10_34_Pro_flip.mp4,47,2.3462460063897765,0.04992012779552716,20.032,0.9882115548152527,0.6746918736140194,-3.4019400413775784,0.5,0.0,0.5,0.0,0.0,0.0,0.0,53.22670002351515,0.020800012862309813,0.11319998884573579,34.0,False,39.0,9.744001248932536,0.6746918736140194,31.415532936019126,0.9882115548152527,3,0.0,0.0,False,0.0,0.0,0.0,0.0,1.0,39.0,True,0.95,0.003956760356755567,0.07177405625653191,True,0.9882115548152527,0.0,0.25,False,0.04992012779552716,9.744001248932536,25.07339555528048,0.6746918736140194,True,0.1471103297328482,-3.4019400413775784,True,0.03826913902441673,8.598081596079517,18,0.05944492675873821,8.263348301060935,0.1471103297328482,ground_x_z,0.1912757396445839,True,28.2444642456498,0.9996119190547594,0,48,7.53536008022242,0,2,39.0,38.75,-0.25,0.09644168912529028,0.013888888888888888,-0.14541111008716104,-0.25185743514014963,-5.736180292348731,1.1013494944797761,False,0.9479768786127167,0,False,False,False,0.0,0.0,0.0,False,True,True,True,False,left,0.0,0.0,ground_x_z,9.744001248932536,25.07339555528048,-3.4019400413775784,-12.65394375978962,-7.49114019178946,-5.862934391670464,3.2564116002379913,-3.796110575399192,True,False,continue_block,0.0,0.0
WIN_20260919_18_10_34_Pro_flip.mp4,48,2.3961661341853033,0.04992012779552716,20.032,0.9749126662087254,-1.9314953104423178,-7.178125723734991,0.5,0.0,0.5,0.0,0.0,0.0,0.0,60.48340001143515,0.01960000372491777,0.09379998664371669,42.0,False,52.0,12.991621108426813,-1.9314953104423178,31.415532936019126,0.9749126662087254,3,0.0,0.0,False,0.0,0.0,0.0,0.0,1.0,52.0,True,0.717099344620613,0.012671360516971458,0.24494897427831783,True,0.9749126662087254,0.0,0.25,False,0.04992012779552716,12.991621108426813,25.07339555528048,-1.9314953104423178,True,0.23191517548096224,-7.178125723734991,True,0.059061671006788864,8.598081596079517,18,0.12594152615090765,9.845914963432639,0.23191517548096224,ground_x_z,0.3899996906198204,True,28.2444642456498,0.9959713119730736,0,49,9.275034534976136,8,2,52.0,52.57656478881836,0.5765647888183594,0.16846015407925063,0.03203137715657552,-0.19200778700819526,-0.3386150025885919,-7.587895918863063,1.1033225045901807,False,0.8863773544194028,0,False,False,False,0.0,0.0,0.0,False,True,True,True,False,left,0.0,0.0,ground_x_z,12.991621108426813,25.07339555528048,-7.178125723734991,-17.880651436239702,-12.65394375978962,-17.375601502047473,-9.44331548451571,-7.572296257756604,True,False,continue_block,0.0,0.0
WIN_20260919_18_10_34_Pro_flip.mp4,49,2.4460862619808306,0.04992012779552716,20.032,0.9796937203893671,1.5792555445044654,-4.494347481734765,0.5,0.0,0.5,0.0,0.0,0.0,0.0,56.73070001648739,0.02300000051036477,0.09449999197386205,73.0,False,57.75,14.469848836275139,1.5792555445044654,31.415532936019126,0.9796937203893671,3,0.0,0.0,False,0.0,0.0,0.0,0.0,1.0,57.75,True,0.95,0.009302050918200442,0.11043989178268182,True,0.9796937203893671,0.0,0.25,False,0.04992012779552716,14.469848836275139,25.07339555528048,1.5792555445044654,True,0.15465710936675714,-4.494347481734765,True,0.03967692794850865,8.598081596079517,18,0.07860244147493652,12.516145349136016,0.15465710936675714,ground_x_z,0.2474849655759881,True,28.2444642456498,0.997983898436401,0,50,9.572160969446763,8,2,57.75,57.0,-0.75,0.030691130967363006,0.041666666666666664,-0.2242697558818739,-0.37176302319431426,-8.878378571953906,1.1052560544983772,False,0.9164556962025316,0,False,False,False,0.0,0.0,0.0,False,True,True,True,False,left,0.0,0.0,ground_x_z,14.469848836275139,25.07339555528048,-4.494347481734765,-18.189634578010715,-17.880651436239702,-27.894425439060456,-20.02754800564151,-4.888518015756379,True,False,continue_block,0.0,0.0
WIN_20260919_18_10_34_Pro_flip.mp4,50,2.496006389776358,0.04992012779552716,20.032,0.839274943656496,1.7030760564832974,-3.9717093275671798,0.5,0.0,0.5,0.0,0.0,0.0,0.0,63.13949998002499,0.022899999748915434,0.09580000187270343,58.0,False,53.565391540527344,13.46117535476016,1.7030760564832974,31.415532936019126,0.839274943656496,3,0.0,0.0,False,0.0,0.0,0.0,0.0,0.0,0.0,False,0.0,0.0,0.0,True,0.839274943656496,0.0,0.25,False,0.04992012779552716,13.46117535476016,25.07339555528048,1.7030760564832974,True,0.08434074295590935,-3.9717093275671798,True,0.021634668375586596,8.120521615878719,16,0.06943064925912666,11.742406942914505,0.08434074295590935,ground_x_z,0.21987891021147998,True,28.2444642456498,0.0,0,51,9.745640558953424,8,2,53.565391540527344,52.87583923339844,-0.6895523071289062,-0.07734538474707739,0.03830846150716146,-0.24580757153904245,-0.3449949107971922,-9.747699515902273,1.1071509334084095,False,0.9377138927894912,0,False,False,False,0.0,0.0,0.0,False,True,True,True,False,left,0.0,0.0,ground_x_z,13.46117535476016,25.07339555528048,-3.9717093275671798,-16.900717761073775,-17.880651436239702,-30.958008035983294,-26.154713199487183,-4.963744762264951,True,False,continue_block,0.0,0.0
WIN_20260919_18_10_34_Pro_flip.mp4,51,2.545926517571885,0.04992012779552716,20.032,0.8396863750740897,-0.9075541514360802,-6.353451942397933,0.5,0.0,0.5,0.0,0.0,0.0,0.0,48.03989999345504,0.022599997464567423,0.09889999637380242,62.0,False,52.79360580444336,13.292258914394539,-0.9075541514360802,31.415532936019126,0.8396863750740897,3,0.0,0.0,False,0.0,0.0,0.0,0.0,0.0,0.0,False,0.0,0.0,0.0,True,0.8396863750740897,0.0,0.25,False,0.04992012779552716,13.292258914394539,25.07339555528048,-0.9075541514360802,True,0.11364624671961078,-6.353451942397933,True,0.02961694123863942,8.120521615878719,16,0.11134540843936884,10.514425810381734,0.11364624671961078,ground_x_z,0.344785090175205,True,28.2444642456498,0.0,0,52,9.596031483707343,8,2,52.79360580444336,53.120548248291016,0.32694244384765625,-0.016702210457867336,0.01816346910264757,-0.26311903402161785,-0.34330928546232564,-10.451700543317951,1.1090079147402414,False,0.9470236705946998,0,False,False,False,0.0,0.0,0.0,False,True,True,True,False,left,0.0,0.0,ground_x_z,13.292258914394539,25.07339555528048,-6.353451942397933,-17.81503901066354,-17.81503901066354,-33.81638261762038,-32.00268721391368,-10.676416595712446,True,False,continue_block,0.0,0.0
WIN_20260919_18_10_34_Pro_flip.mp4,52,2.5958466453674123,0.04992012779552716,20.032,0.9881487306351343,-1.3254910546926386,-6.406957063313168,0.5,0.0,0.5,0.0,0.0,0.0,0.0,47.35820001224056,0.026900001103058457,0.10050000855699182,51.0,False,49.5,12.481730792866612,-1.3254910546926386,31.415532936019126,0.9881487306351343,3,0.0,0.0,False,0.0,0.0,0.0,0.0,1.0,49.5,True,0.95,0.0032953416203102886,0.1224744871391566,True,0.9881487306351343,0.0,0.25,False,0.04992012779552716,12.481730792866612,25.07339555528048,-1.3254910546926386,True,0.20982146670483476,-6.406957063313168,True,0.053428628789622935,8.598081596079517,18,0.11229092512267098,9.698845997814002,0.20982146670483476,ground_x_z,0.35279281058124656,True,28.2444642456498,0.999641559501938,0,53,6.797307413624542,7,2,49.5,50.0,0.5,0.06080312111081278,0.027777777777777776,-0.27352828771046817,-0.3225766917744086,-10.883009697693206,1.1108277564454365,False,0.9494949494949495,0,False,False,False,0.0,0.0,0.0,False,True,True,True,False,left,0.0,0.0,ground_x_z,12.481730792866612,25.07339555528048,-6.406957063313168,-16.9939511744331,-16.9939511744331,-32.99160689884264,-31.995311448819084,-12.479423051583545,True,False,continue_block,0.0,0.0
WIN_20260919_18_10_34_Pro_flip.mp4,53,2.6457667731629395,0.04992012779552716,20.032,0.8369665406948577,-2.0862514195072572,-6.240627139924431,0.5,0.0,0.5,0.0,0.0,0.0,0.0,50.7594000082463,0.02449998282827437,0.10390000534243882,60.0,False,40.77621841430664,10.309011376894755,-2.0862514195072572,31.415532936019126,0.8369665406948577,3,0.0,0.0,False,0.0,0.0,0.0,0.0,0.0,0.0,False,0.0,0.0,0.0,True,0.8369665406948577,0.0,0.25,False,0.04992012779552716,10.309011376894755,25.07339555528048,-2.0862514195072572,True,0.20516409438766442,-6.240627139924431,True,0.05408729894343174,8.120521615878719,16,0.10935226528858588,7.568651532678084,0.20516409438766442,ground_x_z,0.333043439661699,True,28.2444642456498,0.0,0,54,5.255878718757851,6,2,40.77621841430664,41.5440673828125,0.7678489685058594,0.16685999822006978,0.0426582760281033,-0.27199540640255393,-0.2670435036186623,-10.839395025767034,1.1126112013165277,False,0.9323084821721817,0,False,False,False,0.0,0.0,0.0,False,True,True,True,False,left,0.0,0.0,ground_x_z,10.309011376894755,25.07339555528048,-6.240627139924431,-14.6115541326546,-16.9939511744331,-32.009255432785736,-30.03060851670527,-12.64084661877617,True,False,continue_block,0.0,0.0
WIN_20260919_18_10_34_Pro_flip.mp4,54,2.6956869009584663,0.04992012779552716,20.032,0.979672342154477,-6.0459379091062395,-9.694968134174157,0.5,0.0,0.5,0.0,0.0,0.0,0.0,45.109600003343076,0.014399993233382702,0.05970001802779734,59.0,False,38.0,9.58949044003888,-6.0459379091062395,31.415532936019126,0.979672342154477,3,0.0,0.0,False,0.0,0.0,0.0,0.0,1.0,38.0,True,0.95,0.008313718106135978,0.1770978158070756,True,0.979672342154477,0.0,0.25,False,0.04992012779552716,9.58949044003888,25.07339555528048,-6.0459379091062395,True,0.20711152671522223,-9.694968134174157,True,0.05372427091495584,8.598081596079517,18,0.17084274306385522,5.373918662164181,0.20711152671522223,ground_x_z,0.5635013009323089,True,28.2444642456498,0.9982206030704028,0,55,4.749025041319399,5,2,38.0,40.5,2.5,0.5168309984870594,0.1388888888888889,-0.2684560061024878,-0.2543717456851604,-10.715150794091036,1.1143589772901972,False,0.915,0,False,False,False,0.0,0.0,0.0,False,True,True,True,False,left,0.0,0.0,ground_x_z,9.58949044003888,25.07339555528048,-9.694968134174157,-15.480624204295735,-15.480624204295735,-26.23908055295918,-21.516912697326887,-16.91032424203673,True,False,continue_block,0.0,0.0
WIN_20260919_18_10_34_Pro_flip.mp4,55,2.7456070287539935,0.04992012779552716,20.032,0.9632865452880321,-3.76021672644188,-8.305001820180442,0.5,0.0,0.5,0.0,0.0,0.0,0.0,43.51339998538606,0.023500004317611456,0.0957000011112541,55.0,False,45.5,11.537960334084264,-3.76021672644188,31.415532936019126,0.9632865452880321,3,0.0,0.0,False,0.0,0.0,0.0,0.0,1.0,45.5,True,0.95,0.012620110268893104,0.11742179860604647,True,0.9632865452880321,0.0,0.25,False,0.04992012779552716,11.537960334084264,25.07339555528048,-3.76021672644188,True,0.34877524364901863,-8.305001820180442,True,0.09229249440723898,8.598081596079517,18,0.14597338039090232,7.894434307646662,0.34877524364901863,ground_x_z,0.47040826865152674,True,28.2444642456498,0.9963596536448104,0,56,5.504638884728108,4,2,45.5,47.125,1.625,0.6830563487140004,0.09027777777777778,-0.27389967734958737,-0.300394398439747,-10.949233084464364,1.1160717977443932,False,0.9054373522458629,0,False,False,False,0.0,0.0,0.0,False,True,True,True,False,left,0.0,0.0,ground_x_z,11.537960334084264,25.07339555528048,-8.305001820180442,-16.884702744776384,-15.480624204295735,-25.483458187953573,-20.00566796731568,-15.77945008933613,True,False,continue_block,0.0,0.0
WIN_20260919_18_10_34_Pro_flip.mp4,56,2.7955271565495208,0.04992012779552716,20.032,0.8147485334207292,4.687406676818046,-0.5303266859579466,0.5,0.0,0.5,0.0,0.0,0.0,0.0,58.44090000027791,0.030499999411404133,0.5350999999791384,80,False,47.83935546875,12.140638143939437,4.687406676818046,31.415532936019126,0.8147485334207292,3,0.0,0.0,False,0.0,0.0,0.0,0.0,0.0,0.0,False,0.0,0.0,0.0,True,0.8147485334207292,0.0,0.25,False,0.04992012779552716,12.140638143939437,25.07339555528048,4.687406676818046,True,0.2618608503659954,-0.5303266859579466,True,0.06777754251081114,8.120521615878719,16,0.009256211117071667,11.925163727980518,0.2618608503659954,ground_x_z,0.02399446585186027,True,28.2444642456498,0.0,0,57,5.59253389874485,3,2,47.83935546875,45.92102813720703,-1.9183273315429688,0.29284879667545505,0.10657374064127605,-0.27898339560074104,-0.30384642553084823,-11.169229671818302,1.1177503617895055,False,0.9161027294201227,0,False,False,False,0.0,0.0,0.0,False,True,True,True,False,left,0.0,0.0,ground_x_z,12.140638143939437,25.07339555528048,-0.5303266859579466,-13.897424710844597,-15.480624204295735,-16.864480338269804,-2.7677122679481396,-6.549976784299311,True,False,continue_block,0.0,0.0
WIN_20260919_18_10_34_Pro_flip.mp4,57,2.845447284345048,0.04992012779552716,20.032,0.7642685023403324,7.666662665622302,2.281487163996016,0.5,0.0,0.5,0.0,0.0,0.0,0.0,57.0925000065472,0.024200009647756815,0.09419998968951404,54.0,False,48.21588134765625,12.248154806541242,7.666662665622302,31.415532936019126,0.7642685023403324,3,0.0,0.0,False,0.0,0.0,0.0,0.0,0.0,0.0,False,0.0,0.0,0.0,True,0.7642685023403324,0.0,0.25,False,0.04992012779552716,12.248154806541242,25.07339555528048,7.666662665622302,True,0.24030380744395827,2.281487163996016,True,0.06189231947506657,8.120521615878719,16,-0.03984052198596005,13.274981186188661,0.24030380744395827,ground_x_z,-0.12098376952571588,True,28.2444642456498,0.0,0,58,5.397705245481166,2,2,48.21588134765625,45.125,-3.09088134765625,-0.2147107249743008,0.1717156304253472,-0.2828980821243008,-0.3024655773398391,-11.342624367831428,1.1193953545537154,False,1.0060344302682853,0,False,False,False,0.0,0.0,0.0,False,True,True,True,False,left,0.0,0.0,ground_x_z,12.248154806541242,25.07339555528048,2.281487163996016,-12.6859087155352,-13.897424710844597,-8.910424850649932,9.97399972038933,5.477273760427459,True,False,continue_block,0.0,0.0
WIN_20260919_18_10_34_Pro_flip.mp4,58,2.8953674121405752,0.04992012779552716,20.032,0.7733077824995417,-0.7812592920864635,-6.268601063886496,0.5,0.0,0.5,0.0,0.0,0.0,0.0,61.82640002225526,0.02750000567175448,0.10349997319281101,38.0,False,52.52711868286133,13.358859930157996,-0.7812592920864635,31.415532936019126,0.7733077824995417,3,0.0,0.0,False,0.0,0.0,0.0,0.0,0.0,0.0,False,0.0,0.0,0.0,True,0.7733077824995417,0.0,0.25,False,0.04992012779552716,13.358859930157996,25.07339555528048,-0.7812592920864635,True,0.8563025041105128,-6.268601063886496,True,0.22199966353926057,8.120521615878719,16,0.1098463670846023,10.570152184872109,0.8563025041105128,ground_x_z,0.3188586752231961,True,28.2444642456498,0.0,0,59,4.1990120693100685,1,2,52.52711868286133,52.79344177246094,0.2663230895996094,-0.14255565278821428,0.0147957271999783,-0.29301796563284604,-0.3406474328731233,-11.765294241157738,1.121007447462641,False,1.0051551931759015,0,False,False,False,0.0,0.0,0.0,False,True,True,True,False,left,0.0,0.0,ground_x_z,13.358859930157996,25.07339555528048,-6.268601063886496,-17.84539892298132,-13.897424710844597,-8.910424850649932,9.97399972038933,-5.3576211645822465,True,False,continue_block,0.0,0.0
WIN_20260919_18_10_34_Pro_flip.mp4,59,2.945287539936102,0.04992012779552716,20.032,0.6297487628320698,1.7250340112936802,-5.518216376958373,0.5,0.0,0.5,0.0,0.0,0.0,0.0,56.447100010700524,0.01810002140700817,0.08719999459572136,37.0,False,67.06063079833984,17.147885592156968,1.7250340112936802,31.415532936019126,0.6297487628320698,3,0.0,0.0,False,0.0,0.0,0.0,0.0,0.0,0.0,False,0.0,0.0,0.0,True,0.6297487628320698,0.0,0.25,False,0.04992012779552716,17.147885592156968,25.194677059615437,1.7250340112936802,True,1.5676297600171256,-5.518216376958373,True,0.4156786888892582,8.120521615878719,15,0.09660994155485111,14.789583862985863,1.5676297600171256,ground_x_z,0.15318804241449158,True,28.30510499781728,0.0,0,60,7.637723450320568,0,2,67.06063079833984,65.53670883178711,-1.5239219665527344,-0.3497605998528923,0.08466233147515191,-0.31752601995334057,-0.4302817081757386,-12.767312548321117,1.1225872985133882,False,1.0398656710331706,0,False,False,False,0.0,0.0,0.0,False,True,True,True,False,left,0.0,0.0,ground_x_z,17.147885592156968,25.194677059615437,-5.518216376958373,-21.34985883216818,-17.84539892298132,-17.813317642334386,0.0641625612938685,-4.472501449028045,True,False,continue_block,0.0,0.0
WIN_20260919_18_10_34_Pro_flip.mp4,60,2.9952076677316293,0.04992012779552716,20.032,0.8122338148069763,2.120159923772796,-6.589663603119453,0.5,0.0,0.5,0.0,0.0,0.0,0.0,68.00019997172058,0.028999987989664078,0.10279999696649611,57.0,False,81.34341812133789,20.762984209114013,2.120159923772796,31.415532936019126,0.8122338148069763,3,0.0,0.0,False,0.0,0.0,0.0,0.0,0.0,0.0,False,0.0,0.0,0.0,True,0.8122338148069763,0.0,0.25,False,0.04992012779552716,20.762984209114013,25.07339555528048,2.120159923772796,True,1.2223493265891099,-6.589663603119453,True,0.3276204644671054,8.120521615878719,16,0.11552113218745885,17.877368464394607,1.2223493265891099,ground_x_z,0.270175306497757,True,28.2444642456498,0.0,0,61,9.37466918063648,8,2,81.34341812133789,79.77330017089844,-1.5701179504394531,-0.5328142024408765,0.08722877502441406,-0.36680975991005876,-0.5223790916847147,-14.769289802908233,1.1241355525431205,False,1.062821930553755,0,False,False,False,0.0,0.0,0.0,False,True,True,True,False,left,0.0,0.0,ground_x_z,20.762984209114013,25.07339555528048,-6.589663603119453,-25.30715736624938,-21.34985883216818,-26.301258495288348,-9.902799326240332,-5.543948675189125,True,False,continue_block,0.0,0.0
WIN_20260919_18_10_34_Pro_flip.mp4,61,3.0451277955271565,0.04992012779552716,20.032,0.6919478901957413,5.33820176904116,-3.3945058453868513,0.5,0.0,0.5,0.0,0.0,0.0,0.0,62.67959999968298,0.02169999061152339,0.09449999197386205,52.0,False,80.7578125,20.626917823830112,5.33820176904116,31.415532936019126,0.6919478901957413,3,0.0,0.0,False,0.0,0.0,0.0,0.0,0.0,0.0,False,0.0,0.0,0.0,True,0.6919478901957413,0.0,0.25,False,0.04992012779552716,20.626917823830112,24.952114050945525,5.33820176904116,True,0.0824419284294936,-3.3945058453868513,True,0.021364300895356046,8.120521615878719,15,0.05931471806331974,19.152746842322593,0.0824419284294936,ground_x_z,0.18035940410518947,True,28.183823493482326,0.0,0,62,9.319790353505269,8,2,80.7578125,78.48794555664062,-2.269866943359375,-0.7933721135786513,0.12610371907552084,-0.39348988881438696,-0.5161608867485502,-15.862211595546444,1.1254601323228814,False,1.0701828372219087,0,False,False,False,0.0,0.0,0.0,False,True,True,True,False,left,0.0,0.0,ground_x_z,20.626917823830112,24.952114050945525,-3.3945058453868513,-23.85753135108516,-23.85753135108516,-32.19542662325712,-16.675790544343926,-0.4308254346205569,True,False,continue_block,0.0,0.0
WIN_20260919_18_10_34_Pro_flip.mp4,62,3.0950479233226837,0.04992012779552716,20.032,0.6754470076677781,7.4546193595280235,-0.5553849720265027,0.5,0.0,0.5,0.0,0.0,0.0,0.0,49.548699986189604,0.01920000067912042,0.09180000051856041,64.0,False,73.26261138916016,18.732385004993198,7.4546193595280235,31.415532936019126,0.6754470076677781,3,0.0,0.0,False,0.0,0.0,0.0,0.0,0.0,0.0,False,0.0,0.0,0.0,True,0.6754470076677781,0.0,0.25,False,0.04992012779552716,18.732385004993198,24.952114050945525,7.4546193595280235,True,0.2981214501089743,-0.5553849720265027,True,0.0768507222481869,8.120521615878719,15,0.009693599983395126,18.54063988682217,0.2981214501089743,ground_x_z,0.028856725501050562,True,28.183823493482326,0.0,0,63,9.902815045439333,8,2,73.26261138916016,70.23909759521484,-3.0235137939453125,-1.1278933656336507,0.16797298855251735,-0.40597759739093986,-0.4647991264304985,-16.38695816902662,1.126928155790263,False,1.0363024946794785,0,False,False,False,0.0,0.0,0.0,False,True,True,True,False,left,0.0,0.0,ground_x_z,18.732385004993198,24.952114050945525,-0.5553849720265027,-20.781943253647327,-23.85753135108516,-35.106007996139816,-22.496953290109307,2.8807805443900643,True,False,continue_block,0.0,0.0
WIN_20260919_18_10_34_Pro_flip.mp4,63,3.144968051118211,0.04992012779552716,20.032,0.9470056747644834,6.600125415085978,-1.010753882814654,0.5,0.0,0.5,0.0,0.0,0.0,0.0,46.94579998613335,0.020799983758479357,0.09539999882690609,80.0,False,70.0,17.926959061238758,6.600125415085978,31.415532936019126,0.9470056747644834,3,0.0,0.0,False,0.0,0.0,0.0,0.0,1.0,70.0,True,0.95,0.014527893696822867,0.08483495563132981,True,0.9470056747644834,0.0,0.25,False,0.04992012779552716,17.926959061238758,25.07339555528048,6.600125415085978,True,0.37733720591784936,-1.010753882814654,True,0.09708441012036655,8.598081596079517,18,0.017642813393462325,17.47412776321816,0.37733720591784936,ground_x_z,0.023828193314690438,True,28.2444642456498,0.9952648047779094,0,64,9.82228685019033,8,2,70.0,67.0,-3.0,-1.4087093607886032,0.16666666666666666,-0.41253631087972514,-0.444231629313315,-16.67002316522874,1.128168518023984,False,1.0193798449612403,0,False,False,False,0.0,0.0,0.0,False,True,True,True,False,left,0.0,0.0,ground_x_z,17.926959061238758,25.07339555528048,-1.010753882814654,-20.170035041919647,-20.781943253647327,-32.27449954109933,-22.985112574904015,4.173034481025992,True,False,continue_block,0.0,0.0
WIN_20260919_18_10_34_Pro_flip.mp4,64,3.194888178913738,0.04992012779552716,20.032,0.7944419924897441,9.5873217021714,2.4354771458615887,0.5,0.0,0.5,0.0,0.0,0.0,0.0,53.294099983759224,0.022299995180219412,0.10060000931844115,59.0,False,64.9271125793457,16.65608074780082,9.5873217021714,31.415532936019126,0.7944419924897441,3,0.0,0.0,False,0.0,0.0,0.0,0.0,0.0,0.0,False,0.0,0.0,0.0,True,0.7944419924897441,0.0,0.25,False,0.04992012779552716,16.65608074780082,25.07339555528048,9.5873217021714,True,0.26874757195468846,2.4354771458615887,True,0.07081960718917343,8.120521615878719,16,-0.042532714928304,17.722422881008928,0.26874757195468846,ground_x_z,-0.14358545103532805,True,28.2444642456498,0.0,0,65,7.705813483454959,7,2,64.9271125793457,60.95307159423828,-3.974040985107422,-1.793509104436426,0.2207800547281901,-0.41130691019416427,-0.40811823309137074,-16.641509419128887,1.1296051476635043,False,1.0061342621025826,0,False,False,False,0.0,0.0,0.0,False,True,True,True,False,left,0.0,0.0,ground_x_z,16.65608074780082,25.07339555528048,2.4354771458615887,-17.323624103516213,-20.170035041919647,-26.80728649170783,-13.274502899576367,10.802346265916235,True,False,continue_block,0.0,0.0
WIN_20260919_18_10_34_Pro_flip.mp4,65,3.244808306709265,0.04992012779552716,20.032,0.8229321590489619,8.48056523938722,2.2089138450363435,0.5,0.0,0.5,0.0,0.0,0.0,0.0,54.65229999390431,0.02039998071268201,0.0900000159163028,60.0,False,56.6558952331543,14.555488291897714,8.48056523938722,31.415532936019126,0.8229321590489619,3,0.0,0.0,False,0.0,0.0,0.0,0.0,0.0,0.0,False,0.0,0.0,0.0,True,0.8229321590489619,0.0,0.25,False,0.04992012779552716,14.555488291897714,25.07339555528048,8.48056523938722,True,0.2124110116954559,2.2089138450363435,True,0.05616541567892765,8.120521615878719,16,-0.038571931458933756,15.529164967540193,0.2124110116954559,ground_x_z,-0.1238193261930256,True,28.2444642456498,0.0,0,66,5.680014610596088,6,2,56.6558952331543,53.24554443359375,-3.410350799560547,-2.0360353587050444,0.18946393330891928,-0.40092097878510147,-0.3562450988562791,-16.241511436392116,1.1310130447102342,False,1.0156877915189506,0,False,False,False,0.0,0.0,0.0,False,True,True,True,False,left,0.0,0.0,ground_x_z,14.555488291897714,25.07339555528048,2.2089138450363435,-15.209947081573139,-17.323624103516213,-21.613225743141072,-8.579203279249715,10.406168458958431,True,False,continue_block,0.0,0.0
WIN_20260919_18_10_34_Pro_flip.mp4,66,3.2947284345047922,0.04992012779552716,20.032,0.8384992384413594,4.591683806538251,-0.8715509505482333,0.5,0.0,0.5,0.0,0.0,0.0,0.0,53.362100006779656,0.08059997344389558,0.24429999757558107,72.0,False,49.708831787109375,12.784443368695474,4.591683806538251,31.415532936019126,0.8384992384413594,3,0.0,0.0,False,0.0,0.0,0.0,0.0,0.0,0.0,False,0.0,0.0,0.0,True,0.8384992384413594,0.0,0.25,False,0.04992012779552716,12.784443368695474,25.07339555528048,4.591683806538251,True,0.2560475817349081,-0.8715509505482333,True,0.06604917615795247,8.120521615878719,16,0.015212607040846083,12.441000607339234,0.2560475817349081,ground_x_z,0.06358244912346933,True,28.2444642456498,0.0,0,67,6.468872953808201,5,2,49.708831787109375,48.0326042175293,-1.6762275695800781,-1.9820641903362994,0.09312375386555989,-0.3852883057006789,-0.31676651099982156,-15.627264647773414,1.1323927838160295,False,1.0539426086402148,0,False,False,False,0.0,0.0,0.0,False,True,True,True,False,left,0.0,0.0,ground_x_z,12.784443368695474,25.07339555528048,-0.8715509505482333,-14.749722001603967,-15.209947081573139,-16.670638644375035,-2.9213831256037914,2.8416354468898186,True,False,continue_block,0.0,0.0
WIN_20260919_18_10_34_Pro_flip.mp4,67,3.3446485623003195,0.04992012779552716,20.032,0.814102637973512,2.491956452100868,-3.222112534822911,0.5,0.0,0.5,0.0,0.0,0.0,0.0,50.839099974837154,0.016200006939470768,0.06590000702999532,54.0,False,52.804412841796875,13.587842925231282,2.491956452100868,31.415532936019126,0.814102637973512,3,0.0,0.0,False,0.0,0.0,0.0,0.0,0.0,0.0,False,0.0,0.0,0.0,True,0.814102637973512,0.0,0.25,False,0.04992012779552716,13.587842925231282,25.07339555528048,2.491956452100868,True,0.12237347179932007,-3.222112534822911,True,0.03190175087600207,8.120521615878719,16,0.05629583107364328,12.199007415593877,0.12237347179932007,ground_x_z,0.18265765410013923,True,28.2444642456498,0.0,0,68,5.7032651847299105,4,2,52.804412841796875,51.8021125793457,-1.0023002624511719,-1.8350996011535303,0.05568334791395399,-0.37655245956520134,-0.3391051021833805,-15.291176184624828,1.133744928139709,False,1.0758522065603437,0,False,False,False,0.0,0.0,0.0,False,True,True,True,False,left,0.0,0.0,ground_x_z,13.587842925231282,25.07339555528048,-3.222112534822911,-16.689894406969728,-15.209947081573139,-11.334159576008698,7.751575011128883,1.5963719651853903,True,False,continue_block,0.0,0.0
WIN_20260919_18_10_34_Pro_flip.mp4,68,3.3945686900958467,0.04992012779552716,20.032,0.8109808988740862,4.342935129535043,-1.6484503352443163,0.5,0.0,0.5,0.0,0.0,0.0,0.0,61.8648000236135,0.02340000355616212,0.0999000039882958,78.0,False,54.88618087768555,14.153387495996103,4.342935129535043,31.415532936019126,0.8109808988740862,3,0.0,0.0,False,0.0,0.0,0.0,0.0,0.0,0.0,False,0.0,0.0,0.0,True,0.8109808988740862,0.0,0.25,False,0.04992012779552716,14.153387495996103,25.07339555528048,4.342935129535043,True,0.09954005365856458,-1.6484503352443163,True,0.026311839872472553,8.120521615878719,16,0.028778827034989105,13.439791519727011,0.09954005365856458,ground_x_z,0.08954656161275665,True,28.2444642456498,0.0,0,69,5.59151668003113,3,2,54.88618087768555,53.1562614440918,-1.72991943359375,-1.8193225760195633,0.09610663519965278,-0.37144588699508213,-0.3503295413569371,-15.101436361744682,1.1350700295769147,False,1.0894674676975675,0,False,False,False,0.0,0.0,0.0,False,True,True,True,False,left,0.0,0.0,ground_x_z,14.153387495996103,25.07339555528048,-1.6484503352443163,-16.56326310733216,-16.56326310733216,-8.49790969889655,16.130706816871218,3.4055329100963947,True,False,continue_block,0.0,0.0
WIN_20260919_18_10_34_Pro_flip.mp4,69,3.444488817891374,0.04992012779552716,20.032,0.9495272103679693,3.1040898782044266,-2.773581754906861,0.5,0.0,0.5,0.0,0.0,0.0,0.0,58.23590001091361,0.018099992303177714,0.10430000838823617,46.0,False,53.86875,13.928039077333604,3.1040898782044266,31.415532936019126,0.9495272103679693,3,0.0,0.0,False,0.0,0.0,0.0,0.0,1.0,53.875,True,0.95,0.004964130719287469,0.13540064007726285,True,0.9495272103679693,0.0,0.25,False,0.04992012779552716,13.928039077333604,25.07339555528048,3.1040898782044266,True,0.3003160680881368,-2.773581754906861,True,0.07992352252281482,8.598081596079517,18,0.04844598153122058,12.718693061173324,0.3003160680881368,ground_x_z,0.1454009571460544,True,28.2444642456498,0.9993093962144604,0,70,5.1308142184952885,2,2,53.75,52.75,-1.1187499999999986,-1.7142366896166283,0.062152777777777696,-0.3664498027028565,-0.3457649640983591,-14.9153611830911,1.1363686289853765,False,1.1028708133971292,0,False,False,False,0.0,0.0,0.0,False,True,True,True,False,left,0.0,0.0,ground_x_z,13.928039077333604,25.07339555528048,-2.773581754906861,-16.841728249086742,-16.689894406969728,-7.9061089232677215,17.567570967404013,0.10114025544673266,True,False,continue_block,0.0,0.0
WIN_20260919_18_10_34_Pro_flip.mp4,70,3.4944089456869007,0.04992012779552716,20.032,0.7990641876290938,-1.748779555622432,-8.050446108545964,0.5,0.0,0.5,0.0,0.0,0.0,0.0,59.08029997954145,0.020899984519928694,0.09180000051856041,39.0,False,59.56644821166992,15.399389307760789,-1.748779555622432,31.415532936019126,0.7990641876290938,3,0.0,0.0,False,0.0,0.0,0.0,0.0,0.0,0.0,False,0.0,0.0,0.0,True,0.7990641876290938,0.0,0.25,False,0.04992012779552716,15.399389307760789,25.07339555528048,-1.748779555622432,True,0.5280938432277485,-8.050446108545964,True,0.1429584619416093,8.120521615878719,16,0.14143878715630856,11.853304043632026,0.5280938432277485,ground_x_z,0.38954365497303556,True,28.2444642456498,0.0,0,71,4.374402844889714,1,2,59.56644821166992,59.8783073425293,0.311859130859375,-1.4103223165452279,0.017325507269965276,-0.3699203935454196,-0.3874783137953471,-15.073484340394794,1.137641256405669,False,1.078942473547788,0,False,False,False,0.0,0.0,0.0,False,True,True,True,False,left,0.0,0.0,ground_x_z,15.399389307760789,25.07339555528048,-8.050446108545964,-20.731632262635088,-16.841728249086742,-9.616642709721097,14.450171078731291,-9.513565865981155,True,False,continue_block,0.0,0.0
WIN_20260919_18_10_34_Pro_flip.mp4,71,3.544329073482428,0.04992012779552716,20.032,0.8019766824020763,-0.19731688950205598,-7.982797123721824,0.5,0.0,0.5,0.0,0.0,0.0,0.0,63.87829998857342,0.029999995604157448,0.10639999527484179,42.0,False,72.95317459106445,18.86911678263425,-0.19731688950205598,31.415532936019126,0.8019766824020763,3,0.0,0.0,False,0.0,0.0,0.0,0.0,0.0,0.0,False,0.0,0.0,0.0,True,0.8019766824020763,0.0,0.25,False,0.04992012779552716,18.86911678263425,25.07339555528048,-0.19731688950205598,True,0.2320725032972426,-7.982797123721824,True,0.06155103659293352,8.120521615878719,16,0.1402346703873002,15.374889237137765,0.2320725032972426,ground_x_z,0.44764160706328937,True,28.2444642456498,0.0,0,72,6.7323064974836075,0,2,72.95317459106445,73.05100631713867,0.09783172607421875,-1.1840992101523107,0.005435095893012153,-0.3883438447111985,-0.47353602034092973,-15.84154931870143,1.1388884312775556,False,1.0826557856647934,0,False,False,False,0.0,0.0,0.0,False,True,True,True,False,left,0.0,0.0,ground_x_z,18.86911678263425,25.07339555528048,-7.982797123721824,-24.098672818792995,-20.731632262635088,-19.766298487041972,1.9306675511862292,-13.32478577751558,True,False,continue_block,0.0,0.0
WIN_20260919_18_10_34_Pro_flip.mp4,72,3.594249201277955,0.04992012779552716,20.032,0.7081676730065828,-1.6745776358781013,-10.834577496340755,0.5,0.0,0.5,0.0,0.0,0.0,0.0,58.90519998501986,0.021099986042827368,0.10269999620504677,41.0,False,86.87085723876953,22.52708198267907,-1.6745776358781013,31.415532936019126,0.7081676730065828,3,0.0,0.0,False,0.0,0.0,0.0,0.0,0.0,0.0,False,0.0,0.0,0.0,True,0.7081676730065828,0.0,0.25,False,0.04992012779552716,22.52708198267907,25.194677059615437,-1.6745776358781013,True,0.17923851232561772,-10.834577496340755,True,0.04830771677610301,7.880490877326114,15,0.19138572617857227,17.710951335542582,0.17923851232561772,ground_x_z,0.5773987840188397,True,28.30510499781728,0.0,0,73,9.06354259764239,8,2,86.87085723876953,87.43460464477539,0.5637474060058594,-0.9219222177285851,0.03131930033365885,-0.4310036580414899,-0.5657820426102369,-17.600621754720695,1.1401106626520046,False,1.0779374974687022,0,False,False,False,0.0,0.0,0.0,False,True,True,True,False,left,0.0,0.0,ground_x_z,22.52708198267907,25.194677059615437,-10.834577496340755,-28.611995855989647,-24.098672818792995,-29.787774439082096,-11.3782032405782,-21.269364286360094,True,False,continue_block,0.0,0.0
WIN_20260919_18_10_34_Pro_flip.mp4,73,3.6441693290734825,0.04992012779552716,20.032,0.9515796012156246,-1.3094313922447633,-10.987378010806555,0.5,0.0,0.5,0.0,0.0,0.0,0.0,55.56439998326823,0.020599982235580683,0.0908000220078975,62.0,False,92.0,24.945178239252172,-1.3094313922447633,31.415532936019126,0.9515796012156246,2,0.0,0.0,False,0.0,0.0,0.0,0.0,0.3,92.0,False,0.0,0.001130582381929471,0.05892556509887896,True,0.9515796012156246,0.0,0.25,False,0.04992012779552716,24.945178239252172,31.415532936019126,-1.3094313922447633,True,0.06750771560841522,-10.987378010806555,True,0.018407911043915478,1.857294943112013,8,0.19415170008234012,18.8804907585534,0.06750771560841522,ground_x_z,0.0,False,31.415532936019126,0.0,0,74,9.302831498057202,8,1,92.0,92.0,0.0,-0.7836338850692973,0.0,-0.46307198794535803,-0.6102159182756753,-18.930042516005365,1.1413084493989645,False,1.0,0,False,False,False,0.0,0.0,0.0,False,True,True,True,False,left,0.0,0.0,ground_x_z,24.945178239252172,31.415532936019126,-10.987378010806555,-29.729291277064338,-28.611995855989647,-42.41812501268496,-27.612258313390626,-25.89444016568474,True,False,continue_block,0.0,0.0
WIN_20260919_18_10_34_Pro_flip.mp4,74,3.6940894568690097,0.04992012779552716,20.032,0.8192518055773313,-1.1559754390394916,-10.395270886080286,0.5,0.0,0.5,0.0,0.0,0.0,0.0,58.816200005821884,0.028699985705316067,0.1044000091496855,69.0,False,87.65150833129883,23.77180770200015,-1.1559754390394916,31.415532936019126,0.8192518055773313,2,0.0,0.0,False,0.0,0.0,0.0,0.0,0.0,0.0,False,0.0,0.0,0.0,True,0.8192518055773313,0.0,0.25,False,0.04992012779552716,23.77180770200015,31.415532936019126,-1.1559754390394916,True,0.0662970511050631,-10.395270886080286,True,0.01804545159735193,1.857294943112013,8,0.18344902696989754,18.05330276105029,0.0662970511050631,ground_x_z,0.0,False,31.415532936019126,0.0,0,75,9.493024635047794,8,1,87.65150833129883,87.65150833129883,0.0,-0.6660888023089027,0.0,-0.48401283728560357,-0.5809151316177763,-19.806438956428057,1.142482280410985,False,1.0,0,False,False,False,0.0,0.0,0.0,False,True,True,True,False,left,0.0,0.0,ground_x_z,23.77180770200015,31.415532936019126,-10.395270886080286,-28.52948492008724,-28.611995855989647,-45.86425902993068,-34.504526347882056,-25.333417247101167,True,False,continue_block,0.0,0.0
WIN_20260919_18_10_34_Pro_flip.mp4,75,3.744009584664537,0.04992012779552716,20.032,0.8273249721396992,1.7921066286049032,-7.32327321346006,0.5,0.0,0.5,0.0,0.0,0.0,0.0,48.435800010338426,0.03329999162815511,0.11389999417588115,80.0,False,84.41784286499023,21.955184938491264,1.7921066286049032,31.415532936019126,0.8273249721396992,3,0.0,0.0,False,0.0,0.0,0.0,0.0,0.0,0.0,False,0.0,0.0,0.0,True,0.8273249721396992,0.0,0.25,False,0.04992012779552716,21.955184938491264,25.07339555528048,1.7921066286049032,True,0.21080630338714088,-7.32327321346006,True,0.05572356765057511,8.120521615878719,16,0.1285158359582277,18.744884692879992,0.21080630338714088,ground_x_z,0.4115664976552651,True,28.2444642456498,0.0,0,76,9.258298019018957,8,2,84.41784286499023,83.73896789550781,-0.6788749694824219,-0.6680067273849306,0.03771527608235677,-0.49502171952874363,-0.546230686124296,-20.269875049959726,1.143211990278631,False,1.0672496537333616,0,False,False,False,0.0,0.0,0.0,False,True,True,True,False,left,0.0,0.0,ground_x_z,21.955184938491264,25.07339555528048,-7.32327321346006,-26.710304602495274,-28.52948492008724,-45.781748094028266,-34.504526347882056,-21.568521547561375,True,False,continue_block,0.0,0.0
WIN_20260919_18_10_34_Pro_flip.mp4,76,3.7939297124600637,0.04992012779552716,20.032,0.6192959584599742,0.1935056549597131,-7.492850031577371,0.5,0.0,0.5,0.0,0.0,0.0,0.0,49.33430001256056,0.023800006601959467,0.10259999544359744,28.0,False,71.65686798095703,18.58868941835725,0.1935056549597131,31.415532936019126,0.6192959584599742,3,0.0,0.0,False,0.0,0.0,0.0,0.0,0.0,0.0,False,0.0,0.0,0.0,True,0.6192959584599742,0.0,0.25,False,0.04992012779552716,18.58868941835725,25.07339555528048,0.1935056549597131,True,1.4228304998400587,-7.492850031577371,True,0.37322317291121165,8.120521615878719,16,0.13152554626581414,15.476954498460017,1.4228304998400587,ground_x_z,0.4866869155886544,True,28.2444642456498,0.0,0,77,9.079850746339396,8,2,71.65686798095703,72.10988235473633,0.4530143737792969,-0.4998535622102964,0.025167465209960938,-0.489255387855196,-0.4653878578883175,-20.053661668560707,1.1443477504730584,False,1.0080106870229952,0,False,False,False,0.0,0.0,0.0,False,True,True,True,False,left,0.0,0.0,ground_x_z,18.58868941835725,25.07339555528048,-7.492850031577371,-23.62185077135148,-26.710304602495274,-43.184248061785226,-32.9478869185799,-15.612710881321485,True,False,continue_block,0.0,0.0
WIN_20260919_18_10_34_Pro_flip.mp4,77,3.843849840255591,0.04992012779552716,20.032,0.47552005511325723,0.1300034756708597,-5.793024887272992,0.5,0.0,0.5,0.0,0.0,0.0,0.0,50.43090000981465,0.023200002033263445,0.09310001041740179,46.0,False,57.48297882080078,15.037224993102182,0.1300034756708597,31.415532936019126,0.47552005511325723,3,0.0,0.0,False,0.0,0.0,0.0,0.0,0.0,0.0,False,0.0,0.0,0.0,True,0.47552005511325723,0.0,0.25,False,0.04992012779552716,15.037224993102182,25.07339555528048,0.1300034756708597,True,2.3207822392424675,-5.793024887272992,True,0.6036850562861938,8.120521615878719,16,0.1014533025862938,11.902235527956183,2.3207822392424675,ground_x_z,-0.0007949515735532486,True,28.2444642456498,0.0,0,78,9.15877384283687,8,2,57.48297882080078,55.28218460083008,-2.200794219970703,-0.7549946608743574,0.12226634555392796,-0.46664491536225955,-0.366491968777529,-19.145504463534326,1.1454607954635971,False,1.0358964783881999,0,False,False,False,0.0,0.0,0.0,False,True,True,True,False,left,0.0,0.0,ground_x_z,15.037224993102182,25.07339555528048,-5.793024887272992,-19.357508807727534,-23.62185077135148,-33.32323751178055,-19.40277348085814,-10.927678056926695,True,False,continue_block,0.0,0.0
WIN_20260919_18_10_34_Pro_flip.mp4,78,3.893769968051118,0.04992012779552716,20.032,0.24890943891228573,-1.7972286554217554,-6.12557164023229,0.5,0.0,0.5,0.0,0.0,0.0,0.0,53.6951000103727,0.0247000134550035,0.10069998097606003,39.0,False,38.23177719116211,9.923488114225066,-1.7972286554217554,31.415532936019126,0.24890943891228573,3,0.0,0.0,False,0.0,0.0,0.0,0.0,0.0,0.0,False,0.0,0.0,0.0,True,0.24890943891228573,0.0,0.25,False,0.04992012779552716,9.923488114225066,25.07339555528048,-1.7972286554217554,True,5.431086164428525,-6.12557164023229,True,1.4502119450256536,8.120521615878719,16,0.10732059873659307,7.833213962294848,5.431086164428525,ground_x_z,0.40068456875537084,True,28.2444642456498,0.0,0,79,12.35893482660285,8,2,38.23177719116211,39.27791213989258,1.0461349487304688,-0.48482521943363344,0.05811860826280382,-0.4273199705387818,-0.25139788325078277,-17.548776106151873,1.1465515795543253,False,1.0005376788206646,0,False,False,False,0.0,0.0,0.0,False,True,True,True,False,left,0.0,0.0,ground_x_z,9.923488114225066,25.07339555528048,-6.12557164023229,-14.14256325391802,-19.357508807727534,-22.467193800523095,-6.219369985591119,-9.855963939278896,True,False,continue_block,0.0,0.0
WIN_20260919_18_10_34_Pro_flip.mp4,79,3.9436900958466454,0.04992012779552716,20.032,0.9518829646974595,6.744919675285175,3.0431563935822976,0.5,0.0,0.5,0.0,0.0,0.0,0.0,30.844299995806068,0.014199991710484028,0.05800000508315861,53.0,False,33.24375,8.660190785544984,6.744919675285175,31.415532936019126,0.9518829646974595,3,0.0,0.0,False,0.0,0.0,0.0,0.0,1.0,33.25,True,0.95,0.00485725892485784,0.10871146130092536,True,0.9518829646974595,0.0,0.25,False,0.04992012779552716,8.660190785544984,25.07339555528048,6.744919675285175,True,0.20480136978187755,3.0431563935822976,True,0.05360781963143674,8.598081596079517,18,-0.05316309918182705,9.987358324884097,0.20480136978187755,ground_x_z,-0.17180114581085704,True,28.2444642456498,0.999383572429398,0,80,12.407154272500145,8,2,33.125,30.5,-2.7437499999999986,-0.8236639365185883,0.15243055555555549,-0.38702447745221147,-0.20650327546977154,-15.908777026685776,1.1476205479632389,False,1.084862385321101,0,False,False,False,0.0,0.0,0.0,False,True,True,True,False,left,0.0,0.0,ground_x_z,8.660190785544984,25.07339555528048,3.0431563935822976,-8.345778313504423,-14.14256325391802,-5.893048855004263,16.499028797827513,6.27320367247802,True,False,continue_block,0.0,0.0
WIN_20260919_18_10_34_Pro_flip.mp4,80,3.9936102236421727,0.04992012779552716,20.032,0.9324526716682994,3.0573462592226006,-1.0185125682416363,0.5,0.0,0.5,0.0,0.0,0.0,0.0,36.1927000049036,0.018099992303177714,0.08149998029693961,54.0,False,37.0,9.693713074255497,3.0573462592226006,31.415532936019126,0.9324526716682994,3,0.0,0.0,False,0.0,0.0,0.0,0.0,1.0,37.0,True,0.95,0.007402736309387714,0.21248885888798158,True,0.9324526716682994,0.0,0.25,False,0.04992012779552716,9.693713074255497,25.07339555528048,3.0573462592226006,True,0.21221918028987663,-1.0185125682416363,True,0.05610564729284513,8.598081596079517,18,0.01777827047458816,9.24000144697311,0.21221918028987663,ground_x_z,0.03983532180506533,True,28.2444642456498,0.9984306974358823,0,81,12.436560677475073,8,2,37.0,35.875,-1.125,-0.8688643460408001,0.0625,-0.3595036579015788,-0.23657920709447633,-14.791013528709717,1.1486681370039742,False,1.0767441860465117,0,False,False,False,0.0,0.0,0.0,False,True,True,True,False,left,0.0,0.0,ground_x_z,9.693713074255497,25.07339555528048,-1.0185125682416363,-11.460656367122436,-11.460656367122436,7.077932087956199,37.07717691015727,8.720657953292717,True,False,continue_block,0.0,0.0
WIN_20260919_18_10_34_Pro_flip.mp4,81,4.0435303514377,0.04992012779552716,20.032,0.9426546190030304,2.1662847935654743,-2.7598658964575544,0.5,0.0,0.5,0.0,0.0,0.0,0.0,47.1982000162825,0.017000013031065464,0.08120000711642206,37.0,False,45.11875,11.764055758220193,2.1662847935654743,31.415532936019126,0.9426546190030304,3,0.0,0.0,False,0.0,0.0,0.0,0.0,1.0,45.125,True,0.95,0.007762424677988236,0.14693845341131775,True,0.9426546190030304,0.0,0.25,False,0.04992012779552716,11.764055758220193,25.07339555528048,2.1662847935654743,True,0.28255770251814744,-2.7598658964575544,True,0.07488589307332848,8.598081596079517,18,0.04820603557551996,10.55211642521617,0.28255770251814744,ground_x_z,0.1339301651368059,True,28.2444642456498,0.998493451743607,0,82,11.631094780751896,8,2,45.0,44.125,-0.9937499999999986,-0.8875971941346799,0.055208333333333255,-0.34646615536540915,-0.2889288087897122,-14.267353458884422,1.1496947742638948,False,1.0818181818181818,0,False,False,False,0.0,0.0,0.0,False,True,True,True,False,left,0.0,0.0,ground_x_z,11.764055758220193,25.07339555528048,-2.7598658964575544,-14.537360136959624,-11.460656367122436,8.560075322564131,40.041463379373134,7.3393722900269704,True,False,continue_block,0.0,0.0
WIN_20260919_18_10_34_Pro_flip.mp4,82,4.093450479233227,0.04992012779552716,20.032,0.8046619063864244,-1.2958348879689412,-6.548733082820696,0.5,0.0,0.5,0.0,0.0,0.0,0.0,52.0387000287883,0.01829999382607639,0.08319999324157834,42.0,False,48.74697494506836,12.731077373183922,-1.2958348879689412,31.415532936019126,0.8046619063864244,3,0.0,0.0,False,0.0,0.0,0.0,0.0,0.0,0.0,False,0.0,0.0,0.0,True,0.8046619063864244,0.0,0.25,False,0.04992012779552716,12.731077373183922,25.07339555528048,-1.2958348879689412,True,0.2939892378272317,-6.548733082820696,True,0.07797923134750179,8.120521615878719,16,0.11479728606282169,9.883798195254561,0.2939892378272317,ground_x_z,0.37742815273052255,True,28.2444642456498,0.0,0,83,9.886118665298243,8,2,48.74697494506836,49.322654724121094,0.5756797790527344,-0.6681056481565677,0.031982209947374135,-0.3410738932525498,-0.31804655103686985,-14.057593141225107,1.1507008787786168,False,1.084947928592307,0,False,False,False,0.0,0.0,0.0,False,True,True,True,False,left,0.0,0.0,ground_x_z,12.731077373183922,25.07339555528048,-6.548733082820696,-17.320177107674223,-14.537360136959624,5.483371552726943,40.041463379373134,3.1904374387136567,True,False,continue_block,0.0,0.0
WIN_20260919_18_10_34_Pro_flip.mp4,83,4.143370607028754,0.04992012779552716,20.032,0.8010777406759377,-5.2781417490386255,-12.473597922049628,0.5,0.0,0.5,0.0,0.0,0.0,0.0,52.65610001515597,0.016399979358538985,0.0782000133767724,32.0,False,68.67048645019531,17.99875785865318,-5.2781417490386255,31.415532936019126,0.8010777406759377,3,0.0,0.0,False,0.0,0.0,0.0,0.0,0.0,0.0,False,0.0,0.0,0.0,True,0.8010777406759377,0.0,0.25,False,0.04992012779552716,17.99875785865318,25.07339555528048,-5.2781417490386255,True,0.2330917206956006,-12.473597922049628,True,0.06321500882376477,8.120521615878719,16,0.22121126100590996,12.440608105681846,0.2330917206956006,ground_x_z,0.6665001327919313,True,28.2444642456498,0.0,0,84,10.149032050710206,8,2,68.67048645019531,70.67509841918945,2.0046119689941406,-0.26719800558396134,0.11136733161078559,-0.3610001310126429,-0.4524801569939369,-14.891615634731036,1.1516868612030444,False,1.0724038697116713,0,False,False,False,0.0,0.0,0.0,False,True,True,True,False,left,0.0,0.0,ground_x_z,17.99875785865318,25.07339555528048,-12.473597922049628,-25.18554044605906,-17.320177107674223,-3.286123726533148,28.06810676228215,-7.533879299971151,True,False,continue_block,0.0,0.0
WIN_20260919_18_10_34_Pro_flip.mp4,84,4.193290734824281,0.04992012779552716,20.032,0.8095026326373681,-4.21500963428801,-12.81668567661124,0.5,0.0,0.5,0.0,0.0,0.0,0.0,58.99739998858422,0.021899992134422064,0.09669997962191701,62.0,False,81.74391174316406,21.417220366579357,-4.21500963428801,31.415532936019126,0.8095026326373681,3,0.0,0.0,False,0.0,0.0,0.0,0.0,0.0,0.0,False,0.0,0.0,0.0,True,0.8095026326373681,0.0,0.25,False,0.04992012779552716,21.417220366579357,25.07339555528048,-4.21500963428801,True,0.1434697632137696,-12.81668567661124,True,0.038961073626923436,8.120521615878719,16,0.22750069805816184,15.702968122053678,0.1434697632137696,ground_x_z,0.709458139901713,True,28.2444642456498,0.0,0,85,11.498245878939775,8,2,81.74391174316406,83.375,1.6310882568359375,0.017544933779023525,0.0906160142686632,-0.3924180422785583,-0.5359416978063423,-16.201217216686594,1.1526531239789835,False,1.0621775833601803,0,False,False,False,0.0,0.0,0.0,False,True,True,True,False,left,0.0,0.0,ground_x_z,21.417220366579357,25.07339555528048,-12.81668567661124,-28.447098669989796,-25.18554044605906,-21.46410179585171,7.442877300414704,-15.129632742418893,True,False,continue_block,0.0,0.0
WIN_20260919_18_10_34_Pro_flip.mp4,85,4.243210862619808,0.04992012779552716,20.032,0.941192700055461,-2.168792577252349,-10.898730655524094,0.5,0.0,0.5,0.0,0.0,0.0,0.0,57.83629999496043,0.02379997749812901,0.09859999408945441,66.0,False,81.61875,21.36509804128134,-2.168792577252349,31.415532936019126,0.941192700055461,3,0.0,0.0,False,0.0,0.0,0.0,0.0,1.0,81.625,True,0.95,0.004882998018972291,0.07637626158259361,True,0.941192700055461,0.0,0.25,False,0.04992012779552716,21.36509804128134,25.07339555528048,-2.168792577252349,True,0.29080589938335516,-10.898730655524094,True,0.07699613858892844,8.598081596079517,18,0.19254667163353423,16.58609076310276,0.29080589938335516,ground_x_z,0.6355609743301667,True,28.2444642456498,0.9994247332870857,0,86,11.375012464716065,8,2,81.5,82.5,0.8812499999999943,0.1471006937121692,0.04895833333333302,-0.41750142498847287,-0.5324518902279863,-17.250960430942058,1.1536000614994038,False,1.0711297071129706,0,False,False,False,0.0,0.0,0.0,False,True,True,True,False,left,0.0,0.0,ground_x_z,21.36509804128134,25.07339555528048,-10.898730655524094,-27.62273209103014,-27.62273209103014,-32.07526845746363,-8.90507273286698,-17.346937190678222,True,False,continue_block,0.0,0.0
WIN_20260919_18_10_34_Pro_flip.mp4,86,4.293130990415335,0.04992012779552716,20.032,0.9482061755990696,-2.2327235841720596,-10.587261290065983,0.5,0.0,0.5,0.0,0.0,0.0,0.0,54.38220000360161,0.029600021662190557,0.10389997623860836,68.0,False,77.75,20.406123198279023,-2.2327235841720596,31.415532936019126,0.9482061755990696,3,0.0,0.0,False,0.0,0.0,0.0,0.0,1.0,77.75,True,0.95,0.003727367183620495,0.11742179860604822,True,0.9482061755990696,0.0,0.25,False,0.04992012779552716,20.406123198279023,25.07339555528048,-2.2327235841720596,True,0.3564012294922093,-10.587261290065983,True,0.0955465210214722,8.598081596079517,18,0.18691480355775514,15.77592760765577,0.3564012294922093,ground_x_z,0.5995214563357703,True,28.2444642456498,0.999583629656025,0,87,10.917945483122997,8,2,77.75,78.75,1.0,0.2750355896553438,0.05555555555555555,-0.4336006918740201,-0.5079622934058764,-17.930586922961197,1.1545280602694157,False,1.0720677196422514,0,False,False,False,0.0,0.0,0.0,False,True,True,True,False,left,0.0,0.0,ground_x_z,20.406123198279023,25.07339555528048,-10.587261290065983,-26.624859243012445,-27.62273209103014,-40.62863667108995,-26.01180916011962,-17.713999985918846,True,False,continue_block,0.0,0.0
WIN_20260919_18_10_34_Pro_flip.mp4,87,4.343051118210862,0.04992012779552716,20.032,0.8192224427449352,-2.778284969454694,-10.760172711123037,0.5,0.0,0.5,0.0,0.0,0.0,0.0,61.78720001480542,0.02069998299703002,0.09539999882690609,75.0,False,74.61719512939453,19.614879667177732,-2.778284969454694,31.415532936019126,0.8192224427449352,3,0.0,0.0,False,0.0,0.0,0.0,0.0,0.0,0.0,False,0.0,0.0,0.0,True,0.8192224427449352,0.0,0.25,False,0.04992012779552716,19.614879667177732,25.07339555528048,-2.778284969454694,True,0.22783594663188153,-10.760172711123037,True,0.06043514338938792,8.120521615878719,16,0.1900398853536671,14.860048113216626,0.22783594663188153,ground_x_z,0.6017170822294098,True,28.2444642456498,0.0,0,88,10.887222951400439,8,2,74.61719512939453,75.78570556640625,1.1685104370117188,0.40905681675880007,0.06491724650065105,-0.44325776013795704,-0.4884965984508678,-18.34437214337289,1.1554374990640273,False,1.0554752082614538,0,False,False,False,0.0,0.0,0.0,False,True,True,True,False,left,0.0,0.0,ground_x_z,19.614879667177732,25.07339555528048,-10.760172711123037,-25.967868567225914,-26.624859243012445,-45.913055110514556,-38.57639173500422,-21.929872409184945,True,False,continue_block,0.0,0.0
WIN_20260919_18_10_34_Pro_flip.mp4,88,4.39297124600639,0.04992012779552716,20.032,0.9225168938363356,-1.9258543367107301,-9.716445324723185,0.5,0.0,0.5,0.0,0.0,0.0,0.0,44.650299998465925,0.028000009479001164,0.10179998935200274,80,False,72.28999695262632,19.069053586006874,-1.9258543367107301,31.415532936019126,0.9225168938363356,3,0.0,0.0,False,0.0,0.0,0.0,0.0,0.6,72.25,True,0.6478365919028837,0.002282722652401075,0.13213749452867704,True,0.9225168938363356,0.0,0.25,False,0.04992012779552716,19.069053586006874,25.07339555528048,-1.9258543367107301,True,0.26858071409248113,-9.716445324723185,True,0.07242211301348829,8.120521615878719,16,0.17122855624910163,14.750098107808473,0.26858071409248113,ground_x_z,0.5124361211967638,True,28.2444642456498,0.5998486962063737,0,89,6.342360106877085,7,2,72.36357498168945,73.125,0.8350030473736751,0.4729487513510313,0.0463890581874264,-0.44832274346879986,-0.4727857290256747,-18.56829986140057,1.1563287490827467,False,1.040983606557377,0,False,False,False,0.0,0.0,0.0,False,True,True,True,False,left,0.0,0.0,ground_x_z,19.069053586006874,25.07339555528048,-9.716445324723185,-25.020531934083913,-25.967868567225914,-45.256064434728025,-38.57639173500422,-22.432811572459656,True,False,continue_block,0.0,0.0
WIN_20260919_18_10_34_Pro_flip.mp4,89,4.442891373801917,0.04992012779552716,20.032,0.8189695033347454,-5.151880860920695,-12.33747380265938,0.5,0.0,0.5,0.0,0.0,0.0,0.0,48.218099982477725,0.023300002794712782,0.09360001422464848,59.0,False,67.99128723144531,17.859128616297678,-5.151880860920695,31.415532936019126,0.8189695033347454,3,0.0,0.0,False,0.0,0.0,0.0,0.0,0.0,0.0,False,0.0,0.0,0.0,True,0.8189695033347454,0.0,0.25,False,0.04992012779552716,17.859128616297678,25.07339555528048,-5.151880860920695,True,0.17541060352782994,-12.33747380265938,True,0.047115723799480654,8.120521615878719,16,0.21872049219683146,12.407570522846825,0.17541060352782994,ground_x_z,0.702750396658308,True,28.2444642456498,0.0,0,90,3.12064464502675,6,2,67.99128723144531,70.02299499511719,2.031707763671875,0.7067626031991578,0.1128726535373264,-0.44795632141340874,-0.4478294502309188,-18.567137638842233,1.1572021741010918,False,1.029847905608314,0,False,False,False,0.0,0.0,0.0,False,True,True,True,False,left,0.0,0.0,ground_x_z,17.859128616297678,25.07339555528048,-12.33747380265938,-24.99595711424922,-25.020531934083913,-42.34358746585784,-34.64611106354784,-25.692652645274272,True,False,continue_block,0.0,0.0
WIN_20260919_18_10_34_Pro_flip.mp4,90,4.492811501597444,0.04992012779552716,20.032,0.9266415571896338,-11.72106369449495,-17.96524945359032,0.5,0.0,0.5,0.0,0.0,0.0,0.0,60.912599990842864,0.02649999805726111,0.1066999975591898,64.0,False,62.0,16.341216156448375,-11.72106369449495,31.415532936019126,0.9266415571896338,3,0.0,0.0,False,0.0,0.0,0.0,0.0,0.6,62.0,True,0.6477201815682696,0.003521360460435681,0.1414696476357595,True,0.9266415571896338,0.0,0.25,False,0.04992012779552716,16.341216156448375,25.07339555528048,-11.72106369449495,True,0.4285502675242574,-17.96524945359032,True,0.11512914391069173,8.598081596079517,17,0.32424928569747646,8.238789222463792,0.4285502675242574,ground_x_z,1.0316744204731485,True,28.2444642456498,0.5997409088595088,0,91,4.1127113254007615,5,2,62.0,66.875,4.875,1.3319982127192842,0.2708333333333333,-0.4424137480911073,-0.4188337573116164,-18.35096980875414,1.15805813061907,False,1.0129870129870129,0,False,False,False,0.0,0.0,0.0,False,True,True,True,False,left,0.0,0.0,ground_x_z,16.341216156448375,25.07339555528048,-17.96524945359032,-26.034260014933395,-25.020531934083913,-38.11469534965046,-26.188326831133104,-29.95641455215499,True,False,continue_block,0.0,0.0
WIN_20260919_18_10_34_Pro_flip.mp4,91,4.542731629392971,0.04992012779552716,20.032,0.8241811406756172,-15.96111304337786,-22.21033288324158,0.5,0.0,0.5,0.0,0.0,0.0,0.0,58.19740000879392,0.029399991035461426,0.1036000030580908,55.0,False,65.33456802368164,17.196985441720862,-15.96111304337786,31.415532936019126,0.8241811406756172,3,0.0,0.0,False,0.0,0.0,0.0,0.0,0.0,0.0,False,0.0,0.0,0.0,True,0.8241811406756172,0.0,0.25,False,0.04992012779552716,17.196985441720862,25.07339555528048,-15.96111304337786,True,0.42566663272363,-22.21033288324158,True,0.11455627832878548,8.120521615878719,16,0.40830283331313083,6.986313627771517,0.42566663272363,ground_x_z,1.305834787448429,True,28.2444642456498,0.0,0,92,4.018061462259094,4,2,65.33456802368164,71.92353820800781,6.588970184326172,2.1205440084603175,0.36605389912923175,-0.44275568614453426,-0.4457517494219525,-18.378455893439426,1.1588969680066887,False,1.0135459074210296,0,False,False,False,0.0,0.0,0.0,False,True,True,True,False,left,0.0,0.0,ground_x_z,17.196985441720862,25.07339555528048,-22.21033288324158,-28.700342302973844,-26.034260014933395,-36.94429181482186,-21.820063599776933,-34.40072505465389,True,False,continue_block,0.0,0.0
WIN_20260919_18_10_34_Pro_flip.mp4,92,4.592651757188499,0.04992012779552716,20.032,0.8374150913880832,-15.17728778571478,-21.774540858341105,0.5,0.0,0.5,0.0,0.0,0.0,0.0,61.26550000044517,0.02239999594166875,0.09889999637380242,63.0,False,68.2924575805664,17.991254581373358,-15.17728778571478,31.415532936019126,0.8374150913880832,3,0.0,0.0,False,0.0,0.0,0.0,0.0,0.0,0.0,False,0.0,0.0,0.0,True,0.8374150913880832,0.0,0.25,False,0.04992012779552716,17.991254581373358,25.07339555528048,-15.17728778571478,True,0.3198880656610258,-21.774540858341105,True,0.08573257956984846,8.120521615878719,16,0.399456124591251,7.9987321451900915,0.3198880656610258,ground_x_z,1.261578521856162,True,28.2444642456498,0.0,0,93,3.9914592280492376,3,2,68.2924575805664,74.43233489990234,6.1398773193359375,2.7234440050916606,0.34110429551866317,-0.44625199822953554,-0.4634915454684,-18.536724839745073,1.1597190286465549,False,1.019296488639888,0,False,False,False,0.0,0.0,0.0,False,True,True,True,False,left,0.0,0.0,ground_x_z,17.991254581373358,25.07339555528048,-21.774540858341105,-29.203740488178166,-28.700342302973844,-32.857949968688516,-8.315215331429338,-33.96493302975341,True,False,continue_block,0.0,0.0
WIN_20260919_18_10_34_Pro_flip.mp4,93,4.642571884984026,0.04992012779552716,20.032,0.8223962820485483,-15.212403583654382,-22.484112372000766,0.5,0.0,0.5,0.0,0.0,0.0,0.0,60.34379999618977,0.02030000905506313,0.09180000051856041,42.0,False,75.78042984008789,19.951798054981637,-15.212403583654382,31.415532936019126,0.8223962820485483,3,0.0,0.0,False,0.0,0.0,0.0,0.0,0.0,0.0,False,0.0,0.0,0.0,True,0.8223962820485483,0.0,0.25,False,0.04992012779552716,19.951798054981637,25.07339555528048,-15.212403583654382,True,0.2584745349775417,-22.484112372000766,True,0.06870361094155779,8.120521615878719,16,0.41388873256908204,9.56424191701728,0.2584745349775417,ground_x_z,1.3095212850136448,True,28.2444642456498,0.0,0,94,5.105146639447433,2,2,75.78042984008789,81.83568572998047,6.055255889892578,3.2232157878117986,0.33640310499403214,-0.45780657725903245,-0.5114884077495145,-19.029897232433903,1.1605246480736238,False,1.0158684929412327,0,False,False,False,0.0,0.0,0.0,False,True,True,True,False,left,0.0,0.0,ground_x_z,19.951798054981637,25.07339555528048,-22.484112372000766,-31.189571103331502,-29.203740488178166,-32.25580758732822,-6.104134198300109,-35.925079575087814,True,False,continue_block,0.0,0.0
WIN_20260919_18_10_34_Pro_flip.mp4,94,4.692492012779553,0.04992012779552716,20.032,0.0,0.0,0.0,0.37519968051118213,0.0,0.5,0.0,0.0,0.0,0.0,58.3148000005167,0.0577000027988106,0.02340000355616212,61.0,False,75.78042984008789,19.951798054981637,0.0,31.415532936019126,0.0,3,0.0,0.0,False,0.0,0.0,0.0,0.0,0.0,0.0,False,0.0,0.0,0.0,False,0.0,0.049920127795527236,0.25,False,0.04992012779552716,0.0,0.0,0.0,False,0.0,0.0,False,0.0,0.0,0,0.0,0.0,0.0,ground_x_z,0.0,False,0.0,0.0,1,95,5.105146639447433,2,0,0.0,0.0,0.0,3.2232157878117986,0.0,-0.45780657725903245,0.0,-19.029897232433903,1.1605246480736238,False,1.0,0,False,False,False,0.0,0.0,0.0,False,False,False,False,False,,0.0,0.0,,,,,,,,,,,,brief_loss_hold,0.0,0.0
WIN_20260919_18_10_34_Pro_flip.mp4,95,4.742412140575079,0.04992012779552716,20.032,0.0,0.0,0.0,0.2503993610223642,0.0,0.5,0.0,0.0,0.0,0.0,58.020199998281896,0.05110001075081527,0.0219999928958714,61.0,False,75.78042984008789,19.951798054981637,0.0,31.415532936019126,0.0,3,0.0,0.0,False,0.0,0.0,0.0,0.0,0.0,0.0,False,0.0,0.0,0.0,False,0.0,0.09984025559105447,0.25,False,0.04992012779552716,0.0,0.0,0.0,False,0.0,0.0,False,0.0,0.0,0,0.0,0.0,0.0,ground_x_z,0.0,False,0.0,0.0,2,96,5.105146639447433,2,0,0.0,0.0,0.0,3.2232157878117986,0.0,-0.45780657725903245,0.0,-19.029897232433903,1.1605246480736238,False,1.0,0,False,False,False,0.0,0.0,0.0,False,False,False,False,False,,0.0,0.0,,,,,,,,,,,,brief_loss_hold,0.0,0.0
WIN_20260919_18_10_34_Pro_flip.mp4,96,4.792332268370607,0.04992012779552716,20.032,0.8264069875722391,-20.003889446913693,-18.16035487212194,0.5,0.0,0.5,0.0,0.0,0.0,0.0,59.78280000272207,0.02239999594166875,0.050300004659220576,66.0,False,-17.54252052307129,-4.629389448038761,-20.003889446913693,31.415532936019126,0.8264069875722391,3,0.0,0.0,False,0.0,0.0,0.0,0.0,0.0,0.0,False,0.0,0.0,0.0,True,0.8264069875722391,0.0,0.25,False,0.04992012779552716,-4.629389448038761,25.07339555528048,-20.003889446913693,True,0.18605398815777136,-18.16035487212194,True,0.049479432404155345,8.120521615878719,16,0.3280167098914549,-12.841797756424496,0.18605398815777136,ground_x_z,1.050468904967585,True,28.2444642456498,0.0,0,97,42.00239700366874,8,2,-17.54252052307129,-9.16140365600586,8.38111686706543,3.9969009496998433,0.4656176037258572,-0.3591112305704944,0.08604037421051162,-14.93752871404056,1.1613141551121513,False,1.0052542398236197,0,False,False,False,0.0,0.0,0.0,False,False,True,True,False,left,0.0,0.0,ground_x_z,-4.629389448038761,25.07339555528048,-18.16035487212194,-4.0577116198201955,-4.0577116198201955,-4.0577116198201955,,-18.16035487212194,False,False,continue_block,0.0,0.0
WIN_20260919_18_10_34_Pro_flip.mp4,97,4.842252396166134,0.04992012779552716,20.032,0.8215555928723733,-19.755937799114115,-18.514828703694064,0.5,0.0,0.5,0.0,0.0,0.0,0.0,57.57239999365993,0.0219999928958714,0.05299999611452222,76.0,False,-11.402162551879883,-3.0109970496572753,-19.755937799114115,31.415532936019126,0.8215555928723733,3,0.0,0.0,False,0.0,0.0,0.0,0.0,0.0,0.0,False,0.0,0.0,0.0,True,0.8215555928723733,0.0,0.25,False,0.04992012779552716,-3.0109970496572753,25.07339555528048,-19.755937799114115,True,0.1894068859619444,-18.514828703694064,True,0.051089086893514955,8.120521615878719,16,0.33488312892377886,-11.404896760199467,0.1894068859619444,ground_x_z,1.0708989187589522,True,28.2444642456498,0.0,0,98,42.006702426145516,8,2,-11.402162551879883,-3.1474437713623047,8.254718780517578,4.635573624322504,0.45859548780653214,-0.2854766661709288,0.04661059878545694,-11.882549481988466,1.1620878720099084,False,0.9976006301356877,0,False,False,False,0.0,0.0,0.0,False,False,True,True,False,left,0.0,0.0,ground_x_z,-3.0109970496572753,25.07339555528048,-18.514828703694064,-6.092118578689519,-5.0749150992548575,-5.0749150992548575,,-18.514828703694064,False,False,continue_block,0.0,0.0
WIN_20260919_18_10_34_Pro_flip.mp4,98,4.892172523961661,0.04992012779552716,20.032,0.8283036507224475,-18.963779759174958,-17.818067069834292,0.5,0.0,0.5,0.0,0.0,0.0,0.0,62.12970000342466,0.0261999957729131,0.0557999883312732,63.0,False,-10.529499053955078,-2.7824455686014113,-18.963779759174958,31.415532936019126,0.8283036507224475,3,0.0,0.0,False,0.0,0.0,0.0,0.0,0.0,0.0,False,0.0,0.0,0.0,True,0.8283036507224475,0.0,0.25,False,0.04992012779552716,-2.7824455686014113,25.07339555528048,-18.963779759174958,True,0.16914132972052853,-17.818067069834292,True,0.04631252820906304,8.120521615878719,16,0.3214127456471641,-10.848171650287576,0.16914132972052853,ground_x_z,1.0004944645655893,True,28.2444642456498,0.0,0,99,41.98203768582403,8,2,-10.529499053955078,-2.8279056549072266,7.701593399047852,5.095476590531306,0.42786629994710285,-0.22590666866432035,0.04278322223750689,-9.409170618348881,1.1628461145697102,False,0.996850144254626,0,False,False,False,0.0,0.0,0.0,False,False,True,True,False,left,0.0,0.0,ground_x_z,-2.7824455686014113,25.07339555528048,-17.818067069834292,-5.970610664989912,-5.970610664989912,-5.970610664989912,,-17.818067069834292,False,False,continue_block,0.0,0.0
WIN_20260919_18_10_34_Pro_flip.mp4,99,4.942092651757188,0.04992012779552716,20.032,0.8207762600649214,-20.223586741183016,-18.927085733016135,0.5,0.0,0.5,0.0,0.0,0.0,0.0,62.31199999456294,0.026599998818710446,0.06510000093840063,66.0,False,-12.138885498046875,-3.212647640491444,-20.223586741183016,31.415532936019126,0.8207762600649214,3,0.0,0.0,False,0.0,0.0,0.0,0.0,0.0,0.0,False,0.0,0.0,0.0,True,0.8207762600649214,0.0,0.25,False,0.04992012779552716,-3.212647640491444,25.07339555528048,-20.223586741183016,True,0.1432851701977621,-18.927085733016135,True,0.03813053452010646,7.880490877326114,14,0.3429047613056191,-11.841279164824732,0.1432851701977621,ground_x_z,1.117284769377097,True,28.2444642456498,0.0,0,100,41.96736459527914,8,2,-12.138885498046875,-3.5334701538085938,8.605415344238281,5.6219674035873535,0.47807863023546004,-0.17579737088010675,0.05027586125196404,-7.3267622793295075,1.163589192278316,False,0.9897284295638253,0,False,False,False,0.0,0.0,0.0,False,False,True,True,False,left,0.0,0.0,ground_x_z,-3.212647640491444,25.07339555528048,-18.927085733016135,-6.0901941178658925,-6.0901941178658925,-6.0901941178658925,,-18.927085733016135,False,False,continue_block,0.0,0.0
WIN_20260919_18_10_34_Pro_flip.mp4,100,4.992012779552716,0.04992012779552716,20.032,0.8317275187868156,-22.75060918204281,-21.131948776055374,0.5,0.0,0.5,0.0,0.0,0.0,0.0,58.49500000476837,0.023899978259578347,0.0543000060133636,66.0,False,-16.199689865112305,-4.286335582817236,-22.75060918204281,31.415532936019126,0.8317275187868156,3,0.0,0.0,False,0.0,0.0,0.0,0.0,0.0,0.0,False,0.0,0.0,0.0,True,0.8317275187868156,0.0,0.25,False,0.04992012779552716,-4.286335582817236,25.07339555528048,-22.75060918204281,True,0.1628127429143074,-21.131948776055374,True,0.043900172015906534,8.120521615878719,16,0.3865086601620189,-13.952700079918316,0.1628127429143074,ground_x_z,1.236630538601903,True,28.2444642456498,0.0,0,101,41.87294797100787,8,2,-16.199689865112305,-6.551883697509766,9.647806167602539,6.225843218189631,0.5359892315334744,-0.13064984758832815,0.07312845545649974,-5.4485425232740194,1.1643174084327497,False,0.9927766154569209,0,False,False,False,0.0,0.0,0.0,False,False,True,True,False,left,0.0,0.0,ground_x_z,-4.286335582817236,25.07339555528048,-21.131948776055374,-6.105159948329056,-6.0901941178658925,-6.0901941178658925,,-21.131948776055374,False,False,continue_block,0.0,0.0
WIN_20260919_18_10_34_Pro_flip.mp4,101,5.041932907348243,0.04992012779552716,20.032,0.5200545479954279,-5.427770892575783,-2.7358854907568246,0.5,0.0,0.5,0.0,0.0,0.0,0.0,45.16810001223348,0.020099978428333998,0.05269999383017421,73.0,False,-23.429813385009766,-6.225068645508058,-5.427770892575783,25.31638506407296,0.5200545479954279,1,0.0,0.0,False,0.0,0.0,0.0,0.0,0.0,0.0,False,0.0,0.0,0.0,True,0.5200545479954279,0.0,0.25,False,0.04992012779552716,-6.225068645508058,25.31638506407296,-5.427770892575783,True,1.4078749982101215,-2.7358854907568246,True,0.372342647623882,1.6980037251844564,6,0.04778653437392938,-7.33289206181573,1.4078749982101215,ground_x_z,0.0,False,25.31638506407296,0.0,0,102,4.686586829281257,7,1,-23.429813385009766,-23.429813385009766,0.0,5.291966735461187,0.0,-0.0799694744576682,0.14924629452567278,-3.335529834267044,1.1645028109663567,False,1.0,0,False,False,False,0.0,0.0,0.0,False,False,True,True,False,left,0.0,0.0,ground_x_z,-6.225068645508058,25.31638506407296,-2.7358854907568246,5.76223889064155,-6.0901941178658925,-6.0901941178658925,,-2.7358854907568246,False,False,continue_block,0.0,0.0
WIN_20260919_18_10_34_Pro_flip.mp4,102,5.09185303514377,0.04992012779552716,20.032,0.838295957519254,-24.213830042073894,-21.599188798295707,0.5,0.0,0.5,0.0,0.0,0.0,0.0,57.89609998464584,0.0261999957729131,0.0686999992467463,68.0,False,-27.0241756439209,-7.1560374502343915,-24.213830042073894,31.415532936019126,0.838295957519254,3,0.0,0.0,False,0.0,0.0,0.0,0.0,0.0,0.0,False,0.0,0.0,0.0,True,0.838295957519254,0.0,0.25,False,0.04992012779552716,-7.1560374502343915,25.07339555528048,-24.213830042073894,True,0.12984810625637094,-21.599188798295707,True,0.03475789687321239,8.120521615878719,16,0.39591163133308754,-17.089586473410705,0.12984810625637094,ground_x_z,1.2563829948905512,True,28.2444642456498,0.0,0,103,4.12397683252158,6,2,-27.0241756439209,-16.766260147094727,10.257915496826172,6.036859049665935,0.5698841942681206,-0.039883861555460746,0.141416114025847,-1.6638910151284763,1.1647363518302394,False,0.9872784073283355,0,False,False,False,0.0,0.0,0.0,False,True,True,True,False,left,0.0,0.0,ground_x_z,-7.1560374502343915,25.07339555528048,-21.599188798295707,-3.105475111076057,-3.105475111076057,-3.105475111076057,,-21.599188798295707,False,False,continue_block,0.0,0.0
WIN_20260919_18_10_34_Pro_flip.mp4,103,5.141773162939297,0.04992012779552716,20.032,0.8316980765899948,-27.56684061343915,-24.83158553683498,0.5,0.0,0.5,0.0,0.0,0.0,0.0,68.74980000429787,0.02680000034160912,0.10499998461455107,71.0,False,-29.866683959960938,-7.910289343185708,-27.56684061343915,31.415532936019126,0.8316980765899948,3,0.0,0.0,False,0.0,0.0,0.0,0.0,0.0,0.0,False,0.0,0.0,0.0,True,0.8316980765899948,0.0,0.25,False,0.04992012779552716,-7.910289343185708,25.07339555528048,-27.56684061343915,True,0.21397649834352228,-24.83158553683498,True,0.05672304835000196,8.120521615878719,16,0.4627340106135731,-19.491825735627913,0.21397649834352228,ground_x_z,1.482531301610838,True,28.2444642456498,0.0,0,104,4.297772365354407,5,2,-29.866683959960938,-17.852996826171875,12.013687133789062,6.933383262284405,0.6674270629882812,-0.004775553374327182,0.15406534152026344,-0.1992407981049018,1.1648084781191737,False,0.9777030599007979,0,False,False,False,0.0,0.0,0.0,False,True,True,True,False,left,0.0,0.0,ground_x_z,-7.910289343185708,25.07339555528048,-24.83158553683498,-4.145660958126707,-3.105475111076057,0.3470378092812165,6.905025840714547,-32.6936696317141,True,False,continue_block,0.0,0.0
WIN_20260919_18_10_34_Pro_flip.mp4,104,5.1916932907348246,0.04992012779552716,20.032,0.8255637237226815,-30.97098638862477,-28.81963642234162,0.5,0.0,0.5,0.0,0.0,0.0,0.0,64.8044999979902,0.02820001100189984,0.1385000068694353,46.0,False,-10.976713180541992,-3.040675538944946,-30.97098638862477,31.415532936019126,0.8255637237226815,2,0.0,0.0,False,0.0,0.0,0.0,0.0,0.0,0.0,False,0.0,0.0,0.0,True,0.8255637237226815,0.0,0.25,False,0.04992012779552716,-3.040675538944946,31.415532936019126,-30.97098638862477,True,0.0765524730634175,-28.81963642234162,True,0.02121874980067947,1.857294943112013,8,0.5502010369315978,-20.31896861178961,0.0765524730634175,ground_x_z,0.0,False,31.415532936019126,0.0,0,105,9.450874116640167,8,1,-10.976713180541992,-10.976713180541992,0.0,5.893375772941744,0.0,0.00928055593380329,0.07287840812724426,0.38720877885334615,1.1648530903533951,False,1.0,0,False,False,False,0.0,0.0,0.0,False,True,True,True,False,left,0.0,0.0,ground_x_z,-3.040675538944946,31.415532936019126,-28.81963642234162,-8.17688136649252,-4.145660958126707,-3.41378235495765,1.4637572063381146,-40.76473304284074,True,False,continue_block,0.0,0.0
WIN_20260919_18_10_34_Pro_flip.mp4,105,5.241613418530352,0.04992012779552716,20.032,0.8175240411229592,-32.18949168361524,-30.615881232331507,0.5,0.0,0.5,0.0,0.0,0.0,0.0,66.76420001895167,0.02160001895390451,0.08569998317398131,60.0,False,-3.617982864379883,-1.0022239452876005,-32.18949168361524,31.415532936019126,0.8175240411229592,2,0.0,0.0,False,0.0,0.0,0.0,0.0,0.0,0.0,False,0.0,0.0,0.0,True,0.8175240411229592,0.0,0.25,False,0.04992012779552716,-1.0022239452876005,31.415532936019126,-32.18949168361524,True,0.2603721172428399,-30.615881232331507,True,0.07198167444686143,1.857294943112013,8,0.5917725367302508,-19.58277101998572,0.2603721172428399,ground_x_z,0.0,False,31.415532936019126,0.0,0,106,9.841299584925975,8,1,-3.617982864379883,-3.617982864379883,0.0,5.009369407000483,0.0,0.01195808596483186,0.024039979240684878,0.49853121642798215,1.1639401250832397,False,1.0,0,False,False,False,0.0,0.0,0.0,False,True,True,True,False,left,0.0,0.0,ground_x_z,-1.0022239452876005,31.415532936019126,-30.615881232331507,-11.305032799985057,-8.17688136649252,-11.859882590867535,-7.366002448750029,-44.665361425427264,True,False,continue_block,0.0,0.0
WIN_20260919_18_10_34_Pro_flip.mp4,106,5.291533546325879,0.04992012779552716,20.032,0.821549743134997,-29.512422015503493,-29.83159499860579,0.5,0.0,0.5,0.0,0.0,0.0,0.0,64.86119999317452,0.02340000355616212,0.09529999806545675,41.0,False,5.671955108642578,1.5013359103182993,-29.512422015503493,31.415532936019126,0.821549743134997,3,0.0,0.0,False,0.0,0.0,0.0,0.0,0.0,0.0,False,0.0,0.0,0.0,True,0.821549743134997,0.0,0.25,False,0.04992012779552716,1.5013359103182993,25.07339555528048,-29.512422015503493,True,1.304719339906848,-29.83159499860579,True,0.36218848482098687,8.120521615878719,16,0.5734379346655251,-12.87342235923473,1.304719339906848,ground_x_z,1.9249861626848528,True,28.2444642456498,0.0,0,107,10.181199821543148,8,2,5.671955108642578,19.313901901245117,13.641946792602539,6.304256014840791,0.7578859329223633,-0.005081721185603641,-0.0821701067005394,-0.21189717485138915,1.1641643257614016,False,0.9691815521818778,0,False,False,False,0.0,0.0,0.0,False,False,True,True,False,left,0.0,0.0,ground_x_z,1.5013359103182993,25.07339555528048,-29.83159499860579,-17.53153135433783,-11.305032799985057,-17.83160140504706,-13.053137210124007,-44.354204426116596,True,False,continue_block,0.0,0.0
WIN_20260919_18_10_34_Pro_flip.mp4,107,5.341453674121405,0.04992012779552716,20.032,0.8304444318282908,-30.464020603080016,-31.00267149487282,0.5,0.0,0.5,0.0,0.0,0.0,0.0,56.14409997360781,0.023100001271814108,0.09509999654255807,56.0,False,8.154741287231445,2.158828559766482,-30.464020603080016,31.415532936019126,0.8304444318282908,3,0.0,0.0,False,0.0,0.0,0.0,0.0,0.0,0.0,False,0.0,0.0,0.0,True,0.8304444318282908,0.0,0.25,False,0.04992012779552716,2.158828559766482,25.07339555528048,-30.464020603080016,True,0.1321732344430463,-31.00267149487282,True,0.035694848913481125,8.120521615878719,16,0.6009240808719605,-12.887724588042662,0.1321732344430463,ground_x_z,1.9076244434191523,True,28.2444642456498,0.0,0,108,10.114632333320458,8,2,8.154741287231445,21.577342987060547,13.422601699829102,7.372007867589038,0.7457000944349501,-0.02181630708067564,-0.0975317408207908,-0.9096011893158183,1.1640449073850554,False,0.9566944645990403,0,False,False,False,0.0,0.0,0.0,False,False,True,True,False,left,0.0,0.0,ground_x_z,2.158828559766482,25.07339555528048,-31.00267149487282,-18.91948482881464,-17.53153135433783,-30.262326727770418,-25.461590746865177,-46.12130486871737,True,False,continue_block,0.0,0.0
WIN_20260919_18_10_34_Pro_flip.mp4,108,5.391373801916933,0.04992012779552716,20.032,0.0,0.0,0.0,0.37519968051118213,0.0,0.5,0.0,0.0,0.0,0.0,57.928399997763336,0.035900011425837874,0.022599997464567423,54.0,False,8.154741287231445,2.158828559766482,0.0,31.415532936019126,0.0,3,0.0,0.0,False,0.0,0.0,0.0,0.0,0.0,0.0,False,0.0,0.0,0.0,False,0.0,0.049920127795527236,0.25,False,0.04992012779552716,0.0,0.0,0.0,False,0.0,0.0,False,0.0,0.0,0,0.0,0.0,0.0,ground_x_z,0.0,False,0.0,0.0,1,109,10.114632333320458,8,0,0.0,0.0,0.0,7.372007867589038,0.0,-0.02181630708067564,0.0,-0.9096011893158183,1.1640449073850554,False,1.0,0,False,False,False,0.0,0.0,0.0,False,False,False,False,False,,0.0,0.0,,,,,,,,,,,,brief_loss_hold,0.0,0.0
WIN_20260919_18_10_34_Pro_flip.mp4,109,5.44129392971246,0.04992012779552716,20.032,0.8254592163634493,-30.986439232286383,-32.8855551336329,0.5,0.0,0.5,0.0,0.0,0.0,0.0,57.07889999030158,0.016700010746717453,0.03969998215325177,65.0,False,25.64703941345215,6.788777907383652,-30.986439232286383,31.415532936019126,0.8254592163634493,3,0.0,0.0,False,0.0,0.0,0.0,0.0,0.0,0.0,False,0.0,0.0,0.0,True,0.8254592163634493,0.0,0.25,False,0.04992012779552716,6.788777907383652,25.07339555528048,-30.986439232286383,True,0.13817511396710613,-32.8855551336329,True,0.03717639138116733,8.120521615878719,16,0.6465714479075627,-9.395771611827897,0.13817511396710613,ground_x_z,2.0607359680073847,True,28.2444642456498,0.0,0,110,12.723439600996938,8,2,25.64703941345215,39.410301208496094,13.763261795043945,8.330695956707274,0.7646256552802192,-0.05630012886916057,-0.2123026040426324,-2.346785965535735,1.1637616646483482,False,0.9488073507519382,0,False,False,False,0.0,0.0,0.0,False,True,True,True,False,left,0.0,0.0,ground_x_z,6.788777907383652,25.07339555528048,-32.8855551336329,-24.613092137015805,-24.613092137015805,-24.613092137015805,,-32.8855551336329,False,False,continue_block,0.0,0.0
WIN_20260919_18_10_34_Pro_flip.mp4,110,5.491214057507987,0.04992012779552716,20.032,0.8277872016664539,-33.39218048789916,-34.50825721000987,0.5,0.0,0.5,0.0,0.0,0.0,0.0,64.13169999723323,0.0281000102404505,0.06360001862049103,63.0,False,17.001779556274414,4.499308534325486,-33.39218048789916,31.415532936019126,0.8277872016664539,3,0.0,0.0,False,0.0,0.0,0.0,0.0,0.0,0.0,False,0.0,0.0,0.0,True,0.8277872016664539,0.0,0.25,False,0.04992012779552716,4.499308534325486,25.07339555528048,-33.39218048789916,True,0.1847493399691183,-34.50825721000987,True,0.05007014870779811,8.120521615878719,16,0.6874931688182783,-12.752079408936067,0.1847493399691183,ground_x_z,2.1826175921970785,True,28.2444642456498,0.0,0,111,10.26975265867599,8,2,17.001779556274414,32.028446197509766,15.026666641235352,9.335091559386486,0.834814813401964,-0.07519976922044273,-0.1604606758393338,-3.1314794109783426,1.1626071953516923,False,0.9439015665033771,0,False,False,False,0.0,0.0,0.0,False,False,True,True,False,left,0.0,0.0,ground_x_z,4.499308534325486,25.07339555528048,-34.50825721000987,-23.39927292968567,-24.00618253335074,-24.00618253335074,,-34.50825721000987,False,False,continue_block,0.0,0.0
WIN_20260919_18_10_34_Pro_flip.mp4,111,5.541134185303514,0.04992012779552716,20.032,0.8264484736938266,-33.353100665370825,-34.36446218509224,0.5,0.0,0.5,0.0,0.0,0.0,0.0,63.52720002178103,0.03200001083314419,0.07199999527074397,61.0,False,15.912467956542969,4.206864760825486,-33.353100665370825,31.415532936019126,0.8264484736938266,3,0.0,0.0,False,0.0,0.0,0.0,0.0,0.0,0.0,False,0.0,0.0,0.0,True,0.8264484736938266,0.0,0.25,False,0.04992012779552716,4.206864760825486,25.07339555528048,-33.353100665370825,True,0.14676777114414222,-34.36446218509224,True,0.03983253887279234,8.120521615878719,16,0.6838036301406641,-12.947555734232207,0.14676777114414222,ground_x_z,2.164495789602097,True,28.2444642456498,0.0,0,112,9.740377674887347,8,2,15.912467956542969,30.871585845947266,14.959117889404297,10.178695508889158,0.8310621049669054,-0.08935960392268015,-0.1531345092139541,-3.71792261690233,1.161606583654506,False,0.9386411498468517,0,False,False,False,0.0,0.0,0.0,False,False,True,True,False,left,0.0,0.0,ground_x_z,4.206864760825486,25.07339555528048,-34.36446218509224,-23.027207394754694,-23.39927292968567,-23.39927292968567,,-34.36446218509224,False,False,continue_block,0.0,0.0
WIN_20260919_18_10_34_Pro_flip.mp4,112,5.5910543130990416,0.04992012779552716,20.032,0.8239051473912989,-30.98258667187454,-31.832838337909603,0.5,0.0,0.5,0.0,0.0,0.0,0.0,58.5842999862507,0.021299987565726042,0.05119998240843415,65.0,False,13.163103103637695,3.4769633611595214,-30.98258667187454,31.415532936019126,0.8239051473912989,3,0.0,0.0,False,0.0,0.0,0.0,0.0,0.0,0.0,False,0.0,0.0,0.0,True,0.8239051473912989,0.0,0.25,False,0.04992012779552716,3.4769633611595214,25.07339555528048,-30.98258667187454,True,0.16632861258418713,-31.832838337909603,True,0.04456668898448545,8.120521615878719,16,0.6208200208655668,-12.077325167858854,0.16632861258418713,ground_x_z,1.977222657833679,True,28.2444642456498,0.0,0,113,8.895289155491296,8,2,13.163103103637695,26.900272369384766,13.73716926574707,10.712466572417846,0.7631760703192817,-0.09699865266759401,-0.13120598075238182,-4.032199540043945,1.1605831675842568,False,0.9482658798926276,0,False,False,False,0.0,0.0,0.0,False,False,True,True,False,left,0.0,0.0,ground_x_z,3.4769633611595214,25.07339555528048,-31.832838337909603,-20.758610382229534,-23.027207394754694,-23.027207394754694,,-31.832838337909603,False,False,continue_block,0.0,0.0
WIN_20260919_18_10_34_Pro_flip.mp4,113,5.640974440894569,0.04992012779552716,20.032,0.826273029142307,-32.104643796671205,-32.77783104138442,0.5,0.0,0.5,0.0,0.0,0.0,0.0,63.74919999507256,0.020599982235580683,0.05420000525191426,78.0,False,11.456195831298828,3.0234911071892734,-32.104643796671205,31.415532936019126,0.826273029142307,3,0.0,0.0,False,0.0,0.0,0.0,0.0,0.0,0.0,False,0.0,0.0,0.0,True,0.826273029142307,0.0,0.25,False,0.04992012779552716,3.0234911071892734,25.07339555528048,-32.104643796671205,True,0.14931210423643487,-32.77783104138442,True,0.04026821353533718,8.120521615878719,16,0.6439085405413935,-13.11805776566836,0.14931210423643487,ground_x_z,2.0530889386095192,True,28.2444642456498,0.0,0,114,8.85866977629008,8,2,11.456195831298828,25.830724716186523,14.374528884887695,11.261775919288324,0.7985849380493164,-0.10160123222381408,-0.12218844266207617,-4.221240380012384,1.1599547894204523,False,0.9426892917266058,0,False,False,False,0.0,0.0,0.0,False,False,True,True,False,left,0.0,0.0,ground_x_z,3.0234911071892734,25.07339555528048,-32.77783104138442,-20.880797154074013,-20.880797154074013,-20.880797154074013,,-32.77783104138442,False,False,continue_block,0.0,0.0
WIN_20260919_18_10_34_Pro_flip.mp4,114,5.690894568690096,0.04992012779552716,20.032,0.8283598976314435,-31.565071853142964,-32.13965723395278,0.5,0.0,0.5,0.0,0.0,0.0,0.0,66.8489999952726,0.01750001683831215,0.052799994591623545,64.0,False,10.07071304321289,2.656392985151831,-31.565071853142964,31.415532936019126,0.8283598976314435,3,0.0,0.0,False,0.0,0.0,0.0,0.0,0.0,0.0,False,0.0,0.0,0.0,True,0.8283598976314435,0.0,0.25,False,0.04992012779552716,2.656392985151831,25.07339555528048,-31.565071853142964,True,0.16011798628081503,-32.13965723395278,True,0.04325654283662203,8.120521615878719,16,0.6282637492520897,-13.08366263407513,0.16011798628081503,ground_x_z,1.9856936557201987,True,28.2444642456498,0.0,0,115,4.2028376091939315,7,2,10.07071304321289,24.025432586669922,13.954719543457031,11.66571746291363,0.775262196858724,-0.10345931468200036,-0.11175716224671267,-4.297416764205789,1.1596790992958013,False,0.9467471450607927,0,False,False,False,0.0,0.0,0.0,False,False,True,True,False,left,0.0,0.0,ground_x_z,2.656392985151831,25.07339555528048,-32.13965723395278,-20.1196768541723,-20.758610382229534,-20.758610382229534,,-32.13965723395278,False,False,continue_block,0.0,0.0
WIN_20260919_18_10_34_Pro_flip.mp4,115,5.740814696485623,0.04992012779552716,20.032,0.8304777830404471,-31.922071464695367,-32.43125231783712,0.5,0.0,0.5,0.0,0.0,0.0,0.0,65.78540001646616,0.020400009816512465,0.05440000677481294,70.0,False,9.334386825561523,2.4615811379602484,-31.922071464695367,31.415532936019126,0.8304777830404471,3,0.0,0.0,False,0.0,0.0,0.0,0.0,0.0,0.0,False,0.0,0.0,0.0,True,0.8304777830404471,0.0,0.25,False,0.04992012779552716,2.4615811379602484,25.07339555528048,-31.922071464695367,True,0.20000525494156599,-32.43125231783712,True,0.054394237087288806,8.120521615878719,16,0.6353846962017557,-13.473279469068562,0.20000525494156599,ground_x_z,2.000859420185729,True,28.2444642456498,0.0,0,116,1.6805283780375015,6,2,9.334386825561523,23.434585571289062,14.100198745727539,12.030889655335717,0.7833443747626411,-0.10416820871848836,-0.10742167182454708,-4.3272873300094705,1.159793019957094,False,0.9430238512079838,0,False,False,False,0.0,0.0,0.0,False,False,True,True,False,left,0.0,0.0,ground_x_z,2.4615811379602484,25.07339555528048,-32.43125231783712,-20.102185318054648,-20.1196768541723,-20.1196768541723,,-32.43125231783712,False,False,continue_block,0.0,0.0
WIN_20260919_18_10_34_Pro_flip.mp4,116,5.7907348242811505,0.04992012779552716,20.032,0.8240053797230126,-32.50655195754659,-32.991242750416674,0.5,0.0,0.5,0.0,0.0,0.0,0.0,66.1543000023812,0.02649999805726111,0.09799998952075839,62.0,False,8.94157600402832,2.3582038592118653,-32.50655195754659,31.415532936019126,0.8240053797230126,3,0.0,0.0,False,0.0,0.0,0.0,0.0,0.0,0.0,False,0.0,0.0,0.0,True,0.8240053797230126,0.0,0.25,False,0.04992012779552716,2.3582038592118653,25.07339555528048,-32.50655195754659,True,0.17535909338332567,-32.991242750416674,True,0.047203135547952066,8.120521615878719,16,0.6491903134794791,-13.900655315264082,0.17535909338332567,ground_x_z,2.064908125928496,True,28.2444642456498,0.0,0,117,1.6179356431669887,5,2,8.94157600402832,23.521947860717773,14.580371856689453,12.413311985538776,0.8100206587049696,-0.10453571240651131,-0.10642400276241396,-4.344632323712256,1.1603481103804516,False,0.9357622717173001,0,False,False,False,0.0,0.0,0.0,False,False,True,True,False,left,0.0,0.0,ground_x_z,2.3582038592118653,25.07339555528048,-32.991242750416674,-20.345096745457266,-20.1196768541723,-13.763868056516229,12.711617595312145,-30.977950011823282,True,False,continue_block,0.0,0.0
WIN_20260919_18_10_34_Pro_flip.mp4,117,5.840654952076678,0.04992012779552716,20.032,0.8212976894618331,-35.353085206442344,-36.02914938674239,0.5,0.0,0.5,0.0,0.0,0.0,0.0,76.63189998129383,0.024599983589723706,0.10489998385310173,61.0,False,12.058021545410156,3.1816540576474224,-35.353085206442344,31.415532936019126,0.8212976894618331,3,0.0,0.0,False,0.0,0.0,0.0,0.0,0.0,0.0,False,0.0,0.0,0.0,True,0.8212976894618331,0.0,0.25,False,0.04992012779552716,3.1816540576474224,25.07339555528048,-35.353085206442344,True,0.26234538135027785,-36.02914938674239,True,0.07104085620555559,8.120521615878719,16,0.727320120564961,-15.03599416532898,0.26234538135027785,ground_x_z,2.3103221522598822,True,28.2444642456498,0.0,0,118,1.745955580486444,4,2,12.058021545410156,28.273286819458008,16.21526527404785,12.983604978815137,0.9008480707804362,-0.10945782072699763,-0.1320515749180167,-4.552310321131597,1.1611411481728426,False,0.9214975830700988,0,False,False,False,0.0,0.0,0.0,False,False,True,True,False,left,0.0,0.0,ground_x_z,3.1816540576474224,25.07339555528048,-36.02914938674239,-23.084939334283266,-20.345096745457266,-15.10947566401833,10.471242162877871,-35.72556991051815,True,False,continue_block,0.0,0.0
WIN_20260919_18_10_34_Pro_flip.mp4,118,5.890575079872204,0.04992012779552716,20.032,0.8174064913732635,-36.86760075550829,-37.57868077057727,0.5,0.0,0.5,0.0,0.0,0.0,0.0,66.97780001559295,0.021799991372972727,0.08880000677891076,67.0,False,12.854578018188477,3.394178062624384,-36.86760075550829,31.415532936019126,0.8174064913732635,3,0.0,0.0,False,0.0,0.0,0.0,0.0,0.0,0.0,False,0.0,0.0,0.0,True,0.8174064913732635,0.0,0.25,False,0.04992012779552716,3.394178062624384,25.07339555528048,-36.86760075550829,True,0.2998045283537038,-37.57868077057727,True,0.08155872498256327,8.120521615878719,16,0.769511079352966,-15.894808210460745,0.2998045283537038,ground_x_z,2.4314024251500213,True,28.2444642456498,0.0,0,119,1.6101412498983128,3,2,12.854578018188477,29.900619506835938,17.04604148864746,13.592970455289985,0.9470023049248589,-0.11492246499878783,-0.13997921683399606,-4.782781936105816,1.1619183252093859,False,0.9054245005372812,0,False,False,False,0.0,0.0,0.0,False,False,True,True,False,left,0.0,0.0,ground_x_z,3.394178062624384,25.07339555528048,-37.57868077057727,-24.29962943838086,-23.084939334283266,-22.635172864061772,0.899532940442988,-40.35759860586524,True,False,continue_block,0.0,0.0
WIN_20260919_18_10_34_Pro_flip.mp4,119,5.940495207667731,0.04992012779552716,20.032,0.8138761257897049,-37.07058394895318,-37.80999733679784,0.5,0.0,0.5,0.0,0.0,0.0,0.0,73.36030001170002,0.03359999391250312,0.13840000610798597,63.0,False,13.035245895385742,3.4441736038760764,-37.07058394895318,31.415532936019126,0.8138761257897049,3,0.0,0.0,False,0.0,0.0,0.0,0.0,0.0,0.0,False,0.0,0.0,0.0,True,0.8138761257897049,0.0,0.25,False,0.04992012779552716,3.4441736038760764,25.07339555528048,-37.07058394895318,True,0.29718618564229465,-37.80999733679784,True,0.08108077571773797,8.120521615878719,16,0.7759590201035106,-15.991067274965136,0.29718618564229465,ground_x_z,2.4655529167275945,True,28.2444642456498,0.0,0,120,1.4883448893915072,2,2,13.035245895385742,30.30863380432129,17.273387908935547,14.145033073336819,0.9596326616075304,-0.11974541346518254,-0.14190808877076497,-4.98676750427513,1.1626799587051981,False,0.9042104768292267,0,False,False,False,0.0,0.0,0.0,False,False,True,True,False,left,0.0,0.0,ground_x_z,3.4441736038760764,25.07339555528048,-37.80999733679784,-24.499890299981736,-24.29962943838086,-24.396003289433892,-0.19274770210606107,-41.74577734169092,True,False,continue_block,0.0,0.0
WIN_20260919_18_10_34_Pro_flip.mp4,120,5.9904153354632586,0.04992012779552716,20.032,0.8120328854279671,-36.86258537713206,-37.53944519680387,0.5,0.0,0.5,0.0,0.0,0.0,0.0,76.50409999769181,0.02440001117065549,0.10199999087490141,66.0,False,11.858613967895508,3.135357394058839,-36.86258537713206,31.415532936019126,0.8120328854279671,3,0.0,0.0,False,0.0,0.0,0.0,0.0,0.0,0.0,False,0.0,0.0,0.0,True,0.8120328854279671,0.0,0.25,False,0.04992012779552716,3.135357394058839,25.07339555528048,-36.86258537713206,True,0.27403211627168744,-37.53944519680387,True,0.07468129650080178,8.120521615878719,16,0.7684213669454928,-16.126037654277273,0.27403211627168744,ground_x_z,2.4390647743944247,True,28.2444642456498,0.0,0,121,1.5439001873746698,1,2,11.858613967895508,28.98044776916504,17.12183380126953,14.591553182526727,0.9512129889594184,-0.12222117479145245,-0.1337706725166707,-5.093137482185922,1.163426359531094,False,0.9034886624269721,0,False,False,False,0.0,0.0,0.0,False,False,True,True,False,left,0.0,0.0,ground_x_z,3.135357394058839,25.07339555528048,-37.53944519680387,-24.026827994373626,-24.29962943838086,-26.143428435725117,-3.6875979946885087,-42.138532818549294,True,False,continue_block,0.0,0.0
WIN_20260919_18_10_34_Pro_flip.mp4,121,6.040335463258786,0.04992012779552716,20.032,0.8171587284448181,-36.27731989760217,-36.89484105318465,0.5,0.0,0.5,0.0,0.0,0.0,0.0,73.38879999588244,0.021799991372972727,0.11049999739043415,71.0,False,10.608589172363281,2.80667647071706,-36.27731989760217,31.415532936019126,0.8171587284448181,3,0.0,0.0,True,100.21004720526933,-28.413555790227033,671.2857142857143,59.0,0.0,0.0,False,0.0,0.0,0.0,True,0.8171587284448181,0.0,0.25,False,0.04992012779552716,2.80667647071706,25.07339555528048,-36.27731989760217,True,0.2962112516455119,-36.89484105318465,True,0.08075284289551965,8.120521615878719,16,0.750680448128731,-16.024702063166714,0.2962112516455119,ground_x_z,2.377763775461749,True,28.2444642456498,0.0,0,122,1.6325685646128005,0,2,10.608589172363281,27.33087158203125,16.72228240966797,14.911162566597913,0.9290156894259982,-0.12254072072546084,-0.12433401627278594,-5.1096639790915495,1.1641578323404722,False,0.9079635659999806,0,False,True,False,0.0,124.21004720526933,78.21004720526933,,False,True,True,False,left,0.0,0.0,ground_x_z,2.80667647071706,25.07339555528048,-36.89484105318465,-23.285681784488293,-24.026827994373626,-28.556928763237188,-9.060201537727123,-44.03951284052026,True,False,continue_block,0.0,0.0
WIN_20260919_18_10_34_Pro_flip.mp4,122,6.090255591054313,0.04992012779552716,20.032,0.8182865500035419,-35.87685966613096,-36.50085385944297,0.5,0.0,0.5,0.0,0.0,0.0,0.0,69.00489999679849,0.028400012524798512,0.11920000542886555,64.0,False,10.272136688232422,2.7193507257450085,-35.87685966613096,31.415532936019126,0.8182865500035419,3,0.0,0.0,True,100.21004720526933,-28.576993487437026,669.625,59.0,0.0,0.0,False,0.0,0.0,0.0,True,0.8182865500035419,0.0,0.25,False,0.04992012779552716,2.7193507257450085,25.07339555528048,-35.87685966613096,True,0.29421163196259037,-36.50085385944297,True,0.08013877174170517,8.120521615878719,16,0.7399841377788013,-15.824640571020186,0.29421163196259037,ground_x_z,2.345496587800921,True,28.2444642456498,0.0,0,123,0.8634081366872333,0,2,10.272136688232422,26.76505470275879,16.492918014526367,15.14842588378718,0.9162732230292426,-0.12220515638947597,-0.12139117280589191,-5.098809441691594,1.1648746756936628,False,0.9114611867065537,0,False,True,False,0.0,124.21004720526933,78.21004720526933,,False,True,True,False,left,0.0,0.0,ground_x_z,2.7193507257450085,25.07339555528048,-36.50085385944297,-22.942593182552102,-23.285681784488293,-27.815782553351855,-9.060201537727123,-43.64552564677858,True,False,continue_block,0.0,0.0
WIN_20260919_18_10_34_Pro_flip.mp4,123,6.14017571884984,0.04992012779552716,20.032,0.8170728634398176,-35.608700249367125,-36.20453181302773,0.5,0.0,0.5,0.0,0.0,0.0,0.0,69.66019998071715,0.024599983589723706,0.10999999358318746,63.0,False,9.619142532348633,2.548053881810959,-35.608700249367125,31.415532936019126,0.8170728634398176,3,0.0,0.0,True,100.21004720526933,-28.576993487437026,669.625,59.0,0.0,0.0,False,0.0,0.0,0.0,True,0.8170728634398176,0.0,0.25,False,0.04992012779552716,2.548053881810959,25.07339555528048,-35.608700249367125,True,0.2853399560051656,-36.20453181302773,True,0.07769454469164773,8.120521615878719,16,0.7320108318219426,-15.80959381495715,0.2853399560051656,ground_x_z,2.311534184069377,True,28.2444642456498,0.0,0,124,0.8389597375061504,0,2,9.619142532348633,25.885189056396484,16.26604652404785,15.31606897982628,0.9036692513359917,-0.12074368983690947,-0.11640144551600395,-5.0408703393733045,1.1655771821797896,False,0.9119638014271807,0,False,True,False,0.0,124.21004720526933,78.21004720526933,,False,True,True,False,left,0.0,0.0,ground_x_z,2.548053881810959,25.07339555528048,-36.20453181302773,-22.582033640700164,-22.942593182552102,-27.00681106409588,-8.128435763087559,-42.02755024741689,True,False,continue_block,0.0,0.0
WIN_20260919_18_10_34_Pro_flip.mp4,124,6.1900958466453675,0.04992012779552716,20.032,0.8224174536239616,7.301065224454963,6.273722704420756,0.5,0.0,0.5,0.0,0.0,0.0,0.0,71.96259999182075,0.03020002623088658,0.11740002082660794,61.0,False,8.248607635498047,2.186364420750153,7.301065224454963,31.415532936019126,0.8224174536239616,3,0.0,0.0,True,105.04577329624601,-37.412275611882485,597.3484848484849,41.0,0.0,0.0,False,0.0,0.0,0.0,True,0.8224174536239616,0.0,0.25,False,0.04992012779552716,2.186364420750153,25.07339555528048,7.301065224454963,True,5.190998506917071,6.273722704420756,True,1.435162202891631,8.120521615878719,16,-0.10993683605724162,4.7325047265001,5.190998506917071,ground_x_z,-0.4555798678896046,True,28.2444642456498,0.0,0,125,1.0358563826531382,0,2,8.248607635498047,4.60107421875,-3.647533416748047,12.47152862034013,0.2026407453748915,-0.10148071140011301,-0.04143291450634578,-4.239171919168615,1.1662656385361938,False,0.7183042822196848,0,True,True,False,0.0,129.045773296246,83.04577329624601,,False,True,True,False,left,0.0,0.0,ground_x_z,2.186364420750153,25.07339555528048,6.273722704420756,0.6347970587773161,-22.582033640700164,-25.686803740652344,-6.209540199904363,1.675965097119004,True,False,continue_block,0.0,0.0
WIN_20260919_18_10_34_Pro_flip.mp4,125,6.240015974440895,0.04992012779552716,20.032,0.822898903606561,-33.82994824427541,-34.29770539261524,0.5,0.0,0.5,0.0,0.0,0.0,0.0,66.47699998575263,0.0185999961104244,0.08899997919797897,64.0,False,7.105142593383789,1.8843859945090529,-33.82994824427541,31.415532936019126,0.822898903606561,3,0.0,0.0,True,105.04577329624601,-37.412275611882485,597.3484848484849,41.0,0.0,0.0,False,0.0,0.0,0.0,True,0.822898903606561,0.0,0.25,False,0.04992012779552716,1.8843859945090529,25.07339555528048,-33.82994824427541,True,0.18580599020044433,-34.29770539261524,True,0.05077461013534701,8.120521615878719,16,0.6820950666214213,-15.220357372019382,0.18580599020044433,ground_x_z,2.15104485071429,True,28.2444642456498,0.0,0,126,1.0284008787592707,0,2,7.105142593383789,22.304241180419922,15.199098587036133,12.88066411534453,0.8443943659464518,-0.10024144152889307,-0.09654754052610126,-4.189826099257158,1.16694032576547,False,0.9243779308121818,0,False,True,False,0.0,129.045773296246,83.04577329624601,,False,True,True,False,left,0.0,0.0,ground_x_z,1.8843859945090529,25.07339555528048,-34.29770539261524,-20.69325559827302,-20.69325559827302,-19.85373836045163,1.6790344756427813,-34.590477122894235,True,False,continue_block,0.0,0.0
WIN_20260919_18_10_34_Pro_flip.mp4,126,6.289936102236422,0.04992012779552716,20.032,0.8267614058278331,-32.5779013624612,-33.0856494475141,0.5,0.0,0.5,0.0,0.0,0.0,0.0,73.25020001735538,0.021100015146657825,0.08900000830180943,68.0,False,7.221595764160156,1.9163612823029863,-32.5779013624612,31.415532936019126,0.8267614058278331,3,0.0,0.0,True,112.04020517122414,-35.4423402856585,637.8913043478261,17.0,0.0,0.0,False,0.0,0.0,0.0,True,0.8267614058278331,0.0,0.25,False,0.04992012779552716,1.9163612823029863,25.07339555528048,-32.5779013624612,True,0.230893869725682,-33.0856494475141,True,0.06337637963779356,8.120521615878719,16,0.6515349545264528,-14.431902053491637,0.230893869725682,ground_x_z,2.062760371166694,True,28.2444642456498,0.0,0,127,0.8647590634046788,0,2,7.221595764160156,21.770206451416016,14.54861068725586,13.13085610113123,0.8082561492919922,-0.09896442093691445,-0.09514643471562066,-4.138793759851874,1.1676015192501605,False,0.9296172506217453,0,False,True,False,0.0,136.04020517122416,90.04020517122416,,False,True,True,False,left,0.0,0.0,ground_x_z,1.9163612823029863,25.07339555528048,-33.0856494475141,-19.95789870904917,-19.95789870904917,-14.79769294011773,10.320411537862883,-28.391042392418726,True,False,continue_block,0.0,0.0
WIN_20260919_18_10_34_Pro_flip.mp4,127,6.339856230031949,0.04992012779552716,20.032,0.8242987852522645,-33.452232586328954,-33.957650662750446,0.5,0.0,0.5,0.0,0.0,0.0,0.0,60.112600011052564,0.024600012693554163,0.10049997945316136,66.0,False,7.054508209228516,1.873084998095931,-33.452232586328954,31.415532936019126,0.8242987852522645,3,0.0,0.0,True,112.04020517122414,-35.4423402856585,637.8913043478261,17.0,0.0,0.0,False,0.0,0.0,0.0,True,0.8242987852522645,0.0,0.25,False,0.04992012779552716,1.873084998095931,25.07339555528048,-33.452232586328954,True,0.23569421366808757,-33.957650662750446,True,0.06457555847899858,8.120521615878719,16,0.67343363884542,-15.001603289052177,0.23569421366808757,ground_x_z,2.13207814408866,True,28.2444642456498,0.0,0,128,0.8548402383647945,0,2,7.054508209228516,22.10142707824707,15.046918869018555,13.418265516314328,0.8359399371676974,-0.09813606274981317,-0.09571600524829953,-4.106428600159833,1.1682494888651573,False,0.9259036890957165,0,False,True,False,0.0,136.04020517122416,90.04020517122416,,False,True,True,False,left,0.0,0.0,ground_x_z,1.873084998095931,25.07339555528048,-33.957650662750446,-20.4650703189964,-20.4650703189964,-15.368703908056652,10.192732821879497,-28.86310601913599,True,False,continue_block,0.0,0.0
WIN_20260919_18_10_34_Pro_flip.mp4,128,6.389776357827476,0.04992012779552716,20.032,0.8195954918385666,-34.344920246563944,-34.95043157280543,0.5,0.0,0.5,0.0,0.0,0.0,0.0,60.996999993221834,0.022099993657320738,0.10110001312568784,68.0,False,8.387603759765625,2.2282310669477385,-34.344920246563944,31.415532936019126,0.8195954918385666,3,0.0,0.0,True,112.04020517122414,-35.4423402856585,637.8913043478261,17.0,0.0,0.0,False,0.0,0.0,0.0,True,0.8195954918385666,0.0,0.25,False,0.04992012779552716,2.2282310669477385,25.07339555528048,-34.344920246563944,True,0.2417731645399607,-34.95043157280543,True,0.06613225374608143,8.120521615878719,16,0.6989190199654469,-15.287819385367307,0.2417731645399607,ground_x_z,2.2015864443473276,True,28.2444642456498,0.0,0,129,1.0004500532141871,0,2,8.387603759765625,23.867855072021484,15.48025131225586,13.727563385705558,0.8600139617919922,-0.09995354011639487,-0.10580694861351575,-4.184752968738198,1.1688844990878542,False,0.9204236678124409,0,False,True,False,0.0,136.04020517122416,90.04020517122416,,False,True,True,False,left,0.0,0.0,ground_x_z,2.2282310669477385,25.07339555528048,-34.95043157280543,-21.45473641973575,-20.4650703189964,-15.413475702802767,10.103189232387265,-30.047281747707274,True,False,continue_block,0.0,0.0
WIN_20260919_18_10_34_Pro_flip.mp4,129,6.439696485623003,0.04992012779552716,20.032,0.8202318762650564,-35.96669019159858,-36.726384934892714,0.5,0.0,0.5,0.0,0.0,0.0,0.0,67.07509999978356,0.0185999961104244,0.09129999671131372,70.0,False,10.706207275390625,2.845758360177016,-35.96669019159858,31.415532936019126,0.8202318762650564,3,0.0,0.0,True,112.04020517122414,-35.4423402856585,637.8913043478261,17.0,0.0,0.0,False,0.0,0.0,0.0,True,0.8202318762650564,0.0,0.25,False,0.04992012779552716,2.845758360177016,25.07339555528048,-35.96669019159858,True,0.28317894716731995,-36.726384934892714,True,0.07752653040487101,8.120521615878719,16,0.7460936281812375,-15.8602754912623,0.28317894716731995,ground_x_z,2.366399759965509,True,28.2444642456498,0.0,0,130,1.3039983055253341,0,2,10.706207275390625,27.26190757751465,16.555700302124023,14.151783923168328,0.9197611278957791,-0.10584068549398556,-0.1244270432883364,-4.4335891439657775,1.1695068091060972,False,0.9122161293335371,0,False,True,False,0.0,136.04020517122416,90.04020517122416,,False,True,True,False,left,0.0,0.0,ground_x_z,2.845758360177016,25.07339555528048,-36.726384934892714,-23.21288559194763,-21.45473641973575,-18.06581850145311,6.77783583656528,-33.484939877646674,True,False,continue_block,0.0,0.0
WIN_20260919_18_10_34_Pro_flip.mp4,130,6.48961661341853,0.04992012779552716,20.032,0.8192551658842963,-35.795204328591474,-36.54314756076341,0.5,0.0,0.5,0.0,0.0,0.0,0.0,70.43500000145286,0.02549999044276774,0.12780001270584762,66.0,False,10.258279800415039,2.7281400282929713,-35.795204328591474,31.415532936019126,0.8192551658842963,3,0.0,0.0,True,101.7855456546062,-34.3583236947533,616.283950617284,53.0,0.0,0.0,False,0.0,0.0,0.0,True,0.8192551658842963,0.0,0.25,False,0.04992012779552716,2.7281400282929713,25.07339555528048,-35.795204328591474,True,0.28412851029132724,-36.54314756076341,True,0.07775572847519828,8.120521615878719,16,0.7411271281268559,-15.843570511184149,0.28412851029132724,ground_x_z,2.335228347164491,True,28.2444642456498,0.0,0,131,1.2161566202069005,0,2,10.258279800415039,26.600513458251953,16.342233657836914,14.480351383368617,0.9079018698798286,-0.10942493070580027,-0.12081206587678844,-4.586120844812275,1.1701166729239751,False,0.9104730315772939,0,False,True,False,0.0,125.7855456546062,79.7855456546062,,False,True,True,False,left,0.0,0.0,ground_x_z,2.7281400282929713,25.07339555528048,-36.54314756076341,-22.97881208617407,-22.97881208617407,-21.929119352521397,2.099385467305347,-35.545255848505285,True,False,continue_block,0.0,0.0
WIN_20260919_18_10_34_Pro_flip.mp4,131,6.539536741214057,0.04992012779552716,20.032,0.8209735342169779,-35.79298951482589,-36.4899964860418,0.5,0.0,0.5,0.0,0.0,0.0,0.0,68.73560001258738,0.021400017431005836,0.09649997809901834,66.0,False,9.401704788208008,2.5016574197317034,-35.79298951482589,31.415532936019126,0.8209735342169779,3,0.0,0.0,True,102.3186500903642,-34.36344674065568,618.0238095238095,51.0,0.0,0.0,False,0.0,0.0,0.0,True,0.8209735342169779,0.0,0.25,False,0.04992012779552716,2.5016574197317034,25.07339555528048,-35.79298951482589,True,0.291015521495342,-36.4899964860418,True,0.07964090651790923,8.120521615878719,16,0.7396909179165023,-16.049836599602692,0.291015521495342,ground_x_z,2.330557827957426,True,28.2444642456498,0.0,0,132,1.2739971769920813,0,2,9.401704788208008,25.73908042907715,16.33737564086914,14.758905021993696,0.9076319800482856,-0.11079048805732215,-0.11523788719430449,-4.645724585238424,1.1707143394654957,False,0.9108354976410042,0,False,True,False,0.0,126.3186500903642,80.3186500903642,,False,True,True,False,left,0.0,0.0,ground_x_z,2.5016574197317034,25.07339555528048,-36.4899964860418,-22.723584859805275,-22.97881208617407,-23.024158153508775,-0.09069213466940829,-36.54294820009498,True,False,continue_block,0.0,0.0
WIN_20260919_18_10_34_Pro_flip.mp4,132,6.5894568690095845,0.04992012779552716,20.032,0.8174233080769726,-35.02494154912649,-35.69639390776509,0.5,0.0,0.5,0.0,0.0,0.0,0.0,72.8223999904003,0.02929999027401209,0.10289999772794545,60.0,False,8.710969924926758,2.3190536665049417,-35.02494154912649,31.415532936019126,0.8174233080769726,3,0.0,0.0,True,102.3186500903642,-34.36344674065568,618.0238095238095,51.0,0.0,0.0,False,0.0,0.0,0.0,True,0.8174233080769726,0.0,0.25,False,0.04992012779552716,2.3190536665049417,25.07339555528048,-35.02494154912649,True,0.25561152959836037,-35.69639390776509,True,0.06985266908299725,8.120521615878719,16,0.7184774637521355,-15.685746519498164,0.25561152959836037,ground_x_z,2.277950307391311,True,28.2444642456498,0.0,0,133,1.308781145589903,0,2,8.710969924926758,24.69254493713379,15.981575012207031,14.942305520525696,0.8878652784559462,-0.11045382144469935,-0.1095737865856626,-4.63392451730557,1.1713000526761859,False,0.9168394850654678,0,False,True,False,0.0,126.3186500903642,80.3186500903642,,False,True,True,False,left,0.0,0.0,ground_x_z,2.3190536665049417,25.07339555528048,-35.69639390776509,-22.026539698652247,-22.723584859805275,-23.776687050421042,-2.106204381231532,-36.56754071919838,True,False,continue_block,0.0,0.0
WIN_20260919_18_10_34_Pro_flip.mp4,133,6.639376996805112,0.04992012779552716,20.032,0.8213180115624585,-34.57133087754555,-35.18596216915285,0.5,0.0,0.5,0.0,0.0,0.0,0.0,67.27609998779371,0.020499981474131346,0.09590000263415277,71.0,False,7.618703842163086,2.029294379739544,-34.57133087754555,31.415532936019126,0.8213180115624585,3,0.0,0.0,True,102.3186500903642,-34.36344674065568,618.0238095238095,51.0,0.0,0.0,False,0.0,0.0,0.0,True,0.8213180115624585,0.0,0.25,False,0.04992012779552716,2.029294379739544,25.07339555528048,-34.57133087754555,True,0.2474538579770121,-35.18596216915285,True,0.06791765394190079,8.120521615878719,16,0.7050555378006442,-15.641065632119798,0.2474538579770121,ground_x_z,2.2333974242745485,True,28.2444642456498,0.0,0,134,1.2633639130473968,0,2,7.618703842163086,23.31977653503418,15.701072692871094,15.056120596377507,0.8722818162706163,-0.10825763310033076,-0.10155538329728975,-4.54401244282498,1.1718740516226622,False,0.9190377428912857,0,False,True,False,0.0,126.3186500903642,80.3186500903642,,False,True,True,False,left,0.0,0.0,ground_x_z,2.029294379739544,25.07339555528048,-35.18596216915285,-21.409087779616616,-22.026539698652247,-24.10298394590989,-4.152888494515286,-38.19120962914338,True,False,continue_block,0.0,0.0
WIN_20260919_18_11_50_Pro_flip.mp4,0,0.0,0.049965024482862,20.014,0.972402862280566,4.846056883292098,6.782358636598078,0.5,0.5,0.5,0.0,1.0,0.0,0.5,47.32589999912307,0.07499998901039362,0.056500022765249014,80,False,-27.820110695420013,-6.335721848709483,4.846056883292098,25.438093068530485,0.972402862280566,0,0.0,0.0,False,0.0,0.0,0.0,0.0,1.0,-27.75,True,0.7195572183199589,0.004682897280756915,0.12792042981336504,True,0.972402862280566,0.0,0.25,False,0.049965024482862,-6.335721848709483,25.438093068530485,4.846056883292098,True,0.12792042981336627,6.782358636598078,True,0.029230537946066316,2.1755637053852546,10,-0.11893051428028943,-3.392230252031259,0.12792042981336627,ground_x_z,0.0,False,25.438093068530485,0.9993850254443875,0,1,0.0,0,1,-28.0,-28.0,-0.1798893045799872,-0.026983395686998084,0.009993850254443734,0.17638888237269418,0.17638888237269418,6.335721848709483,1.0028242969595818,False,1.0,0,False,False,False,0.0,0.0,0.0,False,True,True,True,False,left,0.0,0.0,ground_x_z,-6.335721848709483,25.438093068530485,6.782358636598078,10.48884325387884,10.48884325387884,10.48884325387884,,6.782358636598078,False,False,new_block,0.5,0.0
WIN_20260919_18_11_50_Pro_flip.mp4,1,0.049965024482862,0.049965024482862,20.014,0.9714108564947715,5.035139685264377,6.968328895658632,0.5,0.5,0.5,0.0,0.950034976,0.0,0.450034975517138,49.227099982090294,0.05780000356025994,0.051000009989365935,80,False,-27.91005690886866,-6.365828631758721,5.035139685264377,25.438093068530485,0.9714108564947715,0,0.0,0.0,False,0.0,0.0,0.0,0.0,1.0,-27.875,True,0.7195447290507199,0.00453650874149431,0.149747261825527,True,0.9714108564947715,0.0,0.25,False,0.049965024482862,-6.365828631758721,25.438093068530485,5.035139685264377,True,0.1497472618255247,6.968328895658632,True,0.03418760981015379,2.1755637053852546,10,-0.12222350036438584,-3.3393883385949015,0.1497472618255247,ground_x_z,0.0,False,25.438093068530485,0.9993676792371109,0,2,0.0,0,1,-28.0,-28.0,-0.0899430911313388,-0.036427350003649196,0.004996838396185489,0.1761059925450527,0.17673926337148305,6.343019361867884,1.005592107979972,False,1.0,0,False,False,False,0.0,0.0,0.0,False,True,True,True,False,left,0.0,0.0,ground_x_z,-6.365828631758721,25.438093068530485,6.968328895658632,10.611763144671116,10.550303199274978,10.550303199274978,,6.968328895658632,False,False,minimum_hold,0.450034975517138,0.0
WIN_20260919_18_11_50_Pro_flip.mp4,2,0.099930048965724,0.049965024482862,20.014,0.9714108564947715,5.129640127814818,7.070098084111938,0.5,0.5,0.5,0.0,0.900069952,0.0,0.400069951034276,45.72219998226501,0.051099981646984816,0.04959999932907522,80,False,-27.91006320089041,-6.383114657106978,5.129640127814818,25.438093068530485,0.9714108564947715,0,0.0,0.0,False,0.0,0.0,0.0,0.0,1.0,-27.875,True,0.7194943928767249,0.004403039733380425,0.18647446815242086,True,0.9714108564947715,0.0,0.25,False,0.049965024482862,-6.383114657106978,25.438093068530485,5.129640127814818,True,0.18647446815241922,7.070098084111938,True,0.042667407795295396,2.1755637053852546,10,-0.12402663515023798,-3.306086188562476,0.18647446815241922,ground_x_z,0.0,False,25.438093068530485,0.9992977678843402,0,3,0.0636015776272073,0,1,-28.0,-28.0,-0.08993679910959074,-0.04445376736954043,0.004996488839421708,0.17590134630157192,0.17674244830590122,6.352737967277129,1.008304562779954,False,1.0,0,False,False,False,0.0,0.0,0.0,False,True,True,True,False,left,0.0,0.0,ground_x_z,-6.383114657106978,25.438093068530485,7.070098084111938,10.67991422025278,10.611763144671116,10.611763144671116,,7.070098084111938,False,False,minimum_hold,0.400069951034276,0.0
WIN_20260919_18_11_50_Pro_flip.mp4,3,0.149895073448586,0.049965024482862,20.014,0.9714108564947715,5.035139685264377,7.005176497881182,0.5,0.5,0.5,0.0,0.850104928,0.0,0.350104926551414,46.591399994213134,0.050300004659220576,0.052799994591623545,80,False,-27.91005690886866,-6.400049914270274,5.035139685264377,25.438093068530485,0.9714108564947715,0,0.0,0.0,False,0.0,0.0,0.0,0.0,1.0,-27.875,True,0.7195447290507199,0.004536508741494293,0.149747261825527,True,0.9714108564947715,0.0,0.25,False,0.049965024482862,-6.400049914270274,25.438093068530485,5.035139685264377,True,0.1497472618255247,7.005176497881182,True,0.03437019879854691,2.1755637053852546,10,-0.12287627092697714,-3.3572233244854695,0.1497472618255247,ground_x_z,0.0,False,25.438093068530485,0.9993676792371109,0,4,0.05193047080128355,0,1,-28.0,-28.0,-0.0899430911313388,-0.05127716593381019,0.004996838396185489,0.17575553334852778,0.17674541356234558,6.364205800129526,1.0109627684839366,False,1.0,0,False,False,False,0.0,0.0,0.0,False,True,True,True,False,left,0.0,0.0,ground_x_z,-6.400049914270274,25.438093068530485,7.005176497881182,10.667387576363256,10.667387576363256,10.667387576363256,,7.005176497881182,False,False,minimum_hold,0.350104926551414,0.0
WIN_20260919_18_11_50_Pro_flip.mp4,4,0.199860097931448,0.049965024482862,20.014,0.9714108564947715,5.035139685264377,7.023047350627175,0.5,0.5,0.5,0.0,0.800139904,0.0,0.300139902068552,58.46870000823401,0.06059999577701092,0.06960000609979033,80,False,-27.91005690886866,-6.4166489646359794,5.035139685264377,25.438093068530485,0.9714108564947715,0,0.0,0.0,False,0.0,0.0,0.0,0.0,1.0,-27.875,True,0.7195447290507199,0.004536508741494303,0.149747261825527,True,0.9714108564947715,0.0,0.25,False,0.049965024482862,-6.4166489646359794,25.438093068530485,5.035139685264377,True,0.1497472618255247,7.023047350627175,True,0.034458763679583664,2.1755637053852546,10,-0.12319289761804474,-3.365874193399243,0.1497472618255247,ground_x_z,0.0,False,25.438093068530485,0.9993676792371109,0,5,0.044973106944397594,0,1,-28.0,-28.0,-0.0899430911313388,-0.05707705471343948,0.004996838396185489,0.1756539556499304,0.17674837324128262,6.376917376867173,1.0135678100738397,False,1.0,0,False,False,False,0.0,0.0,0.0,False,True,True,True,False,left,0.0,0.0,ground_x_z,-6.4166489646359794,25.438093068530485,7.023047350627175,10.694360916432814,10.67991422025278,10.67991422025278,,7.023047350627175,False,False,minimum_hold,0.300139902068552,0.0
WIN_20260919_18_11_50_Pro_flip.mp4,5,0.24982512241430999,0.049965024482862,20.014,0.9714108564947715,5.035139685264377,7.0405594540106735,0.5,0.5,0.5,0.0,0.75017488,0.0,0.25017487758569,44.65160000836477,0.038799975300207734,0.04730001091957092,80,False,-27.91005690886866,-6.43291603399437,5.035139685264377,25.438093068530485,0.9714108564947715,0,0.0,0.0,False,0.0,0.0,0.0,0.0,1.0,-27.875,True,0.7195447290507199,0.0045365087414942626,0.149747261825527,True,0.9714108564947715,0.0,0.25,False,0.049965024482862,-6.43291603399437,25.438093068530485,5.035139685264377,True,0.1497472618255247,7.0405594540106735,True,0.034545557263000036,2.1755637053852546,10,-0.12350319177528965,-3.3743520449347746,0.1497472618255247,ground_x_z,0.0,False,25.438093068530485,0.9993676792371109,0,6,0.04022516971481635,0,1,-28.0,-28.0,-0.0899430911313388,-0.062006960176124386,0.004996838396185489,0.17558557918706214,0.17675125900333932,6.39049076119622,1.0161207508319445,False,1.0,0,False,False,False,0.0,0.0,0.0,False,True,True,True,False,left,0.0,0.0,ground_x_z,-6.43291603399437,25.438093068530485,7.0405594540106735,10.72079013736085,10.694360916432814,10.694360916432814,,7.0405594540106735,False,False,minimum_hold,0.25017487758569,0.0
WIN_20260919_18_11_50_Pro_flip.mp4,6,0.299790146897172,0.049965024482862,20.014,0.9714108564947715,5.507357140471155,7.465058740180478,0.5,0.5,0.5,0.0,0.700209856,0.0,0.20020985310282802,45.18449999159202,0.04279997665435076,0.08480000542476773,80,False,-27.82011720781439,-6.4361925210775475,5.507357140471155,25.438093068530485,0.9714108564947715,0,0.0,0.0,False,0.0,0.0,0.0,0.0,1.0,-27.75,True,0.7195311687424453,0.004946129461915627,0.11742179860604826,True,0.9714108564947715,0.0,0.25,False,0.049965024482862,-6.4361925210775475,25.438093068530485,5.507357140471155,True,0.11742179860604433,7.465058740180478,True,0.027201524822022316,2.1755637053852546,10,-0.13103213730949853,-3.1974781765824196,0.11742179860604433,ground_x_z,0.0,False,25.438093068530485,0.9993488454756184,0,7,0.040222257283525305,0,1,-28.0,-28.0,-0.17988279218560876,-0.07968833497754704,0.009993488454756042,0.1754579358521508,0.17640693667126242,6.401568304537554,1.0186226327748873,False,1.0,0,False,False,False,0.0,0.0,0.0,False,True,True,True,False,left,0.0,0.0,ground_x_z,-6.4361925210775475,25.438093068530485,7.465058740180478,10.928846454565537,10.72079013736085,10.72079013736085,,7.465058740180478,False,False,minimum_hold,0.20020985310282802,0.0
WIN_20260919_18_11_50_Pro_flip.mp4,7,0.349755171380034,0.049965024482862,20.014,0.9714108564947715,5.2241125951866705,7.236142390442449,0.5,0.5,0.5,0.0,0.650244832,0.0,0.15024482861996602,43.60689999884926,0.039000005926936865,0.06859999848529696,80,False,-27.91006600164978,-6.468543099218166,5.2241125951866705,25.438093068530485,0.9714108564947715,0,0.0,0.0,False,0.0,0.0,0.0,0.0,1.0,-27.875,True,0.719471986801748,0.005154378615792252,0.13540064007726285,True,0.9714108564947715,0.0,0.25,False,0.049965024482862,-6.468543099218166,25.438093068530485,5.2241125951866705,True,0.13540064007726443,7.236142390442449,True,0.031421453343336424,2.1755637053852546,10,-0.12697030038534815,-3.319660948204532,0.13540064007726443,ground_x_z,0.0,False,25.438093068530485,0.9992666483357611,0,8,0.0568857370133542,0,1,-28.0,-28.0,-0.08993399835021876,-0.0812251844834478,0.00499633324167882,0.1754804981923083,0.17686789584339888,6.417802169333527,1.0210744770789713,False,1.0,0,False,False,False,0.0,0.0,0.0,False,True,True,True,False,left,0.0,0.0,ground_x_z,-6.468543099218166,25.438093068530485,7.236142390442449,10.854351689623147,10.854351689623147,11.347721144244543,0.9867389092427913,7.818882093050135,True,False,minimum_hold,0.15024482861996602,0.0
WIN_20260919_18_11_50_Pro_flip.mp4,8,0.399720195862896,0.049965024482862,20.014,0.972402862280566,4.562235443685695,6.672833077768607,0.5,0.5,0.5,0.0,0.600279808,0.0,0.10027980413710402,46.899299981305376,0.05140001303516328,0.09460002183914185,80,False,-27.910062481409398,-6.4838617684897475,4.562235443685695,25.438093068530485,0.972402862280566,0,0.0,0.0,False,0.0,0.0,0.0,0.0,1.0,-27.875,True,0.7195001487248245,0.004872463499229306,0.14616304718920928,True,0.972402862280566,0.0,0.25,False,0.049965024482862,-6.4838617684897475,25.438093068530485,4.562235443685695,True,0.14616304718921228,6.672833077768607,True,0.034046772667882884,2.1755637053852546,10,-0.11699233263595252,-3.576848420119655,0.14616304718921228,ground_x_z,0.0,False,25.438093068530485,0.9993057621178117,0,9,0.05688573696554354,0,1,-28.0,-28.0,-0.0899375185906024,-0.08253203459952099,0.004996528810589022,0.17550530987667487,0.1768705363795154,6.433814202013765,1.0234772844969735,False,1.0,0,False,False,False,0.0,0.0,0.0,False,True,True,True,False,left,0.0,0.0,ground_x_z,-6.4838617684897475,25.438093068530485,6.672833077768607,10.600189203054885,10.854351689623147,11.231209895999989,0.7537164127536837,7.062327751972021,True,False,minimum_hold,0.10027980413710402,0.0
WIN_20260919_18_11_50_Pro_flip.mp4,9,0.449685220345758,0.049965024482862,20.014,0.9714108564947715,5.035139685264377,7.107162691846787,0.5,0.5,0.5,0.0,0.550314784,0.0,0.050314779654242026,45.828200003597885,0.04740001168102026,0.09330001194030046,80,False,-27.91005690886866,-6.494795317753644,5.035139685264377,25.438093068530485,0.9714108564947715,0,0.0,0.0,False,0.0,0.0,0.0,0.0,1.0,-27.875,True,0.7195447290507199,0.0045365087414942626,0.149747261825527,True,0.9714108564947715,0.0,0.25,False,0.049965024482862,-6.494795317753644,25.438093068530485,5.035139685264377,True,0.1497472618255247,7.107162691846787,True,0.03487571659645868,2.1755637053852546,10,-0.12468353838733316,-3.406601454418256,0.1497472618255247,ground_x_z,0.0,False,25.438093068530485,0.9993676792371109,0,10,0.05688573702013229,0,1,-28.0,-28.0,-0.0899430911313388,-0.08364369307929366,0.004996838396185489,0.17550472640603024,0.17676210508900705,6.448595272903935,1.0258320357666157,False,1.0,0,False,False,False,0.0,0.0,0.0,False,True,True,True,False,left,0.0,0.0,ground_x_z,-6.494795317753644,25.438093068530485,7.107162691846787,10.821283583637562,10.821283583637562,11.083367462729717,0.5241677581843079,7.280826416653644,True,False,minimum_hold,0.050314779654242026,0.0
WIN_20260919_18_11_50_Pro_flip.mp4,10,0.49965024482861997,0.049965024482862,20.014,0.9775213323848199,5.696037800593272,7.6986812943513865,0.5,0.5,0.5,0.0,0.50034976,0.0,0.00034975517138002843,47.51850001048297,0.04360001184977591,0.0971999834291637,80,False,-27.91005626686808,-6.513659648710428,5.696037800593272,25.438093068530485,0.9775213323848199,0,0.0,0.0,False,0.0,0.0,0.0,0.0,1.0,-27.875,True,0.7195498650553719,0.004524574841407038,0.14770978917519437,True,0.9775213323848199,0.0,0.25,False,0.049965024482862,-6.513659648710428,25.438093068530485,5.696037800593272,True,0.1477097891752003,7.6986812943513865,True,0.03448312459378613,2.1755637053852546,10,-0.13518186822636144,-3.154709172447734,0.1477097891752003,ground_x_z,0.0,False,25.438093068530485,0.9993748125769054,0,11,0.056885737020856836,0,1,-28.0,-28.0,-0.08994373313192128,-0.0845886990871878,0.004996874062884515,0.17553906080851112,0.176877621683169,6.4643660757098855,1.0281396920108652,False,1.0,0,False,False,False,0.0,0.0,0.0,False,True,True,True,False,left,0.0,0.0,ground_x_z,-6.513659648710428,25.438093068530485,7.6986812943513865,11.126892960901404,10.821283583637562,11.225880845193393,0.8091945231116598,8.14534956806833,True,False,minimum_hold,0.00034975517138002843,0.0
WIN_20260919_18_11_50_Pro_flip.mp4,11,0.549615269311482,0.049965024482862,20.014,0.9775213323848199,5.696037800593272,7.715411615317456,0.5,0.5,0.5,0.0,0.450384736,0.0,0.0,44.55649998271838,0.03940000897273421,0.08919998072087765,80,False,-27.91005626686808,-6.528078857260388,5.696037800593272,25.438093068530485,0.9775213323848199,0,0.0,0.0,False,0.0,0.0,0.0,0.0,1.0,-27.875,True,0.7195498650553719,0.004524574841407048,0.14770978917519437,True,0.9775213323848199,0.0,0.25,False,0.049965024482862,-6.528078857260388,25.438093068530485,5.696037800593272,True,0.1477097891752003,7.715411615317456,True,0.03455897391118938,2.1755637053852546,10,-0.135479215191031,-3.16164829238407,0.1477097891752003,ground_x_z,0.0,False,25.438093068530485,0.9993748125769054,0,12,0.040226323611036,0,1,-28.0,-28.0,-0.08994373313192128,-0.08539195419389782,0.004996874062884515,0.1755722289246089,0.17688010681063893,6.479809268725983,1.0304011951302297,False,1.0,0,False,False,False,0.0,0.0,0.0,False,True,True,True,False,left,0.0,0.0,ground_x_z,-6.528078857260388,25.438093068530485,7.715411615317456,11.150856228714451,11.126892960901404,11.650528147420953,1.0472703730390989,8.432928560514526,True,False,continue_block,0.0,0.0
WIN_20260919_18_11_50_Pro_flip.mp4,12,0.599580293794344,0.049965024482862,20.014,0.972402862280566,4.846056883292098,6.981896958428733,0.5,0.5,0.5,0.0,0.400419712,0.0,0.0,47.769199998583645,0.047299981815740466,0.10160001693293452,80,False,-27.820110695420013,-6.525190247723799,4.846056883292098,25.438093068530485,0.972402862280566,0,0.0,0.0,False,0.0,0.0,0.0,0.0,1.0,-27.75,True,0.7195572183199589,0.004682897280756927,0.12792042981336504,True,0.972402862280566,0.0,0.25,False,0.049965024482862,-6.525190247723799,25.438093068530485,4.846056883292098,True,0.12792042981336627,6.981896958428733,True,0.030098955698551234,2.1755637053852546,10,-0.12246385226071664,-3.493010914255642,0.12792042981336627,ground_x_z,0.0,False,25.438093068530485,0.9993850254443875,0,13,0.040224882515618614,0,1,-28.0,-28.0,-0.1798893045799872,-0.09956655675181122,0.009993850254443734,0.1754928066809712,0.17642237513663508,6.490809058734636,1.0326174681872067,False,1.0,0,False,False,False,0.0,0.0,0.0,False,True,True,True,False,left,0.0,0.0,ground_x_z,-6.525190247723799,25.438093068530485,6.981896958428733,10.794610682305965,11.126892960901404,11.383565851700403,0.5133457815979966,7.151992932264367,True,False,continue_block,0.0,0.0
WIN_20260919_18_11_50_Pro_flip.mp4,13,0.649545318277206,0.049965024482862,20.014,0.9724800821357487,4.467577721487793,6.646243193561255,0.5,0.5,0.5,0.0,0.350454688,0.0,0.0,50.11219999869354,0.05120001151226461,0.11779999476857483,80,False,-28.0,-6.577128823294237,4.467577721487793,25.438093068530485,0.9724800821357487,0,0.0,0.0,False,0.0,0.0,0.0,0.0,1.0,-28.0,True,0.719597249446026,0.0046054921172129625,0.10624442944398903,True,0.9724800821357487,0.0,0.25,False,0.049965024482862,-6.577128823294237,25.438093068530485,4.467577721487793,True,0.10624442944399044,6.646243193561255,True,0.02492522266357276,2.1755637053852546,10,-0.11652192514273639,-3.654299432561784,0.10624442944399044,ground_x_z,0.0,False,25.438093068530485,0.9994406242305917,0,14,0.08994483615734247,0,1,-28.0,-28.0,0.0,-0.08463157323903954,0.0,0.17568896631746636,0.17745339965089427,6.511731905811111,1.0347894157830442,False,1.0,0,False,False,False,0.0,0.0,0.0,False,True,True,True,False,left,0.0,0.0,ground_x_z,-6.577128823294237,25.438093068530485,6.646243193561255,10.69062996484765,10.794610682305965,10.936068640213598,0.2829159158152655,6.594769196720028,True,False,continue_block,0.0,0.0
WIN_20260919_18_11_50_Pro_flip.mp4,14,0.699510342760068,0.049965024482862,20.014,0.9643074876542682,4.656868215406562,6.840735245137467,0.5,0.5,0.5,0.0,0.300489664,0.0,0.0,45.8543999993708,0.04579999949783087,0.10429997928440571,80,False,-28.0,-6.590744504142305,4.656868215406562,25.438093068530485,0.9643074876542682,0,0.0,0.0,False,0.0,0.0,0.0,0.0,1.0,-28.0,True,0.7195447181820775,0.004717891818748984,0.13285900478144064,True,0.9643074876542682,0.0,0.25,False,0.049965024482862,-6.590744504142305,25.438093068530485,4.656868215406562,True,0.1328590047814447,6.840735245137467,True,0.03136334474450729,2.1755637053852546,10,-0.11996391517319091,-3.594067657152962,0.1328590047814447,ground_x_z,0.0,False,25.438093068530485,0.9993676641417745,0,15,0.08994483612281774,0,1,-28.0,-28.0,0.0,-0.0719368372531836,0.0,0.17584398378286076,0.1774557384875346,6.530883585851399,1.036917924426965,False,1.0,0,False,False,False,0.0,0.0,0.0,False,True,True,True,False,left,0.0,0.0,ground_x_z,-6.590744504142305,25.438093068530485,6.840735245137467,10.799200494505207,10.794610682305965,10.89952364808301,0.20982593155408863,6.658295521173916,True,False,continue_block,0.0,0.0
WIN_20260919_18_11_50_Pro_flip.mp4,15,0.74947536724293,0.049965024482862,20.014,0.9643074876542682,4.183459926494851,6.437786982435122,0.5,0.5,0.5,0.0,0.25052464,0.0,0.0,46.317000000271946,0.04290000651963055,0.10299999848939478,80,False,-28.0,-6.604086455552112,4.183459926494851,25.438093068530485,0.9643074876542682,0,0.0,0.0,False,0.0,0.0,0.0,0.0,1.0,-28.0,True,0.719560843985964,0.004387767069434896,0.15275252316519064,True,0.9643074876542682,0.0,0.25,False,0.049965024482862,-6.604086455552112,25.438093068530485,4.183459926494851,True,0.15275252316519405,6.437786982435122,True,0.03607364891117075,2.1755637053852546,10,-0.11283582652763909,-3.79018514326953,0.15275252316519405,ground_x_z,0.0,False,25.438093068530485,0.9993900610916167,0,16,0.08994483612235951,0,1,-28.0,-28.0,0.0,-0.06114631166520606,0.0,0.1759677373286169,0.1774579832058581,6.548627059273985,1.0390038628980074,False,1.0,0,False,False,False,0.0,0.0,0.0,False,True,True,True,False,left,0.0,0.0,ground_x_z,-6.604086455552112,25.438093068530485,6.437786982435122,10.620263598143636,10.69062996484765,10.611787392055476,-0.1576851455843501,5.904559090591089,True,False,continue_block,0.0,0.0
WIN_20260919_18_11_50_Pro_flip.mp4,16,0.799440391725792,0.049965024482862,20.014,0.9714108564947715,4.751475530412225,6.959668699367698,0.5,0.5,0.5,0.0,0.200559616,0.0,0.0,50.63640000298619,0.0399000127799809,0.0990999978967011,80,False,-28.0,-6.604705688817971,4.751475530412225,25.438093068530485,0.9714108564947715,0,0.0,0.0,False,0.0,0.0,0.0,0.0,1.0,-28.0,True,0.7194910647998354,0.004793471366077581,0.158592292219753,True,0.9714108564947715,0.0,0.25,False,0.049965024482862,-6.604705688817971,25.438093068530485,4.751475530412225,True,0.15859229221975008,6.959668699367698,True,0.03748367299772081,2.1755637053852546,10,-0.1220700963069209,-3.57385706545848,0.15859229221975008,ground_x_z,0.0,False,25.438093068530485,0.9992931455553269,0,17,0.08994483612235951,0,1,-28.0,-28.0,0.0,-0.05197436491542515,0.0,0.1759867372921376,0.17712613039912853,6.562219827931236,1.0410480825996289,False,1.0,0,False,False,False,0.0,0.0,0.0,False,True,True,True,False,left,0.0,0.0,ground_x_z,-6.604705688817971,25.438093068530485,6.959668699367698,10.871818760587106,10.799200494505207,10.6796348424606,-0.23913130408921707,6.3944059417867045,True,False,continue_block,0.0,0.0
WIN_20260919_18_11_50_Pro_flip.mp4,17,0.849405416208654,0.049965024482862,20.014,0.9714108564947715,5.035139685264377,7.225211408261641,0.5,0.5,0.5,0.0,0.150594592,0.0,0.0,46.302300004754215,0.04309997893869877,0.1052000152412802,80,False,-27.91005690886866,-6.60451540534304,5.035139685264377,25.438093068530485,0.9714108564947715,0,0.0,0.0,False,0.0,0.0,0.0,0.0,1.0,-27.875,True,0.7195447290507199,0.004536508741494274,0.149747261825527,True,0.9714108564947715,0.0,0.25,False,0.049965024482862,-6.60451540534304,25.438093068530485,5.035139685264377,True,0.1497472618255247,7.225211408261641,True,0.035461132405834137,2.1755637053852546,10,-0.1267764477714014,-3.4637838879932867,0.1497472618255247,ground_x_z,0.0,False,25.438093068530485,0.9993676792371109,0,18,0.0899443400604304,0,1,-28.0,-28.0,-0.0899430911313388,-0.0576696738478122,0.004996838396185489,0.1759231384709141,0.17678084008051168,6.5724717546216445,1.043051417907218,False,1.0,0,False,False,False,0.0,0.0,0.0,False,True,True,True,False,left,0.0,0.0,ground_x_z,-6.60451540534304,25.438093068530485,7.225211408261641,10.999305746484401,10.871818760587106,10.82762166599761,-0.0883941891789911,6.716364600629389,True,False,continue_block,0.0,0.0
WIN_20260919_18_11_50_Pro_flip.mp4,18,0.899370440691516,0.049965024482862,20.014,0.9714108564947715,5.035139685264377,7.238666841266406,0.5,0.5,0.5,0.0,0.100629568,0.0,0.0,55.09519999031909,0.048699992476031184,0.11799999629147351,80,False,-27.91005690886866,-6.61702514588729,5.035139685264377,25.438093068530485,0.9714108564947715,0,0.0,0.0,False,0.0,0.0,0.0,0.0,1.0,-27.875,True,0.7195447290507199,0.00453650874149431,0.149747261825527,True,0.9714108564947715,0.0,0.25,False,0.049965024482862,-6.61702514588729,25.438093068530485,5.035139685264377,True,0.1497472618255247,7.238666841266406,True,0.03552787861472501,2.1755637053852546,10,-0.12701507092557976,-3.4703035456369227,0.1497472618255247,ground_x_z,0.0,False,25.438093068530485,0.9993676792371109,0,19,0.04022377317522641,0,1,-28.0,-28.0,-0.0899430911313388,-0.06251068644034119,0.004996838396185489,0.17588114706070337,0.1767829369409254,6.583270947563671,1.0450146865086551,False,1.0,0,False,False,False,0.0,0.0,0.0,False,True,True,True,False,left,0.0,0.0,ground_x_z,-6.61702514588729,25.438093068530485,7.238666841266406,11.019589369310488,10.999305746484401,11.071549391589269,0.14448729020973627,7.0278136437323715,True,False,continue_block,0.0,0.0
WIN_20260919_18_11_50_Pro_flip.mp4,19,0.949335465174378,0.049965024482862,20.014,0.9775213323848199,5.129640127814818,7.333540182879747,0.5,0.5,0.5,0.0,0.050664544,0.0,0.0,45.269700000062585,0.04859999171458185,0.10909998673014343,80,False,-28.0,-6.650679221298803,5.129640127814818,25.438093068530485,0.9775213323848199,0,0.0,0.0,False,0.0,0.0,0.0,0.0,1.0,-28.0,True,0.719521841442172,0.004880819039723582,0.13142574813455232,True,0.9775213323848199,0.0,0.25,False,0.049965024482862,-6.650679221298803,25.438093068530485,5.129640127814818,True,0.1314257481345533,7.333540182879747,True,0.03122745758765378,2.1755637053852546,10,-0.12869799217501587,-3.4466521648550326,0.1314257481345533,ground_x_z,0.0,False,25.438093068530485,0.9993358908919056,0,20,0.05688500555422427,0,1,-28.0,-28.0,0.0,-0.05313408347429001,0.0,0.17599363781679467,0.1773555181255544,6.5996098823400215,1.0469386897380637,False,1.0,0,False,False,False,0.0,0.0,0.0,False,True,True,True,False,left,0.0,0.0,ground_x_z,-6.650679221298803,25.438093068530485,7.333540182879747,11.10235840268856,11.019589369310488,10.992309666639828,-0.054559405341317764,6.9275438381578915,True,False,continue_block,0.0,0.0
WIN_20260919_18_11_50_Pro_flip.mp4,20,0.9993004896572399,0.049965024482862,20.014,0.9618429264666583,8.322783715267493,10.466758519577432,0.5,0.5,0.5,0.0,0.00069952,0.0,0.0,45.498100022086874,0.03749999450519681,0.08410000009462237,46.0,False,-31.230120242869305,-7.442452685734144,8.322783715267493,25.438093068530485,0.9618429264666583,0,0.0,0.0,False,0.0,0.0,0.0,0.0,1.0,-31.125,True,0.7196793523485252,0.0039188572308101344,0.11547005383792557,True,0.9618429264666583,0.0,0.25,False,0.049965024482862,-7.442452685734144,25.438093068530485,8.322783715267493,True,0.11547005383792783,10.466758519577432,True,0.02744707915407546,2.1755637053852546,10,-0.18473900682591862,-2.8074837989695194,0.11547005383792783,ground_x_z,0.0,False,25.438093068530485,0.9995546560396183,0,21,1.4456732896943607,0,1,-31.5,-31.5,-0.26987975713069545,-0.08564593452275082,0.014993319840594191,0.18105706295982596,0.19804931221897637,6.803904590219422,1.0491623506356187,False,1.0,0,False,False,False,0.0,0.0,0.0,False,True,True,True,False,left,0.0,0.0,ground_x_z,-7.442452685734144,25.438093068530485,10.466758519577432,13.474055758992643,11.10235840268856,11.512035104135283,0.8193534028934435,10.953728059473015,True,False,continue_block,0.0,0.0
WIN_20260919_18_11_50_Pro_flip.mp4,21,1.049265514140102,0.049965024482862,20.014,0.0,0.0,0.0,0.375087438792845,0.0,0.5,0.0,0.0,2.450734496,0.0,45.7553000014741,0.11049999739043415,0.030099996365606785,46.0,False,-31.230120242869305,-7.442452685734144,0.0,25.438093068530485,0.0,0,0.0,0.0,False,0.0,0.0,0.0,0.0,0.0,0.0,False,0.0,0.0,0.0,False,0.0,0.049965024482862,0.25,False,0.049965024482862,0.0,0.0,0.0,False,0.0,0.0,False,0.0,0.0,0,0.0,0.0,0.0,ground_x_z,0.0,False,0.0,0.0,1,22,1.4456732896943607,0,0,0.0,0.0,0.0,-0.08564593452275082,0.0,0.18105706295982596,0.0,6.803904590219422,1.0491623506356187,False,1.0,0,False,False,False,0.0,0.0,0.0,False,False,False,False,False,,0.0,0.0,,,,,,,,,,,,brief_loss_hold,0.0,0.0
WIN_20260919_18_11_50_Pro_flip.mp4,22,1.099230538622964,0.049965024482862,20.014,0.9662600746506109,16.220681774354013,19.962382509548785,0.5,0.0,0.5,0.31888029951686897,0.0,2.400769472,0.5,42.73839999223128,0.07769998046569526,0.07000000914558768,41.0,False,-59.21033631210234,-14.13428591262851,16.220681774354013,25.438093068530485,0.9662600746506109,0,0.0,0.0,False,0.0,0.0,0.0,0.0,1.0,-59.0,True,0.7195515838635416,0.004559651442140843,0.1435481125130524,True,0.9662600746506109,0.0,0.25,False,0.049965024482862,-14.13428591262851,25.438093068530485,16.220681774354013,True,0.14354811251305458,19.962382509548785,True,0.034211030346955586,2.1755637053852546,10,-0.3632268868297954,-5.035361534847336,0.14354811251305458,ground_x_z,0.0,False,25.438093068530485,0.9993771998104745,0,23,12.596367314298558,8,1,-59.75,-59.75,-0.539663687897658,-0.1537485975289869,0.02998131599431433,0.2279925423315034,0.3755535417085003,8.580698679076228,1.050756206030579,False,1.0,0,False,False,False,0.0,0.0,0.0,False,True,True,True,False,left,0.0,0.0,ground_x_z,-14.13428591262851,25.438093068530485,19.962382509548785,24.75521198067476,24.75521198067476,24.75521198067476,,19.962382509548785,False,False,new_block,0.5,0.31888029951686897
WIN_20260919_18_11_50_Pro_flip.mp4,23,1.149195563105826,0.049965024482862,20.014,0.967267122777693,16.132826869298444,20.867861471337996,0.5,0.0,0.5,0.31888029951686897,0.0,2.350804448,0.450034975517138,42.44630000903271,0.04630000330507755,0.046900007873773575,62.0,False,-69.65625,-16.643941787593366,16.132826869298444,25.438093068530485,0.967267122777693,0,0.0,0.0,False,0.0,0.0,0.0,0.0,1.0,-69.625,True,0.95,0.00510072662664604,0.06396021490668313,True,0.967267122777693,0.0,0.25,False,0.049965024482862,-16.643941787593366,25.438093068530485,16.132826869298444,True,0.06396021490668344,20.867861471337996,True,0.015374997523463168,2.1755637053852546,10,-0.3812202884555047,-7.1739664509656595,0.06396021490668344,ground_x_z,0.0,False,25.438093068530485,0.9993900611473286,0,24,13.434666877887302,8,1,-70.25,-70.25,-0.59375,-0.21974880789963888,0.03298611111111111,0.2663661819837034,0.44151077541581335,10.04139303949018,1.0524823814260598,False,1.0,0,False,False,False,0.0,0.0,0.0,False,True,True,True,False,left,0.0,0.0,ground_x_z,-16.643941787593366,25.438093068530485,20.867861471337996,27.481141312029795,26.118176646352275,26.118176646352275,,20.867861471337996,False,False,minimum_hold,0.450034975517138,0.31888029951686897
WIN_20260919_18_11_50_Pro_flip.mp4,24,1.199160587588688,0.049965024482862,20.014,0.0,0.0,0.0,0.375087438792845,0.0,0.5,0.31888029951686897,0.0,2.300839424,0.400069951034276,51.67549999896437,0.0701999815646559,0.020700012100860476,36.0,False,-69.65625,-16.643941787593366,0.0,25.438093068530485,0.0,0,0.0,0.0,False,0.0,0.0,0.0,0.0,0.0,0.0,False,0.0,0.0,0.0,False,0.0,0.049965024482862,0.25,False,0.049965024482862,0.0,0.0,0.0,False,0.0,0.0,False,0.0,0.0,0,0.0,0.0,0.0,ground_x_z,0.0,False,0.0,0.0,1,25,13.434666877887302,8,0,0.0,0.0,0.0,-0.21974880789963888,0.0,0.2663661819837034,0.0,10.04139303949018,1.0524823814260598,False,1.0,0,False,False,False,0.0,0.0,0.0,False,False,False,False,False,,0.0,0.0,,,,,,,,,,,,brief_loss_hold,0.400069951034276,0.31888029951686897
WIN_20260919_18_11_50_Pro_flip.mp4,25,1.24912561207155,0.049965024482862,20.014,0.9656908176056473,15.541145376382419,18.8367512143404,0.5,0.0,0.5,0.31888029951686897,0.0,2.2508744,0.350104926551414,53.735399997094646,0.05750000127591193,0.06390002090483904,44.0,False,-52.1375,-12.476801633520143,15.541145376382419,31.415532936019126,0.9656908176056473,3,0.0,0.0,False,0.0,0.0,0.0,0.0,1.0,-52.125,True,0.95,0.002377889364297026,0.22394533965125316,True,0.9656908176056473,0.0,0.25,False,0.049965024482862,-12.476801633520143,25.07339555528048,15.541145376382419,True,0.21791393085616,18.8367512143404,True,0.052864975227686704,8.598081596079517,18,-0.34114369065278094,-3.969570047903977,0.21791393085616,ground_x_z,-1.0986296158733095,True,28.2444642456498,0.9994826727515916,0,26,15.552221527238547,8,2,-52.375,-58.625,-6.487499999999997,-1.1599114867146927,0.3604166666666665,0.282883040825398,0.3595209552055189,10.681600659826021,1.0542154564457185,False,1.076470588235294,0,False,False,False,0.0,0.0,0.0,False,True,True,True,False,left,0.0,0.0,ground_x_z,-12.476801633520143,25.07339555528048,18.8367512143404,22.76326757058996,22.76326757058996,22.76326757058996,,18.8367512143404,False,False,minimum_hold,0.350104926551414,0.31888029951686897
WIN_20260919_18_11_50_Pro_flip.mp4,26,1.299090636554412,0.049965024482862,20.014,0.8152940696249091,16.37437806975764,19.243747241020486,0.5,0.0,0.5,0.31888029951686897,0.0,2.200909376,0.300139902068552,51.09359999187291,0.04169999738223851,0.045100023271515965,67.0,False,-48.50987434387207,-11.628991886343206,16.37437806975764,31.415532936019126,0.8152940696249091,3,0.0,0.0,False,0.0,0.0,0.0,0.0,0.0,0.0,False,0.0,0.0,0.0,True,0.8152940696249091,0.0,0.25,False,0.049965024482862,-11.628991886343206,25.07339555528048,16.37437806975764,True,0.10306882876743613,19.243747241020486,True,0.0252961814393034,8.120521615878719,16,-0.3490931981317979,-2.8999233442322083,0.10306882876743613,ground_x_z,-1.119150939352246,True,28.2444642456498,0.0,0,27,15.636556847994804,8,2,-48.50987434387207,-55.310791015625,-6.80091667175293,-2.0060622644704282,0.3778287039862739,0.2926459154003348,0.33743703987775403,11.05596447927413,1.0547611414357563,False,1.0657607588470606,0,False,False,False,0.0,0.0,0.0,False,True,True,True,False,left,0.0,0.0,ground_x_z,-11.628991886343206,25.07339555528048,19.243747241020486,22.127347279704825,22.44530742514739,22.44530742514739,,19.243747241020486,False,False,minimum_hold,0.300139902068552,0.31888029951686897
WIN_20260919_18_11_50_Pro_flip.mp4,27,1.349055661037274,0.049965024482862,20.014,0.5062197314122555,16.619177729274963,20.06270425248092,0.5,0.0,0.5,0.31888029951686897,0.0,2.150944352,0.25017487758569,47.51470001065172,0.0371999922208488,0.04329998046159744,80,False,-55.81422758102417,-13.386967647396034,16.619177729274963,31.415532936019126,0.5062197314122555,3,0.0,0.0,False,0.0,0.0,0.0,0.0,0.0,0.0,False,0.0,0.0,0.0,True,0.5062197314122555,0.0,0.25,False,0.049965024482862,-13.386967647396034,25.194677059615437,16.619177729274963,True,0.07395780522930177,20.06270425248092,True,0.018092223170316005,7.880490877326114,14,-0.3652101036294754,-4.213349903643161,0.07395780522930177,ground_x_z,-1.1578629579340642,True,28.30510499781728,0.0,0,28,15.908673418815072,8,2,-55.81422758102417,-62.598961353302,-6.784733772277832,-2.7228629906415387,0.3769296540154351,0.30984543237787765,0.3855795330981178,11.68798896445754,1.0531607089333186,False,1.052658738341065,0,False,False,False,0.0,0.0,0.0,False,True,True,True,False,left,0.0,0.0,ground_x_z,-13.386967647396034,25.194677059615437,20.06270425248092,24.176382082896392,22.76326757058996,22.76326757058996,,20.06270425248092,False,False,minimum_hold,0.25017487758569,0.31888029951686897
WIN_20260919_18_11_50_Pro_flip.mp4,28,1.399020685520136,0.049965024482862,20.014,0.35,0.0,0.0,0.5,0.0,0.5,0.31888029951686897,0.0,2.100979328,0.20020985310282802,53.47959999926388,0.04850002005696297,0.02440001117065549,68.0,False,-62.699084758758545,-15.01541167120831,0.0,31.150701078275198,0.35,3,0.0,0.0,False,0.0,0.0,0.0,0.0,0.0,0.0,False,0.0,0.0,0.0,True,0.35,0.0,0.25,False,0.049965024482862,-15.01541167120831,25.07339555528048,0.0,False,0.0,0.0,False,0.0,0.0,0,0.0,0.0,0.0,ground_x_z,0.0,False,25.07339555528048,0.0,0,29,10.295030032101899,8,2,-62.699084758758545,-73.19908475875854,-10.5,-3.889433542045308,0.5833333333333334,0.3258249211107567,0.3980545101253266,12.290767215969048,1.0531607089333186,False,1.0,0,False,False,False,0.0,0.0,0.0,False,True,False,True,True,right,0.0,0.0,,,,,,,,,,,,brief_loss_hold,0.20020985310282802,0.31888029951686897
WIN_20260919_18_11_50_Pro_flip.mp4,29,1.448985710002998,0.049965024482862,20.014,0.9597472991681931,13.91194169354879,18.895321493724367,0.5,0.0,0.5,0.31888029951686897,0.0,2.051014304,0.15024482861996602,53.7041999923531,0.04140002420172095,0.047699984861537814,79.0,False,-69.14375000000001,-16.490302648259167,13.91194169354879,25.07339555528048,0.9597472991681931,1,0.0,0.0,False,0.0,0.0,0.0,0.0,1.0,-69.125,True,0.95,0.0017426917876677095,0.1007547276881571,True,0.9597472991681931,0.0,0.25,False,0.049965024482862,-16.490302648259167,25.07339555528048,13.91194169354879,True,0.10075472768815863,18.895321493724367,True,0.024002994320097344,2.1755637053852546,10,-0.3422853011638403,-8.006671424422233,0.10075472768815863,ground_x_z,0.0,False,25.07339555528048,0.9998532137361078,0,30,9.616182341304249,8,1,-69.5,-69.5,-0.35624999999998863,-3.3594560107385103,0.019791666666666034,0.3468985295725252,0.43829807851928576,13.051532783836548,1.0504104006607295,False,1.0,0,False,False,False,0.0,0.0,0.0,False,True,True,True,False,left,0.0,0.0,ground_x_z,-16.490302648259167,25.07339555528048,18.895321493724367,26.585502538360284,26.585502538360284,26.585502538360284,,18.895321493724367,False,False,minimum_hold,0.15024482861996602,0.31888029951686897
WIN_20260919_18_11_50_Pro_flip.mp4,30,1.49895073448586,0.049965024482862,20.014,0.0,0.0,0.0,0.375087438792845,0.0,0.5,0.31888029951686897,0.0,2.00104928,0.10027980413710402,55.375700001604855,0.050700007705017924,0.01930000144056976,80,False,-69.14375000000001,-16.490302648259167,0.0,25.07339555528048,0.0,1,0.0,0.0,False,0.0,0.0,0.0,0.0,0.0,0.0,False,0.0,0.0,0.0,False,0.0,0.049965024482862,0.25,False,0.049965024482862,0.0,0.0,0.0,False,0.0,0.0,False,0.0,0.0,0,0.0,0.0,0.0,ground_x_z,0.0,False,0.0,0.0,1,31,9.616182341304249,8,0,0.0,0.0,0.0,-3.3594560107385103,0.0,0.3468985295725252,0.0,13.051532783836548,1.0504104006607295,False,1.0,0,False,False,False,0.0,0.0,0.0,False,False,False,False,False,,0.0,0.0,,,,,,,,,,,,brief_loss_hold,0.10027980413710402,0.31888029951686897
WIN_20260919_18_11_50_Pro_flip.mp4,31,1.548915758968722,0.049965024482862,20.014,0.780863499896729,23.127995457053842,26.597105073482854,0.5,0.0,0.5,0.31888029951686897,0.0,1.951084256,0.050314779654242026,52.74820001795888,0.05080000846646726,0.05339999916031957,80,False,-67.3327522277832,-16.083020741536345,23.127995457053842,25.07339555528048,0.780863499896729,1,0.0,0.0,False,0.0,0.0,0.0,0.0,0.0,0.0,False,0.0,0.0,0.0,True,0.780863499896729,0.0,0.25,False,0.049965024482862,-16.083020741536345,25.07339555528048,23.127995457053842,True,0.3412706131094035,26.597105073482854,True,0.08185779549294997,1.6980037251844564,6,-0.5006995032780904,-3.5749109795750176,0.3412706131094035,ground_x_z,0.0,False,25.07339555528048,0.0,0,32,5.634322061695315,7,1,-67.3327522277832,-67.3327522277832,0.0,-2.8555376091277336,0.0,0.36141034435491,0.427372827064082,13.600701065616066,1.0506563023946616,False,1.0,0,False,False,False,0.0,0.0,0.0,False,True,True,True,False,left,0.0,0.0,ground_x_z,-16.083020741536345,25.07339555528048,26.597105073482854,29.73825572291413,29.73825572291413,29.73825572291413,,26.597105073482854,False,False,minimum_hold,0.050314779654242026,0.31888029951686897
WIN_20260919_18_11_50_Pro_flip.mp4,32,1.598880783451584,0.049965024482862,20.014,0.7809217625110657,0.0,0.0,0.5,0.0,0.5,0.31888029951686897,0.0,1.901119232,0.00034975517138002843,50.758900004439056,0.04919999628327787,0.02449998282827437,80,False,-69.34566497802734,-16.611351711087355,0.0,25.07339555528048,0.7809217625110657,1,0.0,0.0,False,0.0,0.0,0.0,0.0,0.0,0.0,False,0.0,0.0,0.0,True,0.7809217625110657,0.0,0.25,False,0.049965024482862,-16.611351711087355,25.07339555528048,0.0,False,0.0,0.0,False,0.0,1.4579729866318516,5,0.0,0.0,0.0,ground_x_z,0.0,False,25.07339555528048,0.0,0,33,5.4702847332406845,6,1,-69.34566497802734,-69.34566497802734,0.0,-2.4272069677585737,0.0,0.37572206106667627,0.4411996025422583,14.14609457041705,1.0511623925264844,False,1.0,0,False,False,False,0.0,0.0,0.0,False,True,True,True,False,left,0.0,0.0,,,,,,,,,,,,brief_loss_hold,0.00034975517138002843,0.31888029951686897
WIN_20260919_18_11_50_Pro_flip.mp4,33,1.648845807934446,0.049965024482862,20.014,0.3879691877460552,19.535503863550424,23.542146246591034,0.5,0.0,0.5,0.4114996144356958,0.0,1.851154208,0.5,46.992699994007125,0.039300008211284876,0.0543000060133636,76.0,False,-68.55605125427246,-16.401276257367215,19.535503863550424,31.283359647573516,0.3879691877460552,3,0.0,0.0,False,0.0,0.0,0.0,0.0,0.0,0.0,False,0.0,0.0,0.0,True,0.3879691877460552,0.0,0.25,False,0.049965024482862,-16.401276257367215,25.438093068530485,19.535503863550424,True,2.063440702487682,23.542146246591034,True,0.5062756377863407,7.880490877326114,11,-0.4356873178504741,-5.2533380592043475,2.063440702487682,ground_x_z,-1.1908680099657953,True,28.360726358052,0.0,0,34,4.4020447279253805,5,2,-68.55605125427246,-75.54733538627625,-6.991284132003784,-3.1118185423953553,0.3884046740002102,0.39220513312440886,0.46713336997225735,14.770362658362256,1.0514238860353329,False,1.007416230318831,0,False,False,False,0.0,0.0,0.0,False,True,True,True,False,left,0.0,0.0,ground_x_z,-16.401276257367215,25.438093068530485,23.542146246591034,28.459984577427832,28.459984577427832,28.459984577427832,,23.542146246591034,False,False,new_block,0.5,0.4114996144356958
WIN_20260919_18_11_50_Pro_flip.mp4,34,1.698810832417308,0.049965024482862,20.014,0.4248329530205058,0.0,0.0,0.5,0.0,0.5,0.4114996144356958,0.0,1.801189184,0.450034975517138,58.257400000002235,0.046600005589425564,0.021700019715353847,70.0,False,-73.57627868652344,-17.637646903254716,0.0,24.952114050945525,0.4248329530205058,1,0.0,0.0,False,0.0,0.0,0.0,0.0,0.0,0.0,False,0.0,0.0,0.0,True,0.4248329530205058,0.0,0.25,False,0.049965024482862,-17.637646903254716,24.952114050945525,0.0,False,0.0,0.0,False,0.0,1.2128374231133918,5,0.0,0.0,0.0,ground_x_z,0.0,False,24.952114050945525,0.0,0,35,3.8650074785698125,4,1,-73.57627868652344,-73.57627868652344,0.0,-2.645045761036052,0.0,0.40529556817274826,0.46753177228344106,15.289784666337459,1.0532451497744408,False,1.0,0,False,False,False,0.0,0.0,0.0,False,True,True,True,False,left,0.0,0.0,,,,,,,,,,,,brief_loss_hold,0.450034975517138,0.4114996144356958
WIN_20260919_18_11_50_Pro_flip.mp4,35,1.74877585690017,0.049965024482862,20.014,0.0,0.0,0.0,0.375087438792845,0.0,0.5,0.4114996144356958,0.0,1.75122416,0.400069951034276,48.47109998809174,0.05199998850002885,0.021100015146657825,56.0,False,-73.57627868652344,-17.637646903254716,0.0,24.952114050945525,0.0,1,0.0,0.0,False,0.0,0.0,0.0,0.0,0.0,0.0,False,0.0,0.0,0.0,False,0.0,0.049965024482862,0.25,False,0.049965024482862,0.0,0.0,0.0,False,0.0,0.0,False,0.0,0.0,0,0.0,0.0,0.0,ground_x_z,0.0,False,0.0,0.0,1,36,3.8650074785698125,4,0,0.0,0.0,0.0,-2.645045761036052,0.0,0.40529556817274826,0.0,15.289784666337459,1.0532451497744408,False,1.0,0,False,False,False,0.0,0.0,0.0,False,False,False,False,False,,0.0,0.0,,,,,,,,,,,,brief_loss_hold,0.400069951034276,0.4114996144356958
WIN_20260919_18_11_50_Pro_flip.mp4,36,1.798740881383032,0.049965024482862,20.014,0.9465051853495666,9.438481879773798,16.46540960504415,0.5,0.0,0.5,0.4114996144356958,0.0,1.701259136,0.350104926551414,48.592699982691556,0.04539999645203352,0.048699992476031184,41.0,False,-84.13125000000001,-20.14156896991723,9.438481879773798,25.07339555528048,0.9465051853495666,1,0.0,0.0,False,0.0,0.0,0.0,0.0,1.0,-84.125,True,0.95,0.0033358906824245116,0.16001893827313152,True,0.9465051853495666,0.0,0.25,False,0.049965024482862,-20.14156896991723,25.07339555528048,9.438481879773798,True,0.16001893827313274,16.46540960504415,True,0.038286638755784294,2.1755637053852546,10,-0.29555692447820275,-12.775331793810803,0.16001893827313274,ground_x_z,0.0,False,25.07339555528048,0.9995527601009951,0,37,5.377083287501697,3,1,-84.25,-84.25,-0.11874999999999147,-2.266101396880643,0.006597222222221749,0.4284354268939555,0.5337075543385319,16.168708180710727,1.053634302926209,False,1.0,0,False,False,False,0.0,0.0,0.0,False,True,True,True,False,left,0.0,0.0,ground_x_z,-20.14156896991723,25.07339555528048,16.46540960504415,28.818534821426024,28.818534821426024,28.818534821426024,,16.46540960504415,False,False,minimum_hold,0.350104926551414,0.4114996144356958
WIN_20260919_18_11_50_Pro_flip.mp4,37,1.848705905865894,0.049965024482862,20.014,0.4741256803391779,48.9514529872336,48.0708116524196,0.5,0.0,0.5,0.4114996144356958,0.0,1.651294112,0.300139902068552,56.02409999119118,0.0447999918833375,0.048299989430233836,48.5,False,-43.737709045410156,-10.506810977094572,48.9514529872336,25.07339555528048,0.4741256803391779,1,0.0,0.0,False,0.0,0.0,0.0,0.0,0.0,0.0,False,0.0,0.0,0.0,True,0.4741256803391779,0.0,0.25,False,0.049965024482862,-10.506810977094572,25.07339555528048,48.9514529872336,True,2.6140817384162247,48.0708116524196,True,0.6303625751468287,1.6980037251844564,7,-1.1133766358302581,17.446191162793994,2.6140817384162247,ground_x_z,0.0,False,25.07339555528048,0.0,0,38,18.830419864266457,8,1,-43.737709045410156,-43.737709045410156,0.0,-1.9261861873485464,0.0,0.40014544328014684,0.2776361691572115,15.143028909571079,1.0565616168676848,False,1.0,0,False,False,False,0.0,0.0,0.0,False,True,True,True,False,left,0.0,0.0,ground_x_z,-10.506810977094572,25.07339555528048,48.0708116524196,37.42286248823886,33.120698654832445,33.120698654832445,,48.0708116524196,False,False,minimum_hold,0.300139902068552,0.4114996144356958
WIN_20260919_18_11_50_Pro_flip.mp4,38,1.898670930348756,0.049965024482862,20.014,0.8052752503517766,-4.535154276500015,1.1449832065671066,0.5,0.0,0.5,0.4114996144356958,0.0,1.601329088,0.25017487758569,57.35740001546219,0.062400009483098984,0.05199998850002885,71.0,False,-52.75783824920654,-12.697586236656903,-4.535154276500015,31.415532936019126,0.8052752503517766,3,0.0,0.0,False,0.0,0.0,0.0,0.0,0.0,0.0,False,0.0,0.0,0.0,True,0.8052752503517766,0.0,0.25,False,0.049965024482862,-12.697586236656903,25.07339555528048,-4.535154276500015,True,0.21261038315958447,1.1449832065671066,True,0.05133085653005703,8.120521615878719,16,-0.019986387422336157,-12.208345951380986,0.21261038315958447,ground_x_z,-0.05966950115124359,True,28.2444642456498,0.0,0,39,19.236602997597515,8,2,-52.75783824920654,-51.00778675079346,1.750051498413086,-1.3747505344843014,0.09722508324517144,0.3881707303104709,0.3366221776104984,14.710834894046487,1.0580702178368269,False,1.1487630711368246,0,False,False,False,0.0,0.0,0.0,False,True,True,True,False,left,0.0,0.0,ground_x_z,-12.697586236656903,25.07339555528048,1.1449832065671066,14.784155769854767,28.818534821426024,28.818534821426024,,1.1449832065671066,False,False,minimum_hold,0.25017487758569,0.4114996144356958
WIN_20260919_18_11_50_Pro_flip.mp4,39,1.948635954831618,0.049965024482862,20.014,0.7606394726259912,-4.355255167806932,1.1372276605097589,0.5,0.0,0.5,0.4114996144356958,0.0,1.551364064,0.20020985310282802,54.71680001937784,0.04909999552182853,0.05679999594576657,60.0,False,-50.93957042694092,-12.25880004252766,-4.355255167806932,31.415532936019126,0.7606394726259912,3,0.0,0.0,False,0.0,0.0,0.0,0.0,0.0,0.0,False,0.0,0.0,0.0,True,0.7606394726259912,0.0,0.25,False,0.049965024482862,-12.25880004252766,25.07339555528048,-4.355255167806932,True,0.08817281006295452,1.1372276605097589,True,0.02200115505723391,8.120521615878719,16,-0.019850973903612967,-11.788631328914075,0.08817281006295452,ground_x_z,-0.06358848681050056,True,28.2444642456498,0.0,0,40,19.250543277926642,8,2,-50.93957042694092,-49.19432258605957,1.7452478408813477,-0.9067507781794539,0.0969582133822971,0.3757457159908368,0.32427748377124765,14.278156617064427,1.0609088134800904,False,1.1772254281852228,0,False,False,False,0.0,0.0,0.0,False,True,True,True,False,left,0.0,0.0,ground_x_z,-12.25880004252766,25.07339555528048,1.1372276605097589,14.309443945466194,14.784155769854767,14.784155769854767,,1.1372276605097589,False,False,minimum_hold,0.20020985310282802,0.4114996144356958
WIN_20260919_18_11_50_Pro_flip.mp4,40,1.9986009793144799,0.049965024482862,20.014,0.26663537993093755,21.195511654519983,23.16645949024144,0.5,0.0,0.5,0.4114996144356958,0.0,1.50139904,0.1502448286199658,66.27280000247993,0.11969998013228178,0.05299999611452222,32.0,False,-43.43227577209473,-10.459617014817404,21.195511654519983,25.07339555528048,0.26663537993093755,1,0.0,0.0,False,0.0,0.0,0.0,0.0,0.0,0.0,False,0.0,0.0,0.0,True,0.26663537993093755,0.0,0.25,False,0.049965024482862,-10.459617014817404,25.07339555528048,21.195511654519983,True,0.31319082046230917,23.16645949024144,True,0.07576818602511394,1.4528681616659966,6,-0.42790779320927885,0.18691848743121398,0.31319082046230917,ground_x_z,0.0,False,25.07339555528048,0.0,0,41,19.411717451270455,8,1,-43.43227577209473,-43.43227577209473,0.0,-0.7707381614525358,0.0,0.35660657050270494,0.27453669426921584,13.58641023326411,1.0636906372104886,False,1.0,0,False,False,False,0.0,0.0,0.0,False,True,True,True,False,left,0.0,0.0,ground_x_z,-10.459617014817404,25.07339555528048,23.16645949024144,22.90493807711047,14.784155769854767,14.784155769854767,,23.16645949024144,False,False,minimum_hold,0.1502448286199658,0.4114996144356958
WIN_20260919_18_11_50_Pro_flip.mp4,41,2.048566003797342,0.049965024482862,20.014,0.35,0.0,0.0,0.5,0.0,0.5,0.4114996144356958,0.0,1.451434016,0.10027980413710358,52.15840000892058,0.04230000195093453,0.02190002123825252,56.0,False,38.19855308532715,9.255628765000493,0.0,25.07339555528048,0.35,1,0.0,0.0,False,0.0,0.0,0.0,0.0,0.0,0.0,False,0.0,0.0,0.0,True,0.35,0.0,0.25,False,0.049965024482862,9.255628765000493,25.07339555528048,0.0,False,0.0,0.0,False,0.0,0.0,0,0.0,0.0,0.0,ground_x_z,0.0,False,25.07339555528048,0.0,0,42,41.07616991045094,8,1,38.19855308532715,38.19855308532715,0.0,-0.6551274372346554,0.0,0.24799675293241472,-0.24293525479246808,9.448467584619765,1.0636906372104886,False,1.0,0,False,False,False,0.0,0.0,0.0,False,True,True,False,True,left,0.0,0.0,,,,,,,,,,,,brief_loss_hold,0.10027980413710358,0.4114996144356958
WIN_20260919_18_11_50_Pro_flip.mp4,42,2.098531028280204,0.049965024482862,20.014,0.0,0.0,0.0,0.375087438792845,0.0,0.5,0.4114996144356958,0.0,1.401468992,0.05031477965424136,53.635000018402934,0.053800002206116915,0.021499989088624716,32.0,False,38.19855308532715,9.255628765000493,0.0,25.07339555528048,0.0,1,0.0,0.0,False,0.0,0.0,0.0,0.0,0.0,0.0,False,0.0,0.0,0.0,False,0.0,0.04996502448286222,0.25,False,0.049965024482862,0.0,0.0,0.0,False,0.0,0.0,False,0.0,0.0,0,0.0,0.0,0.0,ground_x_z,0.0,False,0.0,0.0,1,43,41.07616991045094,8,0,0.0,0.0,0.0,-0.6551274372346554,0.0,0.24799675293241472,0.0,9.448467584619765,1.0636906372104886,False,1.0,0,False,False,False,0.0,0.0,0.0,False,False,False,False,False,,0.0,0.0,,,,,,,,,,,,brief_loss_hold,0.05031477965424136,0.4114996144356958
WIN_20260919_18_11_50_Pro_flip.mp4,43,2.148496052763066,0.049965024482862,20.014,0.2625,0.0,0.0,0.5,0.0,0.5,0.4114996144356958,0.0,1.351503968,0.00034975517137914025,67.84790000529028,0.04019998596049845,0.021799991372972727,59.0,False,17.94855308532715,4.337464511840507,0.0,31.415532936019126,0.2625,3,0.0,0.0,False,0.0,0.0,0.0,0.0,0.0,0.0,False,0.0,0.0,0.0,True,0.2625,0.0,0.25,False,0.049965024482862,4.337464511840507,25.07339555528048,0.0,False,0.0,0.0,False,0.0,0.0,0,0.0,0.0,0.0,ground_x_z,0.0,False,25.07339555528048,0.0,0,44,37.98600537490366,8,2,17.94855308532715,8.198553085327148,-9.75,-2.0193583216494573,0.5416666666666666,0.18244710694211091,-0.11384672755262625,6.951081235809492,1.0636906372104886,False,1.0,0,False,False,False,0.0,0.0,0.0,False,False,True,False,True,left,0.0,0.0,,,,,,,,,,,,brief_loss_hold,0.00034975517137914025,0.4114996144356958
WIN_20260919_18_11_50_Pro_flip.mp4,44,2.198461077245928,0.049965024482862,20.014,0.35,0.0,0.0,0.5,0.0,0.5,0.4114996144356958,0.0,1.301538944,0.0,61.28510000417009,0.042100000428035855,0.02300000051036477,66.0,False,19.19855308532715,4.643711490197555,0.0,31.415532936019126,0.35,3,0.0,0.0,False,0.0,0.0,0.0,0.0,0.0,0.0,False,0.0,0.0,0.0,True,0.35,0.0,0.25,False,0.049965024482862,4.643711490197555,25.07339555528048,0.0,False,0.0,0.0,False,0.0,0.0,0,0.0,0.0,0.0,ground_x_z,0.0,False,25.07339555528048,0.0,0,45,37.7753432568332,8,2,19.19855308532715,6.698553085327148,-12.5,-3.591454573402039,0.6944444444444444,0.12731593748597664,-0.12188488353376548,4.8506300752637594,1.0636906372104886,False,1.0,0,False,False,False,0.0,0.0,0.0,False,False,True,False,True,left,0.0,0.0,,,,,,,,,,,,brief_loss_hold,0.0,0.4114996144356958
WIN_20260919_18_11_50_Pro_flip.mp4,45,2.24842610172879,0.049965024482862,20.014,0.0,0.0,0.0,0.375087438792845,0.0,0.0,0.0,0.0,1.25157392,0.0,65.47129998216406,0.0523999915458262,0.026399997295811772,59.0,False,19.19855308532715,4.643711490197555,0.0,31.415532936019126,0.0,3,0.0,0.0,False,0.0,0.0,0.0,0.0,0.0,0.0,False,0.0,0.0,0.0,False,0.0,0.04996502448286222,0.25,False,0.049965024482862,0.0,0.0,0.0,False,0.0,0.0,False,0.0,0.0,0,0.0,0.0,0.0,ground_x_z,0.0,False,0.0,0.0,1,46,37.7753432568332,8,0,0.0,0.0,0.0,-3.591454573402039,0.0,0.12731593748597664,0.0,4.8506300752637594,1.0636906372104886,False,1.0,0,False,False,False,0.0,0.0,0.0,False,False,False,False,False,,0.0,0.0,,,,,,,,,,,,geometry_lost,0.0,0.0
WIN_20260919_18_11_50_Pro_flip.mp4,46,2.298391126211652,0.049965024482862,20.014,0.0,0.0,0.0,0.25017487758569,0.0,0.0,0.0,0.0,1.201608896,0.0,63.257599977077916,0.05629999213851988,0.024899985874071717,52.0,False,19.19855308532715,4.643711490197555,0.0,31.415532936019126,0.0,3,0.0,0.0,True,113.8960351246001,38.39681594794142,1303.2737226277372,11.0,0.0,0.0,False,0.0,0.0,0.0,False,0.0,0.09993004896572444,0.25,False,0.049965024482862,0.0,0.0,0.0,False,0.0,0.0,False,0.0,0.0,0,0.0,0.0,0.0,ground_x_z,0.0,False,0.0,0.0,2,47,37.7753432568332,8,0,0.0,0.0,0.0,-3.591454573402039,0.0,0.12731593748597664,0.0,4.8506300752637594,1.0636906372104886,False,1.0,0,False,True,False,0.0,137.8960351246001,91.8960351246001,,False,False,False,False,,0.0,0.0,,,,,,,,,,,,geometry_lost,0.0,0.0
WIN_20260919_18_11_50_Pro_flip.mp4,47,2.348356150694514,0.049965024482862,20.014,0.35,0.0,0.0,0.5,0.0,0.0,0.0,0.0,1.151643872,0.0,64.7469999967143,0.05370000144466758,0.02479998511262238,39.0,False,5.448553085327148,1.3189396297626497,0.0,25.07339555528048,0.35,1,0.0,0.0,True,113.8960351246001,38.39681594794142,1303.2737226277372,11.0,0.0,0.0,False,0.0,0.0,0.0,True,0.35,0.0,0.25,False,0.049965024482862,1.3189396297626497,25.07339555528048,0.0,False,0.0,0.0,False,0.0,0.0,0,0.0,0.0,0.0,ground_x_z,0.0,False,25.07339555528048,0.0,0,48,38.263923460576756,8,1,5.448553085327148,5.448553085327148,0.0,-3.052736387391733,0.0,0.09798073495869719,-0.0346186027062696,3.7329835460658867,1.0636906372104886,False,1.0,0,False,True,False,0.0,137.8960351246001,91.8960351246001,,False,True,False,True,left,0.0,0.0,,,,,,,,,,,,geometry_lost,0.0,0.0
WIN_20260919_18_11_50_Pro_flip.mp4,48,2.398321175177376,0.049965024482862,20.014,0.7214863807281219,11.989989709329796,11.844346338512139,0.5,0.0,0.5,0.0,0.0,1.101678848,0.5,51.56410002382472,0.03880000440403819,0.05549998604692519,43.0,False,-14.41604232788086,-3.6505141212173466,11.989989709329796,31.415532936019126,0.7214863807281219,2,0.0,0.0,True,113.8960351246001,38.39681594794142,1303.2737226277372,11.0,0.0,0.0,False,0.0,0.0,0.0,True,0.7214863807281219,0.0,0.25,False,0.049965024482862,-3.6505141212173466,31.415532936019126,11.989989709329796,True,1.2921581811184208,11.844346338512139,True,0.32702042686905997,1.857294943112013,8,-0.20971878457224635,3.015254453561699,1.2921581811184208,ground_x_z,0.0,False,31.415532936019126,0.0,0,49,39.13791479085248,8,1,-14.41604232788086,-14.41604232788086,0.0,-2.594825929282973,0.0,0.09733913211534681,0.09557119100964455,3.7180438224135512,1.0664168244662788,False,1.0,0,False,True,False,0.0,137.8960351246001,91.8960351246001,,True,True,True,False,left,0.0,0.0,ground_x_z,-3.6505141212173466,31.415532936019126,11.844346338512139,8.584580703539089,8.584580703539089,8.584580703539089,,11.844346338512139,False,False,new_block,0.5,0.0
WIN_20260919_18_11_50_Pro_flip.mp4,49,2.448286199660238,0.049965024482862,20.014,0.7147904049894488,18.768939252656672,24.57913702266916,0.5,0.0,0.5,0.0,0.0,1.051713824,0.4500349755171378,53.61770000308752,0.04040001658722758,0.046999979531392455,64.0,False,-83.80575847625732,-20.376275783493043,18.768939252656672,31.415532936019126,0.7147904049894488,3,0.0,0.0,True,113.8960351246001,38.39681594794142,1303.2737226277372,11.0,0.0,0.0,False,0.0,0.0,0.0,True,0.7147904049894488,0.0,0.25,False,0.049965024482862,-20.376275783493043,25.07339555528048,18.768939252656672,True,0.5158337560136045,24.57913702266916,True,0.12610081467073683,8.120521615878719,16,-0.45739536563764793,-8.858892430387005,0.5158337560136045,ground_x_z,-1.3514463393228962,True,28.2444642456498,0.0,0,50,34.088773395599624,8,2,-83.80575847625732,-91.0,-7.194241523742676,-3.2847382684519286,0.39968008465237087,0.18229632386075037,0.5674145904282166,6.980581634088832,1.0690884879769533,False,1.1801539003179315,0,False,True,False,0.0,137.8960351246001,91.8960351246001,,True,True,True,False,left,0.0,0.0,ground_x_z,-20.376275783493043,25.07339555528048,24.57913702266916,32.438071820999355,20.511326262269222,20.511326262269222,,24.57913702266916,False,False,minimum_hold,0.4500349755171378,0.0
WIN_20260919_18_11_50_Pro_flip.mp4,50,2.4982512241431,0.049965024482862,20.014,0.7945120520137463,19.82732843261619,25.606642325784012,0.5,0.0,0.5,0.0,0.0,1.0017488,0.40006995103427556,60.868100001243874,0.08950001210905612,0.07159999222494662,64.0,False,-84.45536756515503,-20.531601838273787,19.82732843261619,31.415532936019126,0.7945120520137463,3,0.0,0.0,False,0.0,0.0,0.0,0.0,0.0,0.0,False,0.0,0.0,0.0,True,0.7945120520137463,0.0,0.25,False,0.049965024482862,-20.531601838273787,25.07339555528048,19.82732843261619,True,0.09618245582283187,25.606642325784012,True,0.02397680103074018,8.120521615878719,16,-0.47926227227252716,-8.595892562586128,0.09618245582283187,ground_x_z,-1.5412385933322934,True,28.2444642456498,0.0,0,51,32.8651239159419,8,2,-84.45536756515503,-92.8763313293457,-8.420963764190674,-4.05517209281274,0.4678313202328152,0.2530752084031478,0.5750190385398798,9.71461520032909,1.0717067182174143,False,1.0974944413766352,0,False,False,False,0.0,0.0,0.0,False,True,True,True,False,left,0.0,0.0,ground_x_z,-20.531601838273787,25.07339555528048,25.606642325784012,33.00612781113638,32.438071820999355,32.438071820999355,,25.606642325784012,False,False,minimum_hold,0.40006995103427556,0.0
WIN_20260919_18_11_50_Pro_flip.mp4,51,2.548216248625962,0.049965024482862,20.014,0.8053597158969694,21.736113167111302,27.655835017037784,0.5,0.0,0.5,0.0,0.0,0.951783776,0.35010492655141334,63.252099993405864,0.047900015488266945,0.05529998452402651,56.0,False,-89.52003622055054,-21.816134869683932,21.736113167111302,31.415532936019126,0.8053597158969694,3,0.0,0.0,False,0.0,0.0,0.0,0.0,0.0,0.0,False,0.0,0.0,0.0,True,0.8053597158969694,0.0,0.25,False,0.049965024482862,-21.816134869683932,25.07339555528048,21.736113167111302,True,0.1328680428185216,27.655835017037784,True,0.03299038956086839,8.120521615878719,16,-0.5240288426243987,-8.711257847795519,0.1328680428185216,ground_x_z,-1.6381865341758743,True,28.2444642456498,0.0,0,52,32.93833699092905,8,2,-89.52003622055054,-98.44993114471436,-8.929894924163818,-4.786380517515402,0.49610527356465656,0.31715707548163524,0.6095485933859563,12.20362751152217,1.074272583853066,False,1.0246640863447314,0,False,False,False,0.0,0.0,0.0,False,True,True,True,False,left,0.0,0.0,ground_x_z,-21.816134869683932,25.07339555528048,27.655835017037784,34.89839008916881,33.00612781113638,33.00612781113638,,27.655835017037784,False,False,minimum_hold,0.35010492655141334,0.0
WIN_20260919_18_11_50_Pro_flip.mp4,52,2.598181273108824,0.049965024482862,20.014,0.9445427913516894,16.963801922404578,23.913229822129576,0.5,0.0,0.5,0.0,0.0,0.901818752,0.3001399020685511,57.17469999217428,0.03850000211969018,0.04650000482797623,56.0,False,-91.64375000000001,-22.3996345324286,16.963801922404578,31.415532936019126,0.9445427913516894,3,0.0,0.0,False,0.0,0.0,0.0,0.0,1.0,-91.625,True,0.95,0.011814642092124805,0.09885710532241669,True,0.9445427913516894,0.0,0.25,False,0.049965024482862,-22.3996345324286,25.07339555528048,16.963801922404578,True,0.1221734210909048,23.913229822129576,True,0.03075976233246289,8.598081596079517,18,-0.44341527896392197,-11.383854364114876,0.1221734210909048,ground_x_z,-1.414808937273044,True,28.2444642456498,0.9968267899249785,0,53,32.37319223943493,8,2,-92.0,-98.75,-7.106249999999989,-5.134360939888091,0.39479166666666604,0.3709523338865189,0.617462423804192,14.306981355833589,1.0767871321760047,False,1.0568181818181819,0,False,False,False,0.0,0.0,0.0,False,True,True,True,False,left,0.0,0.0,ground_x_z,-22.3996345324286,25.07339555528048,23.913229822129576,33.784479273244976,33.784479273244976,33.784479273244976,,23.913229822129576,False,False,minimum_hold,0.3001399020685511,0.0
WIN_20260919_18_11_50_Pro_flip.mp4,53,2.648146297591686,0.049965024482862,20.014,0.4731332839666615,29.13312940680365,28.027461942158755,0.5,0.0,0.5,0.0,0.0,0.851853728,0.2501748775856889,45.55190002429299,0.03659998765215278,0.04490002174861729,54.0,False,-10.50271224975586,-2.569662425153469,29.13312940680365,31.415532936019126,0.4731332839666615,3,0.0,0.0,False,0.0,0.0,0.0,0.0,0.0,0.0,False,0.0,0.0,0.0,True,0.4731332839666615,0.0,0.25,False,0.049965024482862,-2.569662425153469,25.07339555528048,29.13312940680365,True,0.3659421623789225,28.027461942158755,True,0.08976292292196927,1.2085946450726759,6,-0.5323243953724183,10.697228197438928,0.3659421623789225,ground_x_z,0.0,False,25.07339555528048,0.0,0,54,47.810843404217735,8,2,-10.50271224975586,-20.91486358642578,-10.412151336669922,-5.926029499405367,0.5784528520372179,0.3151011389516117,0.06647424467056301,12.180710903896621,1.0792513895324847,False,0.9992252391675068,0,False,False,False,0.0,0.0,0.0,False,False,True,True,False,left,0.0,0.0,ground_x_z,-2.569662425153469,25.07339555528048,28.027461942158755,17.576850023702736,33.784479273244976,33.784479273244976,,28.027461942158755,False,False,minimum_hold,0.2501748775856889,0.0
WIN_20260919_18_11_50_Pro_flip.mp4,54,2.698111322074548,0.049965024482862,20.014,0.35,0.0,0.0,0.5,0.0,0.5,0.0,0.0,0.801888704,0.20020985310282668,52.72189999232069,0.05129998316988349,0.027900008717551827,66.0,False,-20.914569854736328,-5.368310310602552,0.0,31.415532936019126,0.35,2,0.0,0.0,False,0.0,0.0,0.0,0.0,0.0,0.0,False,0.0,0.0,0.0,True,0.35,0.0,0.25,False,0.049965024482862,-5.368310310602552,31.415532936019126,0.0,False,0.0,0.0,False,0.0,0.0,0,0.0,0.0,0.0,ground_x_z,0.0,False,31.415532936019126,0.0,0,55,36.668400038036246,8,1,-20.914569854736328,-20.914569854736328,0.0,-5.037125074494561,0.0,0.2831764177186765,0.13887208279242655,10.94661254005164,1.0792513895324847,False,1.0,0,False,False,False,0.0,0.0,0.0,False,False,True,False,True,left,0.0,0.0,,,,,,,,,,,,brief_loss_hold,0.20020985310282668,0.0
WIN_20260919_18_11_50_Pro_flip.mp4,55,2.74807634655741,0.049965024482862,20.014,0.0,0.0,0.0,0.375087438792845,0.0,0.5,0.0,0.0,0.75192368,0.15024482861996447,50.916300009703264,0.05140001303516328,0.018799997633323073,26.0,False,-20.914569854736328,-5.368310310602552,0.0,31.415532936019126,0.0,2,0.0,0.0,False,0.0,0.0,0.0,0.0,0.0,0.0,False,0.0,0.0,0.0,False,0.0,0.04996502448286222,0.25,False,0.049965024482862,0.0,0.0,0.0,False,0.0,0.0,False,0.0,0.0,0,0.0,0.0,0.0,ground_x_z,0.0,False,0.0,0.0,1,56,36.668400038036246,8,0,0.0,0.0,0.0,-5.037125074494561,0.0,0.2831764177186765,0.0,10.94661254005164,1.0792513895324847,False,1.0,0,False,False,False,0.0,0.0,0.0,False,False,False,False,False,,0.0,0.0,,,,,,,,,,,,brief_loss_hold,0.15024482861996447,0.0
WIN_20260919_18_11_50_Pro_flip.mp4,56,2.798041371040272,0.049965024482862,20.014,0.7090176515558306,23.167181430126377,24.28076950205669,0.5,0.0,0.5,0.0,0.0,0.701958656,0.10027980413710225,61.50340000749566,0.0371999922208488,0.04569999873638153,45.0,False,-32.734458923339844,-8.026536837070559,23.167181430126377,25.07339555528048,0.7090176515558306,1,0.0,0.0,False,0.0,0.0,0.0,0.0,0.0,0.0,False,0.0,0.0,0.0,True,0.7090176515558306,0.0,0.25,False,0.049965024482862,-8.026536837070559,25.07339555528048,23.167181430126377,True,1.026433392860719,24.28076950205669,True,0.25180688131621615,1.4528681616659966,7,-0.4511133134897301,3.276480093338651,1.026433392860719,ground_x_z,0.0,False,25.07339555528048,0.0,0,57,37.04631045697533,8,1,-32.734458923339844,-32.734458923339844,0.0,-4.281556313320377,0.0,0.26889048710860103,0.20717380040737407,10.41762711149364,1.081666361741835,False,1.0,0,False,False,False,0.0,0.0,0.0,False,True,True,True,False,left,0.0,0.0,ground_x_z,-8.026536837070559,25.07339555528048,24.28076950205669,21.07791976753891,21.07791976753891,21.07791976753891,,24.28076950205669,False,False,minimum_hold,0.10027980413710225,0.0
WIN_20260919_18_11_50_Pro_flip.mp4,57,2.848006395523134,0.049965024482862,20.014,0.35,0.0,0.0,0.5,0.0,0.5,0.0,0.0,0.651993632,0.05031477965424003,60.46020000940189,0.0433000095654279,0.024699984351173043,60.0,False,-36.97229766845703,-9.093974538553292,0.0,31.415532936019126,0.35,3,0.0,0.0,False,0.0,0.0,0.0,0.0,0.0,0.0,False,0.0,0.0,0.0,True,0.35,0.0,0.25,False,0.049965024482862,-9.093974538553292,25.07339555528048,0.0,False,0.0,0.0,False,0.0,0.0,0,0.0,0.0,0.0,ground_x_z,0.0,False,25.07339555528048,0.0,0,58,37.02554253758794,8,2,-36.97229766845703,-45.72229766845703,-8.75,-4.9518228663223205,0.4861111111111111,0.2627013481119087,0.23472554903860582,10.177841230996115,1.081666361741835,False,1.0,0,False,False,False,0.0,0.0,0.0,False,True,True,False,True,left,0.0,0.0,,,,,,,,,,,,brief_loss_hold,0.05031477965424003,0.0
WIN_20260919_18_11_50_Pro_flip.mp4,58,2.897971420005996,0.049965024482862,20.014,0.35,0.0,0.0,0.5,0.0,0.5,0.0,0.0,0.602028608,0.000349755171377808,61.89090001862496,0.04160002572461963,0.022799998987466097,43.0,False,-62.821237564086914,-16.160380732475957,0.0,31.415532936019126,0.35,2,0.0,0.0,True,112.6537985405624,41.73865240367369,1337.2650176678446,15.0,0.0,0.0,False,0.0,0.0,0.0,True,0.35,0.0,0.25,False,0.049965024482862,-16.160380732475957,31.415532936019126,0.0,False,0.0,0.0,False,0.0,0.0,0,0.0,0.0,0.0,ground_x_z,0.0,False,31.415532936019126,0.0,0,59,38.77656904504196,8,1,-62.821237564086914,-62.821237564086914,0.0,-4.209049436373972,0.0,0.29067452573026986,0.4171173147694751,11.26160636038118,1.081666361741835,False,1.0,0,False,True,False,0.0,136.6537985405624,90.6537985405624,,True,True,False,True,left,0.0,0.0,,,,,,,,,,,,brief_loss_hold,0.000349755171377808,0.0
WIN_20260919_18_11_50_Pro_flip.mp4,59,2.947936444488858,0.049965024482862,20.014,0.35,0.0,0.0,0.5,0.0,0.5,0.0,0.0,0.552063584,0.0,51.93149999831803,0.053800002206116915,0.027400004910305142,37.0,False,-24.22229766845703,-5.957856723289847,0.0,31.415532936019126,0.35,3,0.0,0.0,True,112.6537985405624,41.73865240367369,1337.2650176678446,15.0,0.0,0.0,False,0.0,0.0,0.0,True,0.35,0.0,0.25,False,0.049965024482862,-5.957856723289847,25.07339555528048,0.0,False,0.0,0.0,False,0.0,0.0,0,0.0,0.0,0.0,ground_x_z,0.0,False,25.07339555528048,0.0,0,60,22.018726976846022,8,2,-24.22229766845703,-27.72229766845703,-3.5,-4.1026920209178765,0.19444444444444445,0.2658752359629436,0.1537788768309034,10.300807203059035,1.081666361741835,False,1.0,0,False,True,False,0.0,136.6537985405624,90.6537985405624,,True,True,False,True,left,0.0,0.0,,,,,,,,,,,,brief_loss_hold,0.0,0.0
WIN_20260919_18_11_50_Pro_flip.mp4,60,2.99790146897172,0.049965024482862,20.014,0.35,0.0,0.0,0.5,0.0,0.5,0.0,0.0,0.50209856,0.0,49.92990000755526,0.044899992644786835,0.022899999748915434,60.0,False,-11.75,-3.0226159332324896,0.0,31.415532936019126,0.35,2,0.0,0.0,True,112.6537985405624,41.73865240367369,1337.2650176678446,15.0,0.3,-107.75,False,0.0,0.004333408231776095,0.11785113019775792,True,0.35,0.0,0.25,False,0.049965024482862,-3.0226159332324896,31.415532936019126,0.0,False,0.0,0.0,False,0.0,0.0,0,0.0,0.0,0.0,ground_x_z,0.0,False,31.415532936019126,0.0,0,61,22.23183806503026,8,1,-11.75,-11.75,0.0,-3.487288217780195,0.0,0.23184384560089047,0.0780170629962751,8.982328670442298,1.081666361741835,False,1.0,0,False,True,False,0.0,136.6537985405624,90.6537985405624,,False,True,False,True,left,0.0,0.0,,,,,,,,,,,,brief_loss_hold,0.0,0.0
WIN_20260919_18_11_50_Pro_flip.mp4,61,3.047866493454582,0.049965024482862,20.014,0.9877066460926425,12.648897233656275,21.500353364103162,0.5,0.0,0.5,0.5,0.0,0.452133536,0.5,49.23470001085661,0.039700011257082224,0.05289999535307288,80.0,False,-104.14375,-25.62637701083662,12.648897233656275,25.07339555528048,0.9877066460926425,1,0.0,0.0,True,112.6537985405624,41.73865240367369,1337.2650176678446,15.0,1.0,-104.125,True,0.95,0.0048751017074447674,0.15150757556817146,True,0.9877066460926425,0.0,0.25,False,0.049965024482862,-25.62637701083662,25.07339555528048,12.648897233656275,True,0.15150757556817146,21.500353364103162,True,0.0373168800448601,2.1755637053852546,10,-0.3939175999616727,-15.877756113523454,0.15150757556817146,ground_x_z,0.0,False,25.07339555528048,0.9992927707813523,0,62,46.622244433782996,8,1,-104.5,-104.5,-0.35625000000000284,-3.017632485113166,0.019791666666666825,0.3089920699834085,0.6600010824134471,11.997476200794043,1.0840330345069982,False,1.0,0,False,True,False,0.0,136.6537985405624,90.6537985405624,,True,True,True,False,left,0.0,0.0,ground_x_z,-25.62637701083662,25.07339555528048,21.500353364103162,35.33313674300806,35.33313674300806,35.33313674300806,,21.500353364103162,False,False,new_block,0.5,0.5
WIN_20260919_18_11_50_Pro_flip.mp4,62,3.097831517937444,0.049965024482862,20.014,0.822039443464011,15.389811344278083,23.678411927596667,0.5,0.0,0.5,0.5,0.0,0.402168512,0.4500349755171378,58.02979998406954,0.036299985367804766,0.04420001641847193,71.0,False,-102.37054252624512,-25.234765106273116,15.389811344278083,25.07339555528048,0.822039443464011,1,0.0,0.0,False,0.0,0.0,0.0,0.0,0.0,0.0,False,0.0,0.0,0.0,True,0.822039443464011,0.0,0.25,False,0.049965024482862,-25.234765106273116,25.07339555528048,15.389811344278083,True,0.05893755705635272,23.678411927596667,True,0.014547099123449972,1.6980037251844564,8,-0.438519997370071,-14.30618178201244,0.05893755705635272,ground_x_z,0.0,False,25.07339555528048,0.0,0,63,46.59045689351503,8,1,-102.37054252624512,-102.37054252624512,0.0,-2.564987612346191,0.0,0.3699603512106352,0.6485276582200994,14.39547325869986,1.0863523738168581,False,1.0,0,False,False,False,0.0,0.0,0.0,False,True,True,True,False,left,0.0,0.0,ground_x_z,-25.234765106273116,25.07339555528048,23.678411927596667,35.878651801494016,35.605894272251035,35.605894272251035,,23.678411927596667,False,False,minimum_hold,0.4500349755171378,0.5
WIN_20260919_18_11_50_Pro_flip.mp4,63,3.147796542420306,0.049965024482862,20.014,0.836103803659234,-9.904621955418657,0.9613284278496738,0.5,0.0,0.5,0.5,0.0,0.352203488,0.40006995103427556,61.1413000151515,0.03730002208612859,0.04339998122304678,44.0,False,-100.3460168838501,-24.812822432443088,-9.904621955418657,31.415532936019126,0.836103803659234,3,0.0,0.0,False,0.0,0.0,0.0,0.0,0.0,0.0,False,0.0,0.0,0.0,True,0.836103803659234,0.0,0.25,False,0.049965024482862,-24.812822432443088,25.07339555528048,-9.904621955418657,True,0.2571838974609128,0.9613284278496738,True,0.06443459022300417,8.120521615878719,16,-0.016779920876629884,-24.407082094559716,0.2571838974609128,ground_x_z,-0.03291453556808932,True,28.2444642456498,0.0,0,64,45.142628142546684,8,2,-100.3460168838501,-96.25928735733032,4.086729526519775,-1.567230041516296,0.22704052925109863,0.4177389281160292,0.6371965314815715,16.28858761226632,1.088625326340521,False,1.014334679478996,0,False,False,False,0.0,0.0,0.0,False,True,True,True,False,left,0.0,0.0,ground_x_z,-24.812822432443088,25.07339555528048,0.9613284278496738,26.776505979215308,35.33313674300806,35.33313674300806,,0.9613284278496738,False,False,minimum_hold,0.40006995103427556,0.5
WIN_20260919_18_11_50_Pro_flip.mp4,64,3.197761566903168,0.049965024482862,20.014,0.8393530063136373,-14.915371389916515,-3.453398400517119,0.5,0.0,0.5,0.5,0.0,0.302238464,0.35010492655141334,60.58079999638721,0.03880000440403819,0.04679997800849378,35.0,False,-98.83318519592285,-25.57450785186442,-14.915371389916515,31.415532936019126,0.8393530063136373,2,0.0,0.0,False,0.0,0.0,0.0,0.0,0.0,0.0,False,0.0,0.0,0.0,True,0.8393530063136373,0.0,0.25,False,0.049965024482862,-25.57450785186442,31.415532936019126,-14.915371389916515,True,0.08781520966304049,-3.453398400517119,True,0.022746705734225228,1.857294943112013,8,0.06034626659520352,-27.519418840769998,0.08781520966304049,ground_x_z,0.0,False,31.415532936019126,0.0,0,65,41.71737018732315,8,1,-98.83318519592285,-98.83318519592285,0.0,-1.3321455352888516,0.0,0.4599394040097735,0.6545473668048266,17.970775677625195,1.0908528198137106,False,1.0,0,False,False,False,0.0,0.0,0.0,False,True,True,True,False,left,0.0,0.0,ground_x_z,-25.57450785186442,31.415532936019126,-3.453398400517119,26.061411783600196,26.776505979215308,26.776505979215308,,-3.453398400517119,False,False,minimum_hold,0.35010492655141334,0.5
WIN_20260919_18_11_50_Pro_flip.mp4,65,3.24772659138603,0.049965024482862,20.014,0.0,0.0,0.0,0.375087438792845,0.0,0.5,0.5,0.0,0.25227344,0.3001399020685511,61.01259999559261,0.053800002206116915,0.02139998832717538,31.0,False,-98.83318519592285,-25.57450785186442,0.0,31.415532936019126,0.0,2,0.0,0.0,False,0.0,0.0,0.0,0.0,0.0,0.0,False,0.0,0.0,0.0,False,0.0,0.04996502448286222,0.25,False,0.049965024482862,0.0,0.0,0.0,False,0.0,0.0,False,0.0,0.0,0,0.0,0.0,0.0,ground_x_z,0.0,False,0.0,0.0,1,66,41.71737018732315,8,0,0.0,0.0,0.0,-1.3321455352888516,0.0,0.4599394040097735,0.0,17.970775677625195,1.0908528198137106,False,1.0,0,False,False,False,0.0,0.0,0.0,False,False,False,False,False,,0.0,0.0,,,,,,,,,,,,brief_loss_hold,0.3001399020685511,0.5
WIN_20260919_18_11_50_Pro_flip.mp4,66,3.297691615868892,0.049965024482862,20.014,0.0,0.0,0.0,0.25017487758569,0.0,0.5,0.5,0.0,0.202308416,0.2501748775856889,67.82820000080392,0.05840000812895596,0.02139998832717538,25,False,-98.83318519592285,-25.57450785186442,0.0,31.415532936019126,0.0,2,0.0,0.0,False,0.0,0.0,0.0,0.0,0.0,0.0,False,0.0,0.0,0.0,False,0.0,0.09993004896572444,0.25,False,0.049965024482862,0.0,0.0,0.0,False,0.0,0.0,False,0.0,0.0,0,0.0,0.0,0.0,ground_x_z,0.0,False,0.0,0.0,2,67,41.71737018732315,8,0,0.0,0.0,0.0,-1.3321455352888516,0.0,0.4599394040097735,0.0,17.970775677625195,1.0908528198137106,False,1.0,0,False,False,False,0.0,0.0,0.0,False,False,False,False,False,,0.0,0.0,,,,,,,,,,,,brief_loss_hold,0.2501748775856889,0.5
WIN_20260919_18_11_50_Pro_flip.mp4,67,3.347656640351754,0.049965024482862,20.014,0.35,0.0,0.0,0.5,0.0,0.5,0.5,0.0,0.152343392,0.20020985310282668,61.0564999806229,0.04029998672194779,0.021400017431005836,46.0,False,-31.97788095474243,-7.932177458037032,0.0,31.415532936019126,0.35,3,0.0,0.0,False,0.0,0.0,0.0,0.0,0.0,0.0,False,0.0,0.0,0.0,True,0.35,0.0,0.25,False,0.049965024482862,-7.932177458037032,25.07339555528048,0.0,False,0.0,0.0,False,0.0,0.0,0,0.0,0.0,0.0,ground_x_z,0.0,False,25.07339555528048,0.0,0,68,51.02111008745495,8,2,-31.97788095474243,-28.22788095474243,3.75,-0.5698237049955238,0.20833333333333334,0.4133961796962808,0.20301410679182388,16.15223646102571,1.0908528198137106,False,1.0,0,False,False,False,0.0,0.0,0.0,False,True,True,False,True,left,0.0,0.0,,,,,,,,,,,,brief_loss_hold,0.20020985310282668,0.5
WIN_20260919_18_11_50_Pro_flip.mp4,68,3.397621664834616,0.049965024482862,20.014,0.0,0.0,0.0,0.375087438792845,0.0,0.5,0.5,0.0,0.102378368,0.15024482861996447,58.356599998660386,0.052499992307275534,0.01930000144056976,31.0,False,-31.97788095474243,-7.932177458037032,0.0,31.415532936019126,0.0,3,0.0,0.0,False,0.0,0.0,0.0,0.0,0.0,0.0,False,0.0,0.0,0.0,False,0.0,0.04996502448286222,0.25,False,0.049965024482862,0.0,0.0,0.0,False,0.0,0.0,False,0.0,0.0,0,0.0,0.0,0.0,ground_x_z,0.0,False,0.0,0.0,1,69,51.02111008745495,8,0,0.0,0.0,0.0,-0.5698237049955238,0.0,0.4133961796962808,0.0,16.15223646102571,1.0908528198137106,False,1.0,0,False,False,False,0.0,0.0,0.0,False,False,False,False,False,,0.0,0.0,,,,,,,,,,,,brief_loss_hold,0.15024482861996447,0.5
WIN_20260919_18_11_50_Pro_flip.mp4,69,3.447586689317478,0.049965024482862,20.014,0.46991990432749764,0.0,0.0,0.5,0.0,0.0,0.0,0.0,0.052413344,0.0,66.05869997292757,0.04119999357499182,0.0219999928958714,25,False,28.94296646118164,7.1605987591717986,0.0,24.952114050945525,0.46991990432749764,1,0.0,0.0,False,0.0,0.0,0.0,0.0,0.0,0.0,False,0.0,0.0,0.0,True,0.46991990432749764,0.0,0.25,False,0.049965024482862,7.1605987591717986,24.952114050945525,0.0,False,0.0,0.0,False,0.0,1.4579729866318516,5,0.0,0.0,0.0,ground_x_z,0.0,False,24.952114050945525,0.0,0,70,40.473480165641284,8,1,28.94296646118164,28.94296646118164,0.0,-0.48435014924619524,0.0,0.3063028073353502,-0.18386371362316728,11.929006865550356,1.0873097062724324,False,1.0,0,False,False,False,0.0,0.0,0.0,False,True,True,True,False,left,0.0,0.0,,,,,,,,,,,,geometry_lost,0.0,0.0
WIN_20260919_18_11_50_Pro_flip.mp4,70,3.49755171380034,0.049965024482862,20.014,0.0,0.0,0.0,0.375087438792845,0.0,0.0,0.0,0.0,0.00244832,0.0,67.95510000665672,0.046900007873773575,0.018499995348975062,25.0,False,28.94296646118164,7.1605987591717986,0.0,24.952114050945525,0.0,1,0.0,0.0,False,0.0,0.0,0.0,0.0,0.0,0.0,False,0.0,0.0,0.0,False,0.0,0.04996502448286222,0.25,False,0.049965024482862,0.0,0.0,0.0,False,0.0,0.0,False,0.0,0.0,0,0.0,0.0,0.0,ground_x_z,0.0,False,0.0,0.0,1,71,40.473480165641284,8,0,0.0,0.0,0.0,-0.48435014924619524,0.0,0.3063028073353502,0.0,11.929006865550356,1.0873097062724324,False,1.0,0,False,False,False,0.0,0.0,0.0,False,False,False,False,False,,0.0,0.0,,,,,,,,,,,,geometry_lost,0.0,0.0
WIN_20260919_18_11_50_Pro_flip.mp4,71,3.547516738283202,0.049965024482862,20.014,0.6690584061002285,-40.99316017133714,-42.300112488336474,0.5,0.0,0.5,0.0,0.0,0.0,0.5,62.39330000244081,0.043899985030293465,0.052099989261478186,25,False,57.88636016845703,14.299798814200257,-40.99316017133714,24.952114050945525,0.6690584061002285,1,0.0,0.0,False,0.0,0.0,0.0,0.0,0.0,0.0,False,0.0,0.0,0.0,True,0.6690584061002285,0.0,0.25,False,0.049965024482862,14.299798814200257,24.952114050945525,-40.99316017133714,True,0.46869790233796627,-42.300112488336474,True,0.11593050090031146,1.6980037251844564,7,0.9099335770278083,-8.379559578441347,0.46869790233796627,ground_x_z,0.0,False,24.952114050945525,0.0,0,72,42.48550048697122,8,1,57.88636016845703,57.88636016845703,0.0,-0.4116976268592659,0.0,0.18491841330595804,-0.36841282051035895,7.177535525645422,1.0836652475961905,False,1.0,0,False,False,False,0.0,0.0,0.0,False,True,True,True,False,left,0.0,0.0,ground_x_z,14.299798814200257,24.952114050945525,-42.300112488336474,-36.56928890841503,-36.56928890841503,-36.56928890841503,,-42.300112488336474,False,False,new_block,0.5,0.0
WIN_20260919_18_11_50_Pro_flip.mp4,72,3.597481762766064,0.049965024482862,20.014,0.0,0.0,0.0,0.375087438792845,0.0,0.5,0.0,0.0,0.0,0.4500349755171378,47.00359998969361,0.03170000854879618,0.018999999156221747,25,False,57.88636016845703,14.299798814200257,0.0,24.952114050945525,0.0,1,0.0,0.0,False,0.0,0.0,0.0,0.0,0.0,0.0,False,0.0,0.0,0.0,False,0.0,0.04996502448286222,0.25,False,0.049965024482862,0.0,0.0,0.0,False,0.0,0.0,False,0.0,0.0,0,0.0,0.0,0.0,ground_x_z,0.0,False,0.0,0.0,1,73,42.48550048697122,8,0,0.0,0.0,0.0,-0.4116976268592659,0.0,0.18491841330595804,0.0,7.177535525645422,1.0836652475961905,False,1.0,0,False,False,False,0.0,0.0,0.0,False,False,False,False,False,,0.0,0.0,,,,,,,,,,,,brief_loss_hold,0.4500349755171378,0.0
WIN_20260919_18_11_50_Pro_flip.mp4,73,3.647446787248926,0.049965024482862,20.014,0.0,0.0,0.0,0.25017487758569,0.0,0.5,0.0,0.0,0.0,0.40006995103427556,46.62870001629926,0.03440000000409782,0.02169999061152339,25,False,57.88636016845703,14.299798814200257,0.0,24.952114050945525,0.0,1,0.0,0.0,False,0.0,0.0,0.0,0.0,0.0,0.0,False,0.0,0.0,0.0,False,0.0,0.09993004896572444,0.25,False,0.049965024482862,0.0,0.0,0.0,False,0.0,0.0,False,0.0,0.0,0,0.0,0.0,0.0,ground_x_z,0.0,False,0.0,0.0,2,74,42.48550048697122,8,0,0.0,0.0,0.0,-0.4116976268592659,0.0,0.18491841330595804,0.0,7.177535525645422,1.0836652475961905,False,1.0,0,False,False,False,0.0,0.0,0.0,False,False,False,False,False,,0.0,0.0,,,,,,,,,,,,brief_loss_hold,0.40006995103427556,0.0
WIN_20260919_18_11_50_Pro_flip.mp4,74,3.697411811731788,0.049965024482862,20.014,0.0,0.0,0.0,0.12526231637853502,0.0,0.5,0.0,0.0,0.0,0.35010492655141334,68.13129998045042,0.03560000914148986,0.020599982235580683,28.0,False,57.88636016845703,14.299798814200257,0.0,24.952114050945525,0.0,1,0.0,0.0,False,0.0,0.0,0.0,0.0,0.0,0.0,False,0.0,0.0,0.0,False,0.0,0.14989507344858666,0.25,False,0.049965024482862,0.0,0.0,0.0,False,0.0,0.0,False,0.0,0.0,0,0.0,0.0,0.0,ground_x_z,0.0,False,0.0,0.0,3,75,42.48550048697122,8,0,0.0,0.0,0.0,-0.4116976268592659,0.0,0.18491841330595804,0.0,7.177535525645422,1.0836652475961905,False,1.0,0,False,False,False,0.0,0.0,0.0,False,False,False,False,False,,0.0,0.0,,,,,,,,,,,,brief_loss_hold,0.35010492655141334,0.0
WIN_20260919_18_11_50_Pro_flip.mp4,75,3.74737683621465,0.049965024482862,20.014,0.8295611032522077,-3.567614982089072,-7.116655473964245,0.5,0.0,0.5,0.0,0.0,0.0,0.3001399020685511,73.81410000380129,0.022799998987466097,0.04990000161342323,45.0,False,37.741153717041016,9.318557484566139,-3.567614982089072,25.07339555528048,0.8295611032522077,1,0.0,0.0,True,90.54371644959028,18.01241887243325,1162.5665236051502,99.0,0.0,0.0,False,0.0,0.0,0.0,True,0.8295611032522077,0.0,0.25,False,0.049965024482862,9.318557484566139,25.07339555528048,-3.567614982089072,True,0.2179821085493551,-7.116655473964245,True,0.053767085238328884,1.6980037251844564,8,0.12485179783129909,6.175949682057251,0.2179821085493551,ground_x_z,0.0,False,25.07339555528048,0.0,0,76,43.42077704748181,8,1,37.741153717041016,37.741153717041016,0.0,-0.349942982830376,0.0,0.10769697165157747,-0.23956426660329266,4.189190798270417,1.0859919426442668,False,1.0,0,False,True,False,0.0,114.54371644959028,68.54371644959028,,True,True,True,False,left,0.0,0.0,ground_x_z,9.318557484566139,25.07339555528048,-7.116655473964245,-13.961466450131375,-13.961466450131375,-13.961466450131375,,-7.116655473964245,False,False,minimum_hold,0.3001399020685511,0.0
WIN_20260919_18_11_50_Pro_flip.mp4,76,3.797341860697512,0.049965024482862,20.014,0.9859043182013537,-13.654379931128192,-17.165562401271583,0.5,0.0,0.5,0.0,0.0,0.0,0.2501748775856889,65.47370000043884,0.025899993488565087,0.08930001058615744,48.0,False,45.75625,11.303186758662314,-13.654379931128192,31.415532936019126,0.9859043182013537,3,0.0,0.0,True,101.2564401351231,-85.9637807849485,95.5362095531587,55.0,1.0,45.75,True,0.95,0.0056150357718613535,0.11247895426040623,True,0.9859043182013537,0.0,0.25,False,0.049965024482862,11.303186758662314,25.07339555528048,-13.654379931128192,True,0.373613958440242,-17.165562401271583,True,0.09501781022366236,8.598081596079517,18,0.30889318853839476,3.667253287553123,0.373613958440242,ground_x_z,1.0312404481945405,True,28.2444642456498,0.9992008433844389,0,77,43.56322418220379,8,2,45.875,51.75,5.993749999999999,0.6016109645941803,0.33298611111111104,0.030679107389035638,-0.31643276277821963,1.1958597887874922,1.0882721037913814,False,1.0522727272727272,0,False,True,False,0.0,125.2564401351231,79.2564401351231,,True,True,True,False,left,0.0,0.0,ground_x_z,11.303186758662314,25.07339555528048,-17.165562401271583,-20.809639811808445,-17.38555313096991,-17.38555313096991,,-17.165562401271583,False,False,minimum_hold,0.2501748775856889,0.0
WIN_20260919_18_11_50_Pro_flip.mp4,77,3.847306885180374,0.049965024482862,20.014,0.9820092920754987,-11.026075060931273,-15.066121595231422,0.5,0.0,0.5,0.0,0.0,0.0,0.20020985310282668,58.83710001944564,0.02090001362375915,0.04959999932907522,77.0,False,48.3875,11.97778216194583,-11.026075060931273,31.415532936019126,0.9820092920754987,3,0.0,0.0,True,101.2564401351231,-85.9637807849485,95.5362095531587,55.0,1.0,48.375,True,0.95,0.00502832281381138,0.09962049198955873,True,0.9820092920754987,0.0,0.25,False,0.049965024482862,11.97778216194583,25.07339555528048,-11.026075060931273,True,0.36650523347190656,-15.066121595231422,True,0.0944750725861908,8.598081596079517,18,0.26918647143152585,5.315483977002316,0.36650523347190656,ground_x_z,0.8858945102143467,True,28.2444642456498,0.9993608038885471,0,78,31.70509194790776,8,2,48.625,53.125,4.737499999999997,1.221994319905053,0.2631944444444443,-0.03459045863326884,-0.3293341344138589,-1.3510912757100995,1.0905066617155537,False,1.0236559139784946,0,False,True,False,0.0,125.2564401351231,79.2564401351231,,True,True,True,False,left,0.0,0.0,ground_x_z,11.97778216194583,25.07339555528048,-15.066121595231422,-20.493417412545156,-20.493417412545156,-20.493417412545156,,-15.066121595231422,False,False,minimum_hold,0.20020985310282668,0.0
WIN_20260919_18_11_50_Pro_flip.mp4,78,3.897271909663236,0.049965024482862,20.014,0.9861481594546471,-8.30285579555568,-12.507750084108544,0.5,0.0,0.5,0.0,0.0,0.0,0.15024482861996447,61.97080001584254,0.029999995604157448,0.058900011936202645,63.0,False,47.256249999999994,11.721246170020224,-8.30285579555568,31.415532936019126,0.9861481594546471,3,0.0,0.0,True,101.2564401351231,-85.9637807849485,95.5362095531587,55.0,1.0,47.25,True,0.95,0.003968090103570243,0.167648622440089,True,0.9861481594546471,0.0,0.25,False,0.049965024482862,11.721246170020224,25.07339555528048,-8.30285579555568,True,0.2598717176504968,-12.507750084108544,True,0.06681978743921822,8.598081596079517,18,0.22183657943423585,6.253796455539998,0.2598717176504968,ground_x_z,0.7317431308878364,True,28.2444642456498,0.9994306782140324,0,79,16.22340502986118,8,2,47.375,50.83823013305664,3.5819801330566463,1.575992191877792,0.1989988962809248,-0.08590742125750694,-0.318180826260823,-3.362252246184637,1.0926965284812427,False,1.0000156357937604,0,False,True,False,0.0,125.2564401351231,79.2564401351231,,True,True,True,False,left,0.0,0.0,ground_x_z,11.721246170020224,25.07339555528048,-12.507750084108544,-19.035334305686632,-20.493417412545156,-20.493417412545156,,-12.507750084108544,False,False,minimum_hold,0.15024482861996447,0.0
WIN_20260919_18_11_50_Pro_flip.mp4,79,3.947236934146098,0.049965024482862,20.014,0.8402708691753692,-10.056856844530463,-13.81179374105925,0.5,0.0,0.5,0.0,0.0,0.0,0.10027980413710225,68.21550001041032,0.02269999822601676,0.05119998240843415,72.0,False,44.42750549316406,11.039100289035169,-10.056856844530463,31.415532936019126,0.8402708691753692,3,0.0,0.0,True,97.16231486149671,-66.22914697270232,265.92682170542633,71.0,0.0,0.0,False,0.0,0.0,0.0,True,0.8402708691753692,0.0,0.25,False,0.049965024482862,11.039100289035169,25.07339555528048,-10.056856844530463,True,0.1760868109095456,-13.81179374105925,True,0.0456911139021186,8.120521615878719,16,0.2458418276117711,4.875505020988346,0.1760868109095456,ground_x_z,0.7607461501742545,True,28.2444642456498,0.0,0,80,9.861806224066978,8,2,44.42750549316406,48.33446502685547,3.9069595336914062,1.9256372931498342,0.21705330742730033,-0.12471675486950767,-0.30090168702919007,-4.890762063803095,1.0948425979116179,False,0.998842220816602,0,False,True,False,0.0,121.16231486149671,75.16231486149671,,True,True,True,False,left,0.0,0.0,ground_x_z,11.039100289035169,25.07339555528048,-13.81179374105925,-18.949501221728756,-19.035334305686632,-19.035334305686632,,-13.81179374105925,False,False,minimum_hold,0.10027980413710225,0.0
WIN_20260919_18_11_50_Pro_flip.mp4,80,3.9972019586289598,0.049965024482862,20.014,0.9874300796323859,-20.468433350110498,-23.115182514775697,0.5,0.0,0.5,0.0,0.0,0.0,0.05031477965424003,61.54110000352375,0.027000001864507794,0.055500015150755644,48.0,False,41.75,10.395812753674898,-20.468433350110498,31.415532936019126,0.9874300796323859,3,0.0,0.0,True,97.16231486149671,-66.22914697270232,265.92682170542633,71.0,1.0,41.75,True,0.95,0.006402745088261995,0.18748737331221824,True,0.9874300796323859,0.0,0.25,False,0.049965024482862,10.395812753674898,25.07339555528048,-20.468433350110498,True,0.6731121483471548,-23.115182514775697,True,0.17204948816752105,8.598081596079517,18,0.4268493759359373,-0.17836172747272272,0.6731121483471548,ground_x_z,1.4092325386148596,True,28.2444642456498,0.9988150781480453,0,81,4.18606743139623,7,2,41.75,50.75,9.0,2.986791699177359,0.5,-0.15635714338992573,-0.3004570944093964,-6.143316945533879,1.0969457459533856,False,1.0257510729613735,0,False,True,False,0.0,121.16231486149671,75.16231486149671,,True,True,True,False,left,0.0,0.0,ground_x_z,10.395812753674898,25.07339555528048,-23.115182514775697,-22.81718958063479,-19.035334305686632,-19.035334305686632,,-23.115182514775697,False,False,minimum_hold,0.05031477965424003,0.0
WIN_20260919_18_11_50_Pro_flip.mp4,81,4.047166983111822,0.049965024482862,20.014,0.9333053943531301,-27.810158829349678,-30.117747925546777,0.5,0.0,0.5,0.0,0.0,0.0,0.000349755171377808,61.792699998477474,0.020099978428333998,0.04579999949783087,53.0,False,46.150000000000006,11.513064383859154,-27.810158829349678,31.415532936019126,0.9333053943531301,3,0.0,0.0,True,103.39703843167558,-77.39428912458635,197.82487677587707,47.0,1.0,46.125,True,0.95,0.0079434217343695,0.1406155299841665,True,0.9333053943531301,0.0,0.25,False,0.049965024482862,11.513064383859154,25.07339555528048,-27.810158829349678,True,0.345559688585605,-30.117747925546777,True,0.08845323490424932,8.598081596079517,18,0.5800936467370733,-2.8779194585324124,0.345559688585605,ground_x_z,1.8741997815069729,True,28.2444642456498,0.9984445598799258,0,82,2.9234922362092317,6,2,46.625,58.5,12.349999999999994,4.391272944300755,0.6861111111111108,-0.18940075064181403,-0.34008806803758274,-7.455592007657265,1.099006831034318,False,1.0573394495412844,0,False,True,False,0.0,127.39703843167558,81.39703843167558,,True,True,True,False,left,0.0,0.0,ground_x_z,11.513064383859154,25.07339555528048,-30.117747925546777,-27.449917848618977,-22.81718958063479,-22.81718958063479,,-30.117747925546777,False,False,minimum_hold,0.000349755171377808,0.0
WIN_20260919_18_11_50_Pro_flip.mp4,82,4.097132007594684,0.049965024482862,20.014,0.9342080642706274,-25.063418720583126,-27.621899586011523,0.5,0.0,0.5,0.0,0.0,0.0,0.0,54.49059998500161,0.024900014977902174,0.10289999772794545,61.0,False,45.387499999999996,11.343674819980686,-25.063418720583126,31.415532936019126,0.9342080642706274,3,0.0,0.0,True,103.39703843167558,-77.39428912458635,197.82487677587707,47.0,1.0,45.375,True,0.95,0.0078121895854970334,0.10075472768816088,True,0.9342080642706274,0.0,0.25,False,0.049965024482862,11.343674819980686,25.07339555528048,-25.063418720583126,True,0.26813644111309015,-27.621899586011523,True,0.06847861413671012,8.598081596079517,18,0.52327414661907,-1.6457379205202454,0.26813644111309015,ground_x_z,1.7118343676028571,True,28.2444642456498,0.9985654921544177,0,83,2.6978496608735734,5,2,45.625,56.5,11.112500000000004,5.399457002655643,0.6173611111111114,-0.21477698220969588,-0.3310517742455738,-8.470043306398747,1.1010266944136315,False,1.0711009174311927,0,False,True,False,0.0,127.39703843167558,81.39703843167558,,True,True,True,False,left,0.0,0.0,ground_x_z,11.343674819980686,25.07339555528048,-27.621899586011523,-26.000456427310453,-26.000456427310453,-41.250680708863186,-30.500448563105465,-55.24000719938624,True,False,continue_block,0.0,0.0
WIN_20260919_18_11_50_Pro_flip.mp4,83,4.1470970320775455,0.049965024482862,20.014,0.9347216806674694,-26.48387513241315,-29.081160671225092,0.5,0.0,0.5,0.0,0.0,0.0,0.0,61.826600023778155,0.01930000144056976,0.08100000559352338,55.0,False,47.14375,11.803820679398866,-26.48387513241315,31.415532936019126,0.9347216806674694,3,0.0,0.0,True,103.39703843167558,-77.39428912458635,197.82487677587707,47.0,1.0,47.125,True,0.95,0.007113337031958024,0.16560266430297108,True,0.9347216806674694,0.0,0.25,False,0.049965024482862,11.803820679398866,25.07339555528048,-26.48387513241315,True,0.2536110790417705,-29.081160671225092,True,0.06522014836133548,8.598081596079517,18,0.5561622668879649,-2.0053263002874715,0.2536110790417705,ground_x_z,1.7953550620218435,True,28.2444642456498,0.9986622089977591,0,84,2.7639338437588648,4,2,47.5,58.791561126708984,11.647811126708987,6.3367101212636445,0.6471006181504992,-0.23791036116376424,-0.34421881227821466,-9.399209737426855,1.103006160525359,False,1.0691270712500682,0,False,True,False,0.0,127.39703843167558,81.39703843167558,,True,True,True,False,left,0.0,0.0,ground_x_z,11.803820679398866,25.07339555528048,-29.081160671225092,-27.17329561606417,-27.17329561606417,-41.961879730795204,-29.577168229462075,-55.77983794467899,True,False,continue_block,0.0,0.0
WIN_20260919_18_11_50_Pro_flip.mp4,84,4.197062056560408,0.049965024482862,20.014,0.9307949824509126,-26.562058471340347,-29.58112987718939,0.5,0.0,0.5,0.0,0.0,0.0,0.0,65.68560001323931,0.02750000567175448,0.11309998808428645,60.0,False,51.53882465362549,12.916206664661551,-26.562058471340347,31.415532936019126,0.9307949824509126,3,0.0,0.0,True,103.39703843167558,-77.39428912458635,197.82487677587707,47.0,0.9,51.5,True,0.95,0.00635726946637125,0.13338962775565708,True,0.9307949824509126,0.0,0.25,False,0.049965024482862,12.916206664661551,25.07339555528048,-26.562058471340347,True,0.3734243773028127,-29.58112987718939,True,0.09634135689135043,8.598081596079517,18,0.5676435162757093,-1.0710842601789103,0.3734243773028127,ground_x_z,1.919754193342655,True,28.2444642456498,0.8990670807799743,0,85,3.1467931990953915,3,2,52.276493072509766,63.875,12.33617534637451,7.2366299050302745,0.6853430747985839,-0.26237826819003895,-0.3748647153261392,-10.384102738161646,1.1049460373148519,False,1.0621229807535808,0,False,True,False,0.0,127.39703843167558,81.39703843167558,,True,True,True,False,left,0.0,0.0,ground_x_z,12.916206664661551,25.07339555528048,-29.58112987718939,-28.42724350893461,-27.17329561606417,-42.83743484888119,-31.32827846563403,-55.50363398547365,True,False,continue_block,0.0,0.0
WIN_20260919_18_11_50_Pro_flip.mp4,85,4.24702708104327,0.049965024482862,20.014,0.8113002878174523,-24.72146201286813,-28.64520484748373,0.5,0.0,0.5,0.0,0.0,0.0,0.0,65.28579999576323,0.02160001895390451,0.08969998452812433,48.0,False,60.73289489746094,15.259789348408619,-24.72146201286813,31.415532936019126,0.8113002878174523,3,0.0,0.0,True,54.71708717957608,-48.56985331906223,56.14705882352941,319.0,0.0,0.0,False,0.0,0.0,0.0,True,0.8113002878174523,0.0,0.25,False,0.049965024482862,15.259789348408619,25.07339555528048,-24.72146201286813,True,0.2967407799837333,-28.64520484748373,True,0.07673419414891296,8.120521615878719,16,0.5462416455492309,1.6197849589105768,0.2967407799837333,ground_x_z,1.7867103296593312,True,28.2444642456498,0.0,0,86,5.037329236252515,2,2,60.73289489746094,71.66905975341797,10.936164855957031,7.791560147669288,0.607564714219835,-0.2923709654935183,-0.4299792820629637,-11.591027235660768,1.1068471165685547,True,1.067165752339404,-1,False,True,False,0.0,78.71708717957608,32.71708717957608,,True,True,True,False,left,0.0,0.0,ground_x_z,15.259789348408619,25.07339555528048,-28.64520484748373,-30.00706863719779,-28.42724350893461,-44.09138274175162,-31.32827846563403,-53.38486233781525,True,False,continue_block,0.0,0.0
WIN_20260919_18_11_50_Pro_flip.mp4,86,4.296992105526132,0.049965024482862,20.014,0.9657272914272065,-24.765273059740576,-29.100609396101625,0.5,0.0,0.5,0.0,0.0,0.0,0.0,58.40979999629781,0.026300025638192892,0.09849999332800508,35.0,False,64.65,16.27081681481338,-24.765273059740576,31.415532936019126,0.9657272914272065,3,0.0,0.0,True,72.86379478746183,10.624172505523221,1108.469512195122,190.0,1.0,64.625,True,0.95,0.006067294792003647,0.2942633329025354,True,0.9657272914272065,0.0,0.25,False,0.049965024482862,16.27081681481338,25.07339555528048,-24.765273059740576,True,0.5252583777978884,-29.100609396101625,True,0.13469478909657748,8.598081596079517,18,0.5566067908162223,2.489354948760889,0.5252583777978884,ground_x_z,1.8092520317490077,True,28.2444642456498,0.9985065788743844,0,87,4.956957566014849,1,2,65.125,75.55770111083984,10.907701110839838,8.25898129214487,0.6059833950466577,-0.32148105849770625,-0.4552835936635098,-12.766547601098267,1.1087101742371837,False,1.0763064089793055,0,False,True,False,0.0,96.86379478746183,50.86379478746183,,True,True,True,False,left,0.0,0.0,ground_x_z,16.27081681481338,25.07339555528048,-29.100609396101625,-31.085887778254907,-30.00706863719779,-41.907457112835104,-23.80077695127462,-49.8508505214663,True,False,continue_block,0.0,0.0
WIN_20260919_18_11_50_Pro_flip.mp4,87,4.3469571300089935,0.049965024482862,20.014,0.7800822057905207,-19.965621627514622,-23.54937845054327,0.5,0.0,0.5,0.0,0.0,0.0,0.0,64.2179999849759,0.021299987565726042,0.09139999747276306,44.0,False,49.64229965209961,12.53760832900031,-19.965621627514622,31.415532936019126,0.7800822057905207,3,0.0,0.0,True,33.7407737448103,-28.170377399788308,109.85778671474137,548.0,0.0,0.0,False,0.0,0.0,0.0,True,0.7800822057905207,0.0,0.25,False,0.049965024482862,12.53760832900031,25.07339555528048,-19.965621627514622,True,0.4981177949701036,-23.54937845054327,True,0.12667050204215205,8.120521615878719,16,0.43583751249232405,1.6078682333175447,0.4981177949701036,ground_x_z,1.36336889275616,True,28.2444642456498,0.0,0,88,8.336747627687057,8,2,49.64229965209961,57.89021682739258,8.247917175292969,8.257321674617085,0.4582176208496094,-0.32611899857033394,-0.34947221711317195,-12.972054855050668,1.11053597075244,True,1.0860616315755702,-1,False,True,False,0.0,57.7407737448103,11.740773744810298,,True,True,True,False,left,0.0,0.0,ground_x_z,12.53760832900031,25.07339555528048,-23.54937845054327,-25.08105819504612,-30.00706863719779,-41.784718742715235,-23.55530021103489,-40.5351142137043,True,False,continue_block,0.0,0.0
WIN_20260919_18_11_50_Pro_flip.mp4,88,4.396922154491856,0.049965024482862,20.014,0.9463115260164319,-23.124129510151462,-26.289970236232456,0.5,0.0,0.5,0.0,0.0,0.0,0.0,56.777500023599714,0.02370000584051013,0.10469998233020306,56.0,False,47.6375,12.028329217553784,-23.124129510151462,31.415532936019126,0.9463115260164319,3,0.0,0.0,True,33.7407737448103,-28.170377399788308,109.85778671474137,548.0,1.0,47.625,True,0.95,0.005043191409616714,0.0874729395385536,True,0.9463115260164319,0.0,0.25,False,0.049965024482862,12.028329217553784,25.07339555528048,-23.124129510151462,True,0.33642194427127387,-26.289970236232456,True,0.08683314021957929,8.598081596079517,18,0.4940129908595661,-0.2588443528868165,0.33642194427127387,ground_x_z,1.5927171723200981,True,28.2444642456498,0.9993752226904639,0,89,8.347953193703084,8,2,47.875,57.60368728637695,9.96618728637695,8.513651516381064,0.5536770714653861,-0.3285453208500739,-0.3418838840725649,-13.089622719756536,1.1123252513373911,True,1.0770563193885652,-1,False,True,False,0.0,57.7407737448103,11.740773744810298,,True,True,True,False,left,0.0,0.0,ground_x_z,12.028329217553784,25.07339555528048,-26.289970236232456,-25.959038244972128,-25.959038244972128,-33.62884957397045,-15.339622657996644,-38.470471509708226,True,False,continue_block,0.0,0.0
WIN_20260919_18_11_50_Pro_flip.mp4,89,4.446887178974718,0.049965024482862,20.014,0.9371071110364272,-19.572971120601913,-22.721580862099493,0.5,0.0,0.5,0.0,0.0,0.0,0.0,64.7146999835968,0.022599997464567423,0.0923000043258071,30.0,False,43.506249999999994,10.9933974079237,-19.572971120601913,31.415532936019126,0.9371071110364272,3,0.0,0.0,True,82.13021327849012,6.133039486415772,1036.0373134328358,139.0,1.0,43.5,True,0.95,0.006395649133576673,0.14433756729740152,True,0.9371071110364272,0.0,0.25,False,0.049965024482862,10.9933974079237,25.07339555528048,-19.572971120601913,True,1.0326850321762189,-22.721580862099493,True,0.27297440738529083,8.598081596079517,18,0.41875169667069995,0.6318240888464395,1.0326850321762189,ground_x_z,1.3560808531194661,True,28.2444642456498,0.9989288286342932,0,90,8.32096338139817,8,2,43.625,52.0,8.493750000000006,8.510666288923904,0.4718750000000003,-0.32466812551832797,-0.3094800615060909,-12.95554207476243,1.1140787463106434,False,1.0902777777777777,0,False,True,False,0.0,106.13021327849012,60.13021327849012,,True,True,True,False,left,0.0,0.0,ground_x_z,10.9933974079237,25.07339555528048,-22.721580862099493,-23.20138234547781,-25.08105819504612,-28.317420084248127,-6.472723778404021,-22.283939557840522,True,False,continue_block,0.0,0.0
WIN_20260919_18_11_50_Pro_flip.mp4,90,4.49685220345758,0.049965024482862,20.014,0.9045235498373038,-12.858910021235042,-15.075668929166515,0.5,0.0,0.5,0.0,0.0,0.0,0.0,57.7837000018917,0.021899992134422064,0.09469999349676073,31.0,False,27.75,7.052749805654811,-12.858910021235042,31.415532936019126,0.9045235498373038,3,0.0,0.0,True,87.04216721839748,0.18872304834777323,962.2077464788732,115.0,1.0,27.75,True,0.95,0.014278647694395383,0.5402019824271123,True,0.9045235498373038,0.0,0.25,False,0.049965024482862,7.052749805654811,25.07339555528048,-12.858910021235042,True,0.6689395480321828,-15.075668929166515,True,0.1717731994186081,8.598081596079517,18,0.2693651862720137,0.36342397340213406,0.6689395480321828,ground_x_z,0.9031557100874092,True,28.2444642456498,0.9932126475144775,0,91,10.098719170140003,8,2,27.75,33.375,5.625,8.077816345585319,0.3125,-0.3015058736551812,-0.19906931146643184,-12.049834429886115,1.1157971713844306,False,1.092760180995475,0,False,True,False,0.0,111.04216721839748,65.04216721839748,,True,True,True,False,left,0.0,0.0,ground_x_z,7.052749805654811,25.07339555528048,-15.075668929166515,-15.394476974673388,-23.20138234547781,-19.250519253260563,7.901726184434497,-7.030527684047442,True,False,continue_block,0.0,0.0
WIN_20260919_18_11_50_Pro_flip.mp4,91,4.5468172279404415,0.049965024482862,20.014,0.7825349018669101,-14.274707157893385,-15.197126037593303,0.5,0.0,0.5,0.0,0.0,0.0,0.0,56.82890000753105,0.050499977078288794,0.09780001710169017,34.0,False,15.40506362915039,3.9155712787248445,-14.274707157893385,31.415532936019126,0.7825349018669101,3,0.0,0.0,True,92.83249372637943,-5.831405732768964,896.0372398685652,89.0,0.0,0.0,False,0.0,0.0,0.0,True,0.7825349018669101,0.0,0.25,False,0.049965024482862,3.9155712787248445,25.07339555528048,-14.274707157893385,True,0.35061703025021096,-15.197126037593303,True,0.0897874050734682,8.120521615878719,16,0.2716401246549964,-2.8782277901284,0.35061703025021096,ground_x_z,0.8687599666607617,True,28.2444642456498,0.0,0,92,11.375186908378726,8,2,15.40506362915039,21.323036193847656,5.917972564697266,7.753839778452111,0.3287762535942925,-0.2681682298505018,-0.11953111147987303,-10.733654403519377,1.1174812279567419,False,1.073139542210208,0,False,True,False,0.0,116.83249372637943,70.83249372637943,,False,True,True,False,left,0.0,0.0,ground_x_z,3.9155712787248445,25.07339555528048,-15.197126037593303,-12.064461758023862,-15.394476974673388,-2.1277224268560584,26.53350909563466,-1.3821583821465744,True,False,continue_block,0.0,0.0
WIN_20260919_18_11_50_Pro_flip.mp4,92,4.596782252423304,0.049965024482862,20.014,0.9533449214833326,-17.263792611575912,-16.86233452474214,0.5,0.0,0.5,0.0,0.0,0.0,0.0,52.147100010188296,0.01889999839477241,0.08800000068731606,51.0,False,2.6375,0.6700676233261407,-17.263792611575912,31.415532936019126,0.9533449214833326,3,0.0,0.0,True,92.83249372637943,-5.831405732768964,896.0372398685652,89.0,1.0,2.625,True,0.95,0.004181326967621073,0.09374368665610798,True,0.9533449214833326,0.0,0.25,False,0.049965024482862,0.6700676233261407,25.07339555528048,-17.263792611575912,True,0.314245790358296,-16.86233452474214,True,0.08154598914789622,8.598081596079517,18,0.30310530430772475,-6.838459931880799,0.314245790358296,ground_x_z,0.993803989840428,True,28.2444642456498,0.9995429270708606,0,93,10.8143792914322,8,2,2.875,10.0,7.3625,7.695138811684294,0.40902777777777777,-0.2267839570373412,-0.041508649724917704,-9.090620652242063,1.119131603397607,False,1.0799086757990868,0,False,True,False,0.0,116.83249372637943,70.83249372637943,,False,True,True,False,left,0.0,0.0,ground_x_z,0.6700676233261407,25.07339555528048,-16.86233452474214,-9.342000382808198,-12.064461758023862,6.834800794152224,37.79852510435217,-1.168568251861208,True,False,continue_block,0.0,0.0
WIN_20260919_18_11_50_Pro_flip.mp4,93,4.646747276906166,0.049965024482862,20.014,0.9563553016760737,-25.71223502856205,-25.035341517082287,0.5,0.0,0.5,0.0,0.0,0.0,0.0,59.56969998078421,0.017999991541728377,0.09039998985826969,48.0,False,2.5125,0.6392608648190471,-25.71223502856205,31.415532936019126,0.9563553016760737,3,0.0,0.0,True,92.83249372637943,-5.831405732768964,896.0372398685652,89.0,1.0,2.5,True,0.95,0.004087743338068492,0.13455876265060207,True,0.9563553016760737,0.0,0.25,False,0.049965024482862,0.6392608648190471,25.07339555528048,-25.71223502856205,True,0.3406165637832538,-25.035341517082287,True,0.0887028104750535,8.598081596079517,18,0.4670588245010423,-10.954330696456577,0.3406165637832538,ground_x_z,1.5247241922703394,True,28.2444642456498,0.9994873523924948,0,94,10.777294657285095,8,2,2.75,13.859109878540039,11.34660987854004,8.242859471712656,0.6303672154744466,-0.19519851243624475,-0.05390708674270306,-7.83582808127334,1.120748971329655,False,1.0543633493319862,0,False,True,False,0.0,116.83249372637943,70.83249372637943,,False,True,True,False,left,0.0,0.0,ground_x_z,0.6392608648190471,25.07339555528048,-25.035341517082287,-13.800295588516157,-12.064461758023862,9.672020693368045,43.472964902783815,-11.306640118281429,True,False,continue_block,0.0,0.0
WIN_20260919_18_11_50_Pro_flip.mp4,94,4.696712301389028,0.049965024482862,20.014,0.959501164973112,-27.421946178399203,-27.248450315623863,0.5,0.0,0.5,0.0,0.0,0.0,0.0,65.63009999808855,0.02400000812485814,0.09650000720284879,53.0,False,8.64375,2.2022072930729553,-27.421946178399203,31.415532936019126,0.959501164973112,3,0.0,0.0,True,92.83249372637943,-5.831405732768964,896.0372398685652,89.0,1.0,8.625,True,0.95,0.0038225144504865512,0.13816985594155262,True,0.959501164973112,0.0,0.25,False,0.049965024482862,2.2022072930729553,25.07339555528048,-27.421946178399203,True,0.4466896053929002,-27.248450315623863,True,0.11661320776166173,8.598081596079517,18,0.5149996221486424,-10.583348856063184,0.4466896053929002,ground_x_z,1.714256233177425,True,28.2444642456498,0.9995262619281896,0,95,10.966087731271616,8,2,9.0,21.125,12.48125,8.878618050955758,0.6934027777777777,-0.17726071178835762,-0.09742533851584703,-7.1258167837247015,1.122333991903062,False,1.0591016548463357,0,False,True,False,0.0,116.83249372637943,70.83249372637943,,False,True,True,False,left,0.0,0.0,ground_x_z,2.2022072930729553,25.07339555528048,-27.248450315623863,-16.74065553534436,-13.800295588516157,7.936186862875751,43.472964902783815,-21.436859506288673,True,False,continue_block,0.0,0.0
WIN_20260919_18_11_50_Pro_flip.mp4,95,4.7466773258718895,0.049965024482862,20.014,0.9503676415745603,-25.611602200187708,-25.221635088555423,0.5,0.0,0.5,0.0,0.0,0.0,0.0,62.765800015768036,0.021199986804276705,0.09660000796429813,61.0,False,5.025,1.2820559185324725,-25.611602200187708,31.415532936019126,0.9503676415745603,3,0.0,0.0,False,0.0,0.0,0.0,0.0,1.0,5.0,True,0.95,0.00524481304843647,0.09962049198956409,True,0.9503676415745603,0.0,0.25,False,0.049965024482862,1.2820559185324725,25.07339555528048,-25.611602200187708,True,0.30626483490874284,-25.221635088555423,True,0.08022214071063828,8.598081596079517,18,0.4710255797600093,-10.388049921281501,0.30626483490874284,ground_x_z,1.5443584929565628,True,28.2444642456498,0.9993114137312941,0,96,8.557001088579216,8,2,5.5,16.375,11.35,9.249325343312394,0.6305555555555555,-0.15766777407209212,-0.07021227159965984,-6.346959850632684,1.1238873120650006,False,1.0648148148148149,0,False,False,False,0.0,0.0,0.0,False,False,True,True,False,left,0.0,0.0,ground_x_z,1.2820559185324725,25.07339555528048,-25.221635088555423,-14.59903394637328,-14.59903394637328,3.732515642031016,36.66309917680859,-22.710621170048285,True,False,continue_block,0.0,0.0
WIN_20260919_18_11_50_Pro_flip.mp4,96,4.796642350354752,0.049965024482862,20.014,0.7591243832828811,-27.886490484950908,-27.960871937323915,0.5,0.0,0.5,0.0,0.0,0.0,0.0,67.80229997821152,0.023200002033263445,0.09839999256655574,35.0,False,11.865821838378906,3.02862636631546,-27.886490484950908,31.415532936019126,0.7591243832828811,3,0.0,0.0,False,0.0,0.0,0.0,0.0,0.0,0.0,False,0.0,0.0,0.0,True,0.7591243832828811,0.0,0.25,False,0.049965024482862,3.02862636631546,25.07339555528048,-27.886490484950908,True,0.5657899073739246,-27.960871937323915,True,0.14528170045391042,8.120521615878719,16,0.5308337661240011,-10.330916571355544,0.5657899073739246,ground_x_z,1.6587263052109331,True,28.2444642456498,0.0,0,97,7.218181593363327,7,2,11.865821838378906,23.74237823486328,11.876556396484375,9.643410001288192,0.6598086886935763,-0.14999613349716504,-0.11628320196870552,-6.046314215322194,1.1254095658237007,False,1.0558807356328104,0,False,False,False,0.0,0.0,0.0,False,False,True,True,False,left,0.0,0.0,ground_x_z,3.02862636631546,25.07339555528048,-27.960871937323915,-18.01505360129837,-16.74065553534436,-2.393372130371251,28.694566809946217,-30.050961102676684,True,False,continue_block,0.0,0.0
WIN_20260919_18_11_50_Pro_flip.mp4,97,4.846607374837614,0.049965024482862,20.014,0.9386882372728026,-31.336478690857813,-32.6388945259533,0.5,0.0,0.5,0.0,0.0,0.0,0.0,63.29079999704845,0.025699991965666413,0.10599999222904444,34.0,False,28.025,7.169102808109787,-31.336478690857813,31.415532936019126,0.9386882372728026,3,0.0,0.0,False,0.0,0.0,0.0,0.0,1.0,28.0,True,0.95,0.007540017982532709,0.3496751739439468,True,0.9386882372728026,0.0,0.25,False,0.049965024482862,7.169102808109787,25.07339555528048,-31.336478690857813,True,0.47845849389102885,-32.6388945259533,True,0.12401671127847859,8.598081596079517,18,0.6404835744244073,-8.635410523546746,0.47845849389102885,ground_x_z,2.186633043437125,True,28.2444642456498,0.9977838287448755,0,98,8.468991503224618,8,2,28.5,43.125,15.100000000000001,10.461898501094964,0.838888888888889,-0.16465061989993535,-0.2317885595316533,-6.645831488360779,1.1269013745072267,False,1.0423728813559323,0,False,False,False,0.0,0.0,0.0,False,True,True,True,False,left,0.0,0.0,ground_x_z,7.169102808109787,25.07339555528048,-32.6388945259533,-24.829209882652982,-18.01505360129837,-10.158441604672435,15.71322399325187,-39.69819290009065,True,False,continue_block,0.0,0.0
WIN_20260919_18_11_50_Pro_flip.mp4,98,4.896572399320476,0.049965024482862,20.014,0.8199518640357069,-26.59726782967879,-29.056540884871495,0.5,0.0,0.5,0.0,0.0,0.0,0.0,65.42960001388565,0.029000017093494534,0.11600001016631722,60.0,False,39.17920684814453,10.039760832531897,-26.59726782967879,31.415532936019126,0.8199518640357069,3,0.0,0.0,False,0.0,0.0,0.0,0.0,0.0,0.0,False,0.0,0.0,0.0,True,0.8199518640357069,0.0,0.25,False,0.049965024482862,10.039760832531897,25.07339555528048,-26.59726782967879,True,0.3246573244000298,-29.056540884871495,True,0.08550233654815603,8.120521615878719,16,0.5555997927892417,-3.8920893024405654,0.3246573244000298,ground_x_z,1.763873683766989,True,28.2444642456498,0.0,0,99,9.828731259116287,8,2,39.17920684814453,50.624446868896484,11.445240020751953,10.609399729043512,0.6358466678195529,-0.18759583908672203,-0.29211829986085736,-7.58019173195521,1.1281242710483186,False,1.0405124846530822,0,False,False,False,0.0,0.0,0.0,False,True,True,True,False,left,0.0,0.0,ground_x_z,10.039760832531897,25.07339555528048,-29.056540884871495,-25.537516684268436,-24.829209882652982,-26.865418653216967,-4.072417541127968,-38.116617409155126,True,False,continue_block,0.0,0.0
WIN_20260919_18_11_50_Pro_flip.mp4,99,4.9465374238033375,0.049965024482862,20.014,0.9645593637012433,-24.565273120197755,-27.534673218950473,0.5,0.0,0.5,0.0,0.0,0.0,0.0,59.968800022033975,0.02710000262595713,0.10110001312568784,80,False,42.64375,10.933685188088647,-24.565273120197755,31.415532936019126,0.9645593637012433,3,0.0,0.0,False,0.0,0.0,0.0,0.0,1.0,42.625,True,0.95,0.0026108920893934723,0.09374368665611449,True,0.9645593637012433,0.0,0.25,False,0.049965024482862,10.933685188088647,25.07339555528048,-24.565273120197755,True,0.26106379258544243,-27.534673218950473,True,0.06833317055735368,8.598081596079517,18,0.5213364476975964,-2.0276779804327845,0.26106379258544243,ground_x_z,1.6932627206507638,True,28.2444642456498,0.9997798854256834,0,100,9.564837933893253,8,2,43.0,53.375,10.731250000000003,10.627677269686984,0.5961805555555557,-0.20996989608191566,-0.31211950427769136,-8.494435316900109,1.1294771101662637,False,1.0427815321948226,0,False,False,False,0.0,0.0,0.0,False,True,True,True,False,left,0.0,0.0,ground_x_z,10.933685188088647,25.07339555528048,-27.534673218950473,-25.57468828322268,-25.537516684268436,-38.22519148100808,-25.375349593479296,-42.79154369222795,True,False,continue_block,0.0,0.0
WIN_20260919_18_11_50_Pro_flip.mp4,100,4.9965024482862,0.049965024482862,20.014,0.969887013258119,-25.69079795169694,-28.571389976762493,0.5,0.0,0.5,0.0,0.0,0.0,0.0,57.83629999496043,0.02789997961372137,0.1016999885905534,59.0,False,42.262499999999996,10.849411557891385,-25.69079795169694,31.415532936019126,0.969887013258119,3,0.0,0.0,True,112.6537985405624,12.554447018979335,1073.476439790576,15.0,1.0,42.25,True,0.95,0.002402277745822147,0.0965307299163483,True,0.969887013258119,0.0,0.25,False,0.049965024482862,10.849411557891385,25.07339555528048,-25.69079795169694,True,0.29901175391106277,-28.571389976762493,True,0.07854522063930329,8.598081596079517,18,0.544570101799148,-2.679949359668658,0.29901175391106277,ground_x_z,1.760789679023767,True,28.2444642456498,0.9997989788371614,0,101,9.428474144931585,8,2,42.5,53.5,11.237500000000004,10.719150679233937,0.6243055555555558,-0.2281149246429006,-0.31131678803349977,-9.240025644171727,1.1308875679629384,False,1.0423387096774193,0,False,True,False,0.0,136.6537985405624,90.6537985405624,,True,True,True,False,left,0.0,0.0,ground_x_z,10.849411557891385,25.07339555528048,-28.571389976762493,-26.034301865107338,-25.57468828322268,-43.06407411320088,-34.9787716599564,-43.82826045003997,True,False,continue_block,0.0,0.0
WIN_20260919_18_11_50_Pro_flip.mp4,101,5.046467472769062,0.049965024482862,20.014,0.8323104437371613,-31.034801585807767,-34.05077427015186,0.5,0.0,0.5,0.0,0.0,0.0,0.0,63.05510000674985,0.02160001895390451,0.09660000796429813,56.0,False,50.35285949707031,12.948710570670475,-31.034801585807767,31.415532936019126,0.8323104437371613,3,0.0,0.0,True,112.6537985405624,12.554447018979335,1073.476439790576,15.0,0.0,0.0,False,0.0,0.0,0.0,True,0.8323104437371613,0.0,0.25,False,0.049965024482862,12.948710570670475,25.07339555528048,-31.034801585807767,True,0.19156180893498104,-34.05077427015186,True,0.050271656375711675,8.120521615878719,16,0.6757986436936184,-3.96772850319808,0.19156180893498104,ground_x_z,2.1354145171014682,True,28.2444642456498,0.0,0,102,9.624320203272655,8,2,50.35285949707031,64.02482986450195,13.67197036743164,11.162073632463592,0.7595539093017578,-0.2540980296132978,-0.37216756545329954,-10.298711706848936,1.1315703448286971,False,1.0266909829322113,0,False,True,False,0.0,136.6537985405624,90.6537985405624,,True,True,True,False,left,0.0,0.0,ground_x_z,12.948710570670475,25.07339555528048,-34.05077427015186,-30.789932797774494,-26.034301865107338,-46.91428448177818,-41.75996523334169,-48.77630690185772,True,False,continue_block,0.0,0.0
WIN_20260919_18_11_50_Pro_flip.mp4,102,5.096432497251924,0.049965024482862,20.014,0.8290858688335953,-29.73677434664477,-33.199614235169605,0.5,0.0,0.5,0.0,0.0,0.0,0.0,63.7814000074286,0.0219999928958714,0.10080001084133983,80,False,54.80617141723633,14.10243624037135,-29.73677434664477,31.415532936019126,0.8290858688335953,3,0.0,0.0,True,97.41119677896329,6.744202346013585,1030.4978165938865,70.0,0.0,0.0,False,0.0,0.0,0.0,True,0.8290858688335953,0.0,0.25,False,0.049965024482862,14.10243624037135,25.07339555528048,-29.73677434664477,True,0.20324592260764016,-33.199614235169605,True,0.05352625940118154,8.120521615878719,16,0.6543720476712503,-2.3165091311572397,0.20324592260764016,ground_x_z,2.0688157067294046,True,28.2444642456498,0.0,0,103,6.661090677582637,7,2,54.80617141723633,67.7784538269043,12.972282409667969,11.433604949044248,0.720682356092665,-0.28038522793813714,-0.399046004798264,-11.362549953419844,1.131411607596267,False,1.0252304105304573,0,False,True,False,0.0,121.41119677896329,75.41119677896329,,True,True,True,False,left,0.0,0.0,ground_x_z,14.10243624037135,25.07339555528048,-33.199614235169605,-31.31106979710437,-30.789932797774494,-52.774380560660575,-43.96889552577216,-42.9240222084498,True,False,continue_block,0.0,0.0
WIN_20260919_18_11_50_Pro_flip.mp4,103,5.1463975217347855,0.049965024482862,20.014,0.8417820907249495,-30.76996096635751,-33.66789105444862,0.5,0.0,0.5,0.0,0.0,0.0,0.0,71.1682999972254,0.02729997504502535,0.1230000052601099,60.0,False,48.49388885498047,12.476448019501696,-30.76996096635751,31.415532936019126,0.8417820907249495,3,0.0,0.0,True,95.2034166022897,2.245228845847883,984.0138632162661,79.0,0.0,0.0,False,0.0,0.0,0.0,True,0.8417820907249495,0.0,0.25,False,0.049965024482862,12.476448019501696,25.07339555528048,-30.76996096635751,True,0.23130709047033005,-33.66789105444862,True,0.061482664796453125,8.120521615878719,16,0.6661077351091929,-4.221852344071994,0.23130709047033005,ground_x_z,2.1198424705162253,True,28.2444642456498,0.0,0,104,5.239832550940089,6,2,48.49388885498047,62.124332427978516,13.630443572998047,11.763130742637319,0.7572468651665581,-0.294840908114835,-0.3601820281074597,-11.948357239803334,1.1314110406997764,False,1.0220318309281071,0,False,True,False,0.0,119.2034166022897,73.2034166022897,,True,True,True,False,left,0.0,0.0,ground_x_z,12.476448019501696,25.07339555528048,-33.66789105444862,-30.18249850263281,-30.789932797774494,-50.25996807614577,-38.94007055674255,-41.826482526601,True,False,continue_block,0.0,0.0
WIN_20260919_18_11_50_Pro_flip.mp4,104,5.196362546217648,0.049965024482862,20.014,0.8326461246173331,-29.778672034592898,-32.149155802250036,0.5,0.0,0.5,0.0,0.0,0.0,0.0,68.38389998301864,0.02169999061152339,0.10540001676417887,45.0,False,40.28504180908203,10.364467364606963,-29.778672034592898,31.415532936019126,0.8326461246173331,3,0.0,0.0,True,95.2034166022897,2.245228845847883,984.0138632162661,79.0,0.0,0.0,False,0.0,0.0,0.0,True,0.8326461246173331,0.0,0.25,False,0.049965024482862,10.364467364606963,25.07339555528048,-29.778672034592898,True,0.48509005547445355,-32.149155802250036,True,0.12998247183699677,8.120521615878719,16,0.6284949910484853,-5.397633121063905,0.48509005547445355,ground_x_z,1.9501697268315477,True,28.2444642456498,0.0,0,105,6.207436449635928,5,2,40.28504180908203,53.01403045654297,12.728988647460938,11.908009428360863,0.7071660359700521,-0.29645814766653317,-0.30385871424209077,-12.014710555264159,1.131487800050778,False,1.0173237595314069,0,False,True,False,0.0,119.2034166022897,73.2034166022897,,True,True,True,False,left,0.0,0.0,ground_x_z,10.364467364606963,25.07339555528048,-32.149155802250036,-27.50212850637343,-30.18249850263281,-45.68275163962243,-31.000506273979237,-39.593317970111784,True,False,continue_block,0.0,0.0
WIN_20260919_18_11_50_Pro_flip.mp4,105,5.24632757070051,0.049965024482862,20.014,0.9746850110806773,-28.635952549360965,-30.319816666753255,0.5,0.0,0.5,0.0,0.0,0.0,0.0,60.75639999471605,0.034699973184615374,0.13650002074427903,80,False,30.256249999999998,7.767611787917677,-28.635952549360965,31.415532936019126,0.9746850110806773,3,0.0,0.0,True,113.27238810109739,-3.5460348880494794,928.1233333333333,13.0,1.0,30.25,True,0.95,0.0018819918792550745,0.27344602259445777,True,0.9746850110806773,0.0,0.25,False,0.049965024482862,7.767611787917677,25.07339555528048,-28.635952549360965,True,0.3643302500134326,-30.319816666753255,True,0.09592114222867013,8.598081596079517,18,0.5848168810559085,-6.804297862955028,0.3643302500134326,ground_x_z,1.9017144867072253,True,28.2444642456498,0.9993373489754432,0,106,7.656273897513781,4,2,30.375,43.0,12.743750000000002,12.033370514106734,0.7079861111111112,-0.2861382975035851,-0.23872341525183427,-11.589833177064492,1.1308399680108359,False,1.0160714285714285,0,False,True,False,0.0,137.2723881010974,91.27238810109739,,True,True,True,False,left,0.0,0.0,ground_x_z,7.767611787917677,25.07339555528048,-30.319816666753255,-24.079973603147543,-27.50212850637343,-36.98970482090739,-18.975152629067924,-35.55883624629269,True,False,continue_block,0.0,0.0
WIN_20260919_18_11_50_Pro_flip.mp4,106,5.296292595183372,0.049965024482862,20.014,0.832501479434815,-32.30165561296506,-33.53971504684768,0.5,0.0,0.5,0.0,0.0,0.0,0.0,60.777500009862706,0.019700004486367106,0.08679999154992402,80,False,27.874027252197266,7.167787683486701,-32.30165561296506,31.415532936019126,0.832501479434815,3,0.0,0.0,True,113.27238810109739,-3.5460348880494794,928.1233333333333,13.0,0.0,0.0,False,0.0,0.0,0.0,True,0.832501479434815,0.0,0.25,False,0.049965024482862,7.167787683486701,25.07339555528048,-32.30165561296506,True,0.27343164012780896,-33.53971504684768,True,0.07225096363168514,8.120521615878719,16,0.6628828446936995,-9.450558358815485,0.27343164012780896,ground_x_z,2.1017348080613463,True,28.2444642456498,0.0,0,107,6.8310133713390915,3,2,27.874027252197266,42.28167724609375,14.407649993896484,12.389512436075197,0.8004249996609158,-0.27584396718506166,-0.22892182427080615,-11.169497998386566,1.1304988322179899,False,1.0118144000327316,0,False,True,False,0.0,137.2723881010974,91.27238810109739,,True,True,True,False,left,0.0,0.0,ground_x_z,7.167787683486701,25.07339555528048,-33.53971504684768,-25.352722910647746,-25.352722910647746,-29.173851006014946,-7.642256190734403,-38.6976812932155,True,False,continue_block,0.0,0.0
WIN_20260919_18_11_50_Pro_flip.mp4,107,5.3462576196662335,0.049965024482862,20.014,0.8294939682230662,-33.12245099341674,-34.59934952468287,0.5,0.0,0.5,0.0,0.0,0.0,0.0,63.54760000249371,0.020899984519928694,0.10410000686533749,70.0,False,31.989059448242188,8.223485977481834,-33.12245099341674,31.415532936019126,0.8294939682230662,3,0.0,0.0,True,113.27238810109739,-3.5460348880494794,928.1233333333333,13.0,0.0,0.0,False,0.0,0.0,0.0,True,0.8294939682230662,0.0,0.25,False,0.049965024482862,8.223485977481834,25.07339555528048,-33.12245099341674,True,0.21679295710223867,-34.59934952468287,True,0.057098418336703496,8.120521615878719,16,0.6898370362149462,-9.080937264154239,0.21679295710223867,ground_x_z,2.187138483343001,True,28.2444642456498,0.0,0,108,6.788449326808897,2,2,31.989059448242188,46.85633850097656,14.867279052734375,12.761177428574074,0.8259599473741319,-0.27248120199144354,-0.2571331733736018,-11.032024492792655,1.130364799055659,False,1.0131488896084544,0,False,True,False,0.0,137.2723881010974,91.27238810109739,,True,True,True,False,left,0.0,0.0,ground_x_z,8.223485977481834,25.07339555528048,-34.59934952468287,-26.947673649637114,-25.352722910647746,-25.934811229663698,-1.1641766380319052,-38.09865070203037,True,False,continue_block,0.0,0.0
WIN_20260919_18_11_50_Pro_flip.mp4,108,5.396222644149096,0.049965024482862,20.014,0.8347074695577359,-35.50968575086328,-37.159759307970184,0.5,0.0,0.5,0.0,0.0,0.0,0.0,64.56460000481457,0.02500001573935151,0.10999999358318746,60.0,False,36.71660041809082,9.437685516385406,-35.50968575086328,31.415532936019126,0.8347074695577359,3,0.0,0.0,True,113.27238810109739,-3.5460348880494794,928.1233333333333,13.0,0.0,0.0,False,0.0,0.0,0.0,True,0.8347074695577359,0.0,0.25,False,0.049965024482862,9.437685516385406,25.07339555528048,-35.50968575086328,True,0.32579557179866675,-37.159759307970184,True,0.08621230096315893,8.120521615878719,16,0.7579349256199781,-9.554707502690356,0.32579557179866675,ground_x_z,2.3964552571516586,True,28.2444642456498,0.0,0,109,6.525641022751693,1,2,36.71660041809082,52.93577575683594,16.219175338745117,13.27987711509973,0.901065296596951,-0.2760603830401007,-0.29228241092505264,-11.177331624415906,1.1304048280795014,False,1.0084600396815557,0,False,True,False,0.0,137.2723881010974,91.27238810109739,,True,True,True,False,left,0.0,0.0,ground_x_z,9.437685516385406,25.07339555528048,-37.159759307970184,-29.53626353597122,-26.947673649637114,-26.630358294871776,0.6346307095306765,-43.76462126522272,True,False,continue_block,0.0,0.0
WIN_20260919_18_11_50_Pro_flip.mp4,109,5.446187668631958,0.049965024482862,20.014,0.8377151178263921,-40.89212284351966,-42.49908074498931,0.5,0.0,0.5,0.0,0.0,0.0,0.0,58.68630000622943,0.023300002794712782,0.09389998740516603,49.0,False,42.4224967956543,10.90471446927971,-40.89212284351966,31.415532936019126,0.8377151178263921,3,0.0,0.0,False,0.0,0.0,0.0,0.0,0.0,0.0,False,0.0,0.0,0.0,True,0.8377151178263921,0.0,0.25,False,0.049965024482862,10.90471446927971,25.07339555528048,-40.89212284351966,True,0.451700890908612,-42.49908074498931,True,0.11968746647945712,8.120521615878719,16,0.9163016588521116,-12.076460254849856,0.451700890908612,ground_x_z,2.9078753181173695,True,28.2444642456498,0.0,0,110,5.9681159076820105,0,2,42.4224967956543,62.195579528808594,19.773082733154297,14.253857957807915,1.0,-0.28768026618663256,-0.3409441976920956,-11.65472101787664,1.1310759390362075,False,0.9971967300980609,0,False,False,False,0.0,0.0,0.0,False,True,True,True,False,left,0.0,0.0,ground_x_z,10.90471446927971,25.07339555528048,-42.49908074498931,-34.01541637697951,-29.53626353597122,-30.84199374279828,-2.611460413654122,-51.116479487280586,True,False,continue_block,0.0,0.0
WIN_20260919_18_11_50_Pro_flip.mp4,110,5.49615269311482,0.049965024482862,20.014,0.8340174704058556,-39.192363295258225,-41.35784816206937,0.5,0.0,0.5,0.0,0.0,0.0,0.0,62.77449999470264,0.016700010746717453,0.08710002293810248,53.0,False,49.380306243896484,12.700753935659899,-39.192363295258225,31.415532936019126,0.8340174704058556,3,0.0,0.0,False,0.0,0.0,0.0,0.0,0.0,0.0,False,0.0,0.0,0.0,True,0.8340174704058556,0.0,0.25,False,0.049965024482862,12.700753935659899,25.07339555528048,-39.192363295258225,True,0.29186463780012606,-41.35784816206937,True,0.07692256191215163,8.120521615878719,16,0.8803119364986839,-9.394360339986914,0.29186463780012606,ground_x_z,2.783180449418393,True,28.2444642456498,0.0,0,111,5.018495483823268,0,2,49.380306243896484,67.9085464477539,18.528240203857422,14.895015294715341,1.0,-0.31047641943343607,-0.38205866714287195,-12.582875144731714,1.13149130163211,False,1.0015040722648207,0,False,False,False,0.0,0.0,0.0,False,True,True,True,False,left,0.0,0.0,ground_x_z,12.700753935659899,25.07339555528048,-41.35784816206937,-34.717268788935066,-34.01541637697951,-38.050093149117565,-8.06935354427611,-51.56277902538006,True,False,continue_block,0.0,0.0
WIN_20260919_18_11_50_Pro_flip.mp4,111,5.5461177175976815,0.049965024482862,20.014,0.834613956838629,-35.38356257998983,-38.656103307809815,0.5,0.0,0.5,0.0,0.0,0.0,0.0,68.37150000501424,0.027399975806474686,0.12050001532770693,66.0,False,60.74150085449219,15.628582633688758,-35.38356257998983,31.415532936019126,0.834613956838629,3,0.0,0.0,False,0.0,0.0,0.0,0.0,0.0,0.0,False,0.0,0.0,0.0,True,0.834613956838629,0.0,0.25,False,0.049965024482862,15.628582633688758,25.07339555528048,-35.38356257998983,True,0.24546037828967177,-38.656103307809815,True,0.06451107223690206,8.120521615878719,16,0.7998939573271568,-4.413425878719508,0.24546037828967177,ground_x_z,2.537783079980027,True,28.2444642456498,0.0,0,112,7.061561333946662,0,2,60.74150085449219,76.9400749206543,16.19857406616211,15.090549110432356,0.8999207814534506,-0.34395014464316515,-0.44835063992280816,-13.936244444599831,1.1312281728976221,False,1.011553047867619,0,False,False,False,0.0,0.0,0.0,False,True,True,True,False,left,0.0,0.0,ground_x_z,15.628582633688758,25.07339555528048,-38.656103307809815,-35.42593387870542,-34.717268788935066,-39.292540440555236,-9.150543303240344,-47.95824954897216,True,False,continue_block,0.0,0.0
WIN_20260919_18_11_50_Pro_flip.mp4,112,5.596082742080544,0.049965024482862,20.014,0.8318242896420759,-32.85503567572123,-36.21400684640134,0.5,0.0,0.5,0.0,0.0,0.0,0.0,69.52019999152981,0.02300000051036477,0.09359998512081802,57.0,False,57.79193878173828,14.866212201411084,-32.85503567572123,31.415532936019126,0.8318242896420759,3,0.0,0.0,False,0.0,0.0,0.0,0.0,0.0,0.0,False,0.0,0.0,0.0,True,0.8318242896420759,0.0,0.25,False,0.049965024482862,14.866212201411084,25.07339555528048,-32.85503567572123,True,0.2253451800147348,-36.21400684640134,True,0.05952790216378227,8.120521615878719,16,0.7322648452232705,-3.482366253759036,0.2253451800147348,ground_x_z,2.3222790194065244,True,28.2444642456498,0.0,0,113,6.943985437945486,0,2,57.79193878173828,72.5222282409668,14.730289459228516,15.036510162751778,0.8183494144015842,-0.3632948898237493,-0.42408708290531194,-14.724548980657481,1.1315732325458836,False,1.0158604175313286,0,False,False,False,0.0,0.0,0.0,False,True,True,True,False,left,0.0,0.0,ground_x_z,14.866212201411084,25.07339555528048,-36.21400684640134,-33.51976507246372,-34.717268788935066,-41.27615101497987,-13.117764452089597,-44.640172721792496,True,False,continue_block,0.0,0.0
WIN_20260919_18_11_50_Pro_flip.mp4,113,5.646047766563406,0.049965024482862,20.014,0.832108544950716,-34.35226375788746,-37.43663285196691,0.5,0.0,0.5,0.0,0.0,0.0,0.0,60.693000006722286,0.02300000051036477,0.11599998106248677,69.0,False,56.02143478393555,14.41520111107085,-34.35226375788746,31.415532936019126,0.832108544950716,3,0.0,0.0,False,0.0,0.0,0.0,0.0,0.0,0.0,False,0.0,0.0,0.0,True,0.832108544950716,0.0,0.25,False,0.049965024482862,14.41520111107085,25.07339555528048,-34.35226375788746,True,0.38878708816349733,-37.43663285196691,True,0.104224359645476,8.120521615878719,16,0.7655713296770942,-4.740802627285362,0.38878708816349733,ground_x_z,2.419763342603792,True,28.2444642456498,0.0,0,114,6.661526996066786,0,2,56.02143478393555,71.54854202270508,15.527107238769531,15.110099724154441,0.8626170688205295,-0.3759719353901279,-0.41542647300500884,-15.236087681383147,1.1314047270869134,False,1.0121512174932354,0,False,False,False,0.0,0.0,0.0,False,True,True,True,False,left,0.0,0.0,ground_x_z,14.41520111107085,25.07339555528048,-37.43663285196691,-33.820736592337255,-33.820736592337255,-45.28386007027059,-22.92624695586667,-44.42525797456494,True,False,continue_block,0.0,0.0
WIN_20260919_18_11_50_Pro_flip.mp4,114,5.696012791046268,0.049965024482862,20.014,0.8164200571527086,-30.270409237522234,-34.361369150937314,0.5,0.0,0.5,0.0,0.0,0.0,0.0,60.337600007187575,0.026200024876743555,0.10230002226307988,69.0,False,65.43941116333008,16.836009161629626,-30.270409237522234,25.07339555528048,0.8164200571527086,1,0.0,0.0,False,0.0,0.0,0.0,0.0,0.0,0.0,False,0.0,0.0,0.0,True,0.8164200571527086,0.0,0.25,False,0.049965024482862,16.836009161629626,25.07339555528048,-30.270409237522234,True,0.27887156769715465,-34.361369150937314,True,0.07143705959757503,1.6980037251844564,8,0.6837244073697663,-0.38465565878344066,0.27887156769715465,ground_x_z,0.0,False,25.07339555528048,0.0,0,115,7.4568188285350505,0,1,65.43941116333008,65.43941116333008,0.0,12.843584765531276,0.0,-0.38639138912198906,-0.4163681012090683,-15.623888929873004,1.128916074881204,False,1.0,0,False,False,False,0.0,0.0,0.0,False,True,True,True,False,left,0.0,0.0,ground_x_z,16.836009161629626,25.07339555528048,-34.361369150937314,-34.12073208262885,-33.820736592337255,-45.28386007027059,-22.92624695586667,-39.44598970079005,True,False,continue_block,0.0,0.0
WIN_20260919_18_11_50_Pro_flip.mp4,115,5.7459778155291295,0.049965024482862,20.014,0.8352158971677922,-34.066668459620814,-37.6088459406849,0.5,0.0,0.5,0.0,0.0,0.0,0.0,62.35659998492338,0.021899992134422064,0.11160000576637685,71.0,False,64.56652069091797,16.574943613203637,-34.066668459620814,25.07339555528048,0.8352158971677922,1,0.0,0.0,False,0.0,0.0,0.0,0.0,0.0,0.0,False,0.0,0.0,0.0,True,0.8352158971677922,0.0,0.25,False,0.049965024482862,16.574943613203637,25.07339555528048,-34.066668459620814,True,0.06000187029550945,-37.6088459406849,True,0.015371810869021571,1.6980037251844564,8,0.770349655325129,-2.768151230972485,0.06000187029550945,ground_x_z,0.0,False,25.07339555528048,0.0,0,116,6.787806135516155,0,1,64.56652069091797,64.56652069091797,0.0,10.917047050701584,0.0,-0.3930464008284466,-0.41090906280010825,-15.85441286378564,1.1261760661340714,False,1.0,0,False,False,False,0.0,0.0,0.0,False,True,True,True,False,left,0.0,0.0,ground_x_z,16.574943613203637,25.07339555528048,-37.6088459406849,-35.58534574264572,-34.12073208262885,-45.498271713718104,-22.75507926217851,-42.06911894704046,True,False,continue_block,0.0,0.0
WIN_20260919_18_11_50_Pro_flip.mp4,116,5.795942840011992,0.049965024482862,20.014,0.978386358283499,-37.0945347228878,-39.86065027220543,0.5,0.0,0.5,0.0,0.0,0.0,0.0,59.57569999736734,0.02190002123825252,0.0921999744605273,67.0,False,58.42540872131586,14.914345948360667,-37.0945347228878,31.415532936019126,0.978386358283499,3,0.0,0.0,False,0.0,0.0,0.0,0.0,1.0,58.25,True,0.719346045894618,0.006139599462756716,0.09534625892455788,True,0.978386358283499,0.0,0.25,False,0.049965024482862,14.914345948360667,25.07339555528048,-37.0945347228878,True,0.22179541461625746,-39.86065027220543,True,0.05704818511929184,7.796253062060433,15,0.8349635313163877,-5.8432680058311135,0.22179541461625746,ground_x_z,2.5922482504641335,True,28.2444642456498,0.9990917304091917,0,117,5.272723658795617,0,2,58.875,75.25,16.82459127868414,11.803178684898967,0.9346995154824521,-0.404065533116741,-0.4351807439356906,-16.254881256997734,1.1231349665152073,False,0.9938080495356038,0,False,False,False,0.0,0.0,0.0,False,True,True,True,False,left,0.0,0.0,ground_x_z,14.914345948360667,25.07339555528048,-39.86065027220543,-35.54743902028653,-35.54743902028653,-45.10942258296301,-19.123967125352966,-42.271430566746815,True,False,continue_block,0.0,0.0
WIN_20260919_18_11_50_Pro_flip.mp4,117,5.845907864494854,0.049965024482862,20.014,0.9803492036030382,-37.465183957403916,-39.707055109636066,0.5,0.0,0.5,0.0,0.0,0.0,0.0,61.70029999339022,0.019500002963468432,0.09799998952075839,80,False,51.99604027607761,13.233620893395555,-37.465183957403916,25.07339555528048,0.9803492036030382,1,0.0,0.0,False,0.0,0.0,0.0,0.0,1.0,51.75,True,0.7188111130541627,0.008084845007797017,0.16001893827313088,True,0.9803492036030382,0.0,0.25,False,0.049965024482862,13.233620893395555,25.07339555528048,-37.465183957403916,True,0.16001893827312746,-39.707055109636066,True,0.04066431714193919,2.1755637053852546,10,0.8304240234236292,-7.423248189309621,0.16001893827312746,ground_x_z,0.0,False,25.07339555528048,0.9983487681307815,0,118,5.859094402613978,0,1,52.625,52.625,0.6289597239223923,10.12704584075248,0.03494220688457735,-0.3870618235191127,-0.3299860197831679,-15.522564980553128,1.1196521074487131,False,1.0,0,False,False,False,0.0,0.0,0.0,False,True,True,True,False,left,0.0,0.0,ground_x_z,13.233620893395555,25.07339555528048,-39.707055109636066,-34.16338261606356,-35.54743902028653,-40.69228131300696,-10.28968458544085,-40.34905652871837,True,False,continue_block,0.0,0.0
WIN_20260919_18_11_50_Pro_flip.mp4,118,5.895872888977716,0.049965024482862,20.014,0.9672913581481996,-42.28111256208207,-43.79432486400261,0.5,0.0,0.5,0.0,0.0,0.0,0.0,58.95450001116842,0.022499996703118086,0.1188000023830682,80,False,48.90653777935515,12.411323971712918,-42.28111256208207,25.07339555528048,0.9672913581481996,1,0.0,0.0,False,0.0,0.0,0.0,0.0,1.0,48.625,True,0.7184622206448492,0.009325886610510224,0.1621353717973935,True,0.9672913581481996,0.0,0.25,False,0.049965024482862,12.411323971712918,25.07339555528048,-42.28111256208207,True,0.1621353717973858,-43.79432486400261,True,0.041160909218198004,2.1755637053852546,10,0.9587754025350479,-11.445837621577683,0.1621353717973858,ground_x_z,0.0,False,25.07339555528048,0.9978641953400684,0,119,5.967499934892854,0,1,49.625,49.625,0.7184622206448523,8.715758297736336,0.039914567813602905,-0.36929645830033375,-0.31035494944986314,-14.768438504674323,1.116501703351817,False,1.0,0,False,False,False,0.0,0.0,0.0,False,True,True,True,False,left,0.0,0.0,ground_x_z,12.411323971712918,25.07339555528048,-43.79432486400261,-35.98740738313879,-35.54743902028653,-37.73757481908272,-4.380271597592375,-45.23449240833217,True,False,continue_block,0.0,0.0
WIN_20260919_18_11_50_Pro_flip.mp4,119,5.945837913460577,0.049965024482862,20.014,0.8003289412863779,-47.15761390228172,-48.379301551028824,0.5,0.0,0.5,0.0,0.0,0.0,0.0,61.580600013257936,0.022000021999701858,0.1047999830916524,35.0,False,53.87700271606445,13.678785779740574,-47.15761390228172,25.07339555528048,0.8003289412863779,1,0.0,0.0,False,0.0,0.0,0.0,0.0,0.0,0.0,False,0.0,0.0,0.0,True,0.8003289412863779,0.0,0.25,False,0.049965024482862,13.678785779740574,25.07339555528048,-47.15761390228172,True,0.1677678981777971,-48.379301551028824,True,0.042583363765886444,1.6980037251844564,8,1.1255078903487181,-14.539563770697022,0.1677678981777971,ground_x_z,0.0,False,25.07339555528048,0.0,0,120,4.7762437117248195,0,1,53.87700271606445,53.87700271606445,0.0,7.408394553075886,0.0,-0.36359842219839206,-0.34290369270238985,-14.50432011363642,1.1137182590468835,False,1.0,0,False,False,False,0.0,0.0,0.0,False,True,True,True,False,left,0.0,0.0,ground_x_z,13.678785779740574,25.07339555528048,-48.379301551028824,-39.85099309155166,-35.98740738313879,-38.17754318193497,-4.380271597592375,-51.42702934555956,True,False,continue_block,0.0,0.0
WIN_20260919_18_11_50_Pro_flip.mp4,120,5.99580293794344,0.049965024482862,20.014,0.30625,0.0,0.0,0.5,0.0,0.5,0.0,0.0,0.0,0.0,59.48950001038611,0.026399997295811772,0.023300002794712782,27.0,False,68.48655319213867,17.3597187023955,0.0,25.194677059615437,0.30625,1,0.0,0.0,False,0.0,0.0,0.0,0.0,0.0,0.0,False,0.0,0.0,0.0,True,0.30625,0.0,0.25,False,0.049965024482862,17.3597187023955,25.194677059615437,0.0,False,0.0,0.0,False,0.0,0.0,0,0.0,0.0,0.0,ground_x_z,0.0,False,25.194677059615437,0.0,0,121,8.083805382430814,8,1,68.48655319213867,68.48655319213867,0.0,6.2971353701145025,0.0,-0.38094851843510485,-0.4351783662072273,-15.196433540031792,1.1137182590468835,False,1.0,0,False,False,False,0.0,0.0,0.0,False,True,True,False,True,left,0.0,0.0,,,,,,,,,,,,brief_loss_hold,0.0,0.0
WIN_20260919_18_11_50_Pro_flip.mp4,121,6.045767962426302,0.049965024482862,20.014,0.0,0.0,0.0,0.375087438792845,0.0,0.5,0.0,0.0,0.0,0.0,58.654499996919185,0.03779999678954482,0.02269999822601676,62.0,False,68.48655319213867,17.3597187023955,0.0,25.194677059615437,0.0,1,0.0,0.0,False,0.0,0.0,0.0,0.0,0.0,0.0,False,0.0,0.0,0.0,False,0.0,0.04996502448286222,0.25,False,0.049965024482862,0.0,0.0,0.0,False,0.0,0.0,False,0.0,0.0,0,0.0,0.0,0.0,ground_x_z,0.0,False,0.0,0.0,1,122,8.083805382430814,8,0,0.0,0.0,0.0,6.2971353701145025,0.0,-0.38094851843510485,0.0,-15.196433540031792,1.1137182590468835,False,1.0,0,False,False,False,0.0,0.0,0.0,False,False,False,False,False,,0.0,0.0,,,,,,,,,,,,brief_loss_hold,0.0,0.0
WIN_20260919_18_11_50_Pro_flip.mp4,122,6.095732986909164,0.049965024482862,20.014,0.0,0.0,0.0,0.25017487758569,0.0,0.5,0.0,0.0,0.0,0.0,63.34259998402558,0.03369999467395246,0.02030000905506313,47.0,False,68.48655319213867,17.3597187023955,0.0,25.194677059615437,0.0,1,0.0,0.0,False,0.0,0.0,0.0,0.0,0.0,0.0,False,0.0,0.0,0.0,False,0.0,0.09993004896572444,0.25,False,0.049965024482862,0.0,0.0,0.0,False,0.0,0.0,False,0.0,0.0,0,0.0,0.0,0.0,ground_x_z,0.0,False,0.0,0.0,2,123,8.083805382430814,8,0,0.0,0.0,0.0,6.2971353701145025,0.0,-0.38094851843510485,0.0,-15.196433540031792,1.1137182590468835,False,1.0,0,False,False,False,0.0,0.0,0.0,False,False,False,False,False,,0.0,0.0,,,,,,,,,,,,brief_loss_hold,0.0,0.0
WIN_20260919_18_11_50_Pro_flip.mp4,123,6.145698011392025,0.049965024482862,20.014,0.7900334478896561,-48.905675856521015,-45.06910556440819,0.5,0.0,0.5,0.0,0.0,0.0,0.0,64.76120001752861,0.025599991204217076,0.05630002124235034,59.0,False,-22.041553497314453,-5.837928876820673,-48.905675856521015,31.415532936019126,0.7900334478896561,2,0.0,0.0,False,0.0,0.0,0.0,0.0,0.0,0.0,False,0.0,0.0,0.0,True,0.7900334478896561,0.0,0.25,False,0.049965024482862,-5.837928876820673,31.415532936019126,-48.905675856521015,True,0.10092823905230493,-45.06910556440819,True,0.02672307406893784,1.857294943112013,8,1.0024151533957928,-37.30010542612319,0.10092823905230493,ground_x_z,0.0,False,31.415532936019126,0.0,0,124,41.193116881000655,8,1,-22.041553497314453,-22.041553497314453,0.0,5.352565064597327,0.0,-0.28563381805022675,0.14645316823664228,-11.385959994375547,1.1129098393668992,False,1.0,0,False,False,False,0.0,0.0,0.0,False,True,True,True,False,left,0.0,0.0,ground_x_z,-5.837928876820673,31.415532936019126,-45.06910556440819,-14.350111641153857,-14.350111641153857,-14.350111641153857,,-45.06910556440819,False,False,continue_block,0.0,0.0
WIN_20260919_18_11_50_Pro_flip.mp4,124,6.195663035874888,0.049965024482862,20.014,0.8278229536098589,-45.391819066439915,-41.16800960810533,0.5,0.0,0.5,0.0,0.0,0.0,0.0,60.92390001867898,0.01930000144056976,0.04840001929551363,58.0,False,-49.37919521331787,-12.496330150584726,-45.391819066439915,31.415532936019126,0.8278229536098589,3,0.0,0.0,True,115.1587516983429,22.602609646238808,1159.8552631578948,7.0,0.0,0.0,False,0.0,0.0,0.0,True,0.8278229536098589,0.0,0.25,False,0.049965024482862,-12.496330150584726,25.07339555528048,-45.391819066439915,True,0.22817651113694007,-41.16800960810533,True,0.05949953178924154,8.120521615878719,16,0.8744480657125133,-34.43830664745208,0.22817651113694007,ground_x_z,2.7814750788532847,True,28.2444642456498,0.0,0,125,42.87277520256147,8,2,-49.37919521331787,-26.196456909179688,23.182738304138184,8.027091050528457,1.0,-0.18960935163260945,0.24354333011899734,-7.563448239193148,1.1136790233530387,False,0.9390394952184085,0,False,True,False,0.0,139.15875169834288,93.15875169834288,,True,True,True,False,left,0.0,0.0,ground_x_z,-12.496330150584726,25.07339555528048,-41.16800960810533,-10.537373169698125,-12.44374240542599,-12.44374240542599,,-41.16800960810533,False,False,continue_block,0.0,0.0
WIN_20260919_18_11_50_Pro_flip.mp4,125,6.24562806035775,0.049965024482862,20.014,0.8257687586993823,-46.600305878169834,-42.82454860045853,0.5,0.0,0.5,0.0,0.0,0.0,0.0,61.53710000216961,0.024500011932104826,0.0577000027988106,80,False,-44.220940589904785,-11.198638362737281,-46.600305878169834,31.415532936019126,0.8257687586993823,3,0.0,0.0,True,115.1587516983429,22.602609646238808,1159.8552631578948,7.0,0.0,0.0,False,0.0,0.0,0.0,True,0.8257687586993823,0.0,0.25,False,0.049965024482862,-11.198638362737281,25.07339555528048,-46.600305878169834,True,0.23477928965107506,-42.82454860045853,True,0.06132863218428505,8.120521615878719,16,0.9268063200669804,-34.4560589369102,0.23477928965107506,ground_x_z,2.9047109974476495,True,28.2444642456498,0.0,0,126,42.91255488299329,8,2,-44.220940589904785,-20.34811782836914,23.872822761535645,10.403950807179534,1.0,-0.11743584224174261,0.2076409640084929,-4.690810169783195,1.1151855792504406,False,0.9317572985786167,0,False,True,False,0.0,139.15875169834288,93.15875169834288,,True,True,True,False,left,0.0,0.0,ground_x_z,-11.198638362737281,25.07339555528048,-42.82454860045853,-13.391125138049036,-13.391125138049036,-13.391125138049036,,-42.82454860045853,False,False,continue_block,0.0,0.0
WIN_20260919_18_11_50_Pro_flip.mp4,126,6.295593084840612,0.049965024482862,20.014,0.0,0.0,0.0,0.375087438792845,0.0,0.5,0.0,0.0,0.0,0.0,63.10339999618009,0.03239998477511108,0.018999999156221747,65.0,False,-44.220940589904785,-11.198638362737281,0.0,31.415532936019126,0.0,3,0.0,0.0,True,115.1587516983429,22.602609646238808,1159.8552631578948,7.0,0.0,0.0,False,0.0,0.0,0.0,False,0.0,0.04996502448286222,0.25,False,0.049965024482862,0.0,0.0,0.0,False,0.0,0.0,False,0.0,0.0,0,0.0,0.0,0.0,ground_x_z,0.0,False,0.0,0.0,1,127,42.91255488299329,8,0,0.0,0.0,0.0,10.403950807179534,0.0,-0.11743584224174261,0.0,-4.690810169783195,1.1151855792504406,False,1.0,0,False,True,False,0.0,139.15875169834288,93.15875169834288,,False,False,False,False,,0.0,0.0,,,,,,,,,,,,brief_loss_hold,0.0,0.0
WIN_20260919_18_11_50_Pro_flip.mp4,127,6.345558109323473,0.049965024482862,20.014,0.8180616374380469,-49.80177838562788,-46.72826821481566,0.5,0.0,0.5,0.0,0.0,0.0,0.0,65.22620000760071,0.020000006770715117,0.05229999078437686,63.0,False,-36.90719795227051,-9.359110626511509,-49.80177838562788,31.415532936019126,0.8180616374380469,3,0.0,0.0,True,115.1587516983429,22.602609646238808,1159.8552631578948,7.0,0.0,0.0,False,0.0,0.0,0.0,True,0.8180616374380469,0.0,0.25,False,0.049965024482862,-9.359110626511509,25.07339555528048,-49.80177838562788,True,0.2965641255450647,-46.72826821481566,True,0.0773090395540301,8.120521615878719,16,1.062223729030451,-35.96667731830563,0.2965641255450647,ground_x_z,3.359172869768616,True,28.2444642456498,0.0,0,128,42.97958153033147,8,2,-36.90719795227051,-9.957590103149414,26.949607849121094,12.885799363470769,1.0,-0.06884577644742321,0.14998210974123982,-2.75413097076601,1.1168818676654317,False,0.909602415787503,0,False,True,False,0.0,139.15875169834288,93.15875169834288,,True,True,True,False,left,0.0,0.0,ground_x_z,-9.359110626511509,25.07339555528048,-46.72826821481566,-18.899685947903297,-18.899685947903297,-18.899685947903297,,-46.72826821481566,False,False,continue_block,0.0,0.0
WIN_20260919_18_11_50_Pro_flip.mp4,128,6.395523133806336,0.049965024482862,20.014,0.5283528852382828,-59.203822721950374,-56.94145947604308,0.5,0.0,0.5,0.0,0.0,0.0,0.0,62.24679999286309,0.018799997633323073,0.049700000090524554,65.0,False,5.175140380859375,1.3773484929516029,-59.203822721950374,31.681338032983227,0.5283528852382828,2,0.0,0.0,False,0.0,0.0,0.0,0.0,0.0,0.0,False,0.0,0.0,0.0,True,0.5283528852382828,0.0,0.25,False,0.049965024482862,1.3773484929516029,31.681338032983227,-59.203822721950374,True,0.09733698894831241,-56.94145947604308,True,0.02585372545012293,1.857294943112013,6,1.5364259505736306,-47.272714959514595,0.09733698894831241,ground_x_z,0.0,False,31.681338032983227,0.0,0,129,46.46225646066515,8,1,5.175140380859375,5.175140380859375,0.0,10.952929458950154,0.0,-0.06267384706958753,-0.034464417761118825,-2.504720358460896,1.1157652871523152,False,1.0,0,False,False,False,0.0,0.0,0.0,False,True,True,True,False,left,0.0,0.0,ground_x_z,1.3773484929516029,31.681338032983227,-56.94145947604308,-30.559825258307797,-24.729755603105545,-24.729755603105545,,-56.94145947604308,False,False,continue_block,0.0,0.0
WIN_20260919_18_11_50_Pro_flip.mp4,129,6.445488158289198,0.049965024482862,20.014,0.7959402107163789,-57.597679809639835,-55.60116724045494,0.5,0.0,0.5,0.0,0.0,0.0,0.0,64.71249999594875,0.01759998849593103,0.047900015488266945,65.0,False,-24.23174285888672,-6.147935590093759,-57.597679809639835,31.415532936019126,0.7959402107163789,3,0.0,0.0,False,0.0,0.0,0.0,0.0,0.0,0.0,False,0.0,0.0,0.0,True,0.7959402107163789,0.0,0.25,False,0.049965024482862,-6.147935590093759,25.07339555528048,-57.597679809639835,True,0.7617490053823937,-55.60116724045494,True,0.20014030946819378,8.120521615878719,16,1.4605269925973106,-42.78087347495248,0.7617490053823937,ground_x_z,4.592415062899896,True,28.2444642456498,0.0,0,130,26.31780028111071,8,2,-24.23174285888672,11.44384765625,35.67559051513672,14.661328617378139,1.0,-0.044211202591630056,0.038871735406680465,-1.7691886519527007,1.1172278941676852,False,0.8388774567532871,0,False,False,False,0.0,0.0,0.0,False,True,True,True,False,left,0.0,0.0,ground_x_z,-6.147935590093759,25.07339555528048,-55.60116724045494,-31.180684769033206,-30.559825258307797,-30.559825258307797,,-55.60116724045494,False,False,continue_block,0.0,0.0
WIN_20260919_18_11_50_Pro_flip.mp4,130,6.49545318277206,0.049965024482862,20.014,0.7840834715551385,-59.430302832792954,-57.614017443230594,0.5,0.0,0.5,0.0,0.0,0.0,0.0,67.25900000310503,0.020100007532164454,0.05050000618211925,66.0,False,-23.247406005859375,-5.905901686844169,-59.430302832792954,31.415532936019126,0.7840834715551385,3,0.0,0.0,False,0.0,0.0,0.0,0.0,0.0,0.0,False,0.0,0.0,0.0,True,0.7840834715551385,0.0,0.25,False,0.049965024482862,-5.905901686844169,25.07339555528048,-59.430302832792954,True,1.0720063541852616,-57.614017443230594,True,0.2824244812960268,8.120521615878719,16,1.576600301858606,-45.43493172121825,1.0720063541852616,ground_x_z,4.961226887201895,True,28.2444642456498,0.0,0,131,23.30989198872364,8,2,-23.247406005859375,15.115812301635742,38.36321830749512,18.216612070895685,1.0,-0.031889826251244306,0.023580517581694306,-1.277559541267566,1.1184818740543336,False,0.8144300690103213,0,False,False,False,0.0,0.0,0.0,False,True,True,True,False,left,0.0,0.0,ground_x_z,-5.905901686844169,25.07339555528048,-57.614017443230594,-33.7376859637633,-31.180684769033206,-31.180684769033206,,-57.614017443230594,False,False,continue_block,0.0,0.0
WIN_20260919_18_11_50_Pro_flip.mp4,131,6.545418207254921,0.049965024482862,20.014,0.7802814312021786,-59.17381415405598,-57.31616277414878,0.5,0.0,0.5,0.0,0.0,0.0,0.0,70.79389999853447,0.01920000067912042,0.05470000905916095,69.0,False,-24.944814682006836,-6.344260486411865,-59.17381415405598,31.415532936019126,0.7802814312021786,3,0.0,0.0,False,0.0,0.0,0.0,0.0,0.0,0.0,False,0.0,0.0,0.0,True,0.7802814312021786,0.0,0.25,False,0.049965024482862,-6.344260486411865,25.07339555528048,-59.17381415405598,True,1.1039657039404922,-57.31616277414878,True,0.2909923778868335,8.120521615878719,16,1.5586270457874862,-45.451659724688916,1.1039657039404922,ground_x_z,4.899113680736281,True,28.2444642456498,0.0,0,132,23.207881971794453,8,2,-24.944814682006836,12.983890533447266,37.9287052154541,21.173426042579447,1.0,-0.019556415147207223,0.03603323216286291,-0.7843284985569456,1.1197181064435486,False,0.8167302613304381,0,False,False,False,0.0,0.0,0.0,False,True,True,True,False,left,0.0,0.0,ground_x_z,-6.344260486411865,25.07339555528048,-57.31616277414878,-33.029521741360874,-33.029521741360874,-33.029521741360874,,-57.31616277414878,False,False,continue_block,0.0,0.0
WIN_20260919_18_11_50_Pro_flip.mp4,132,6.595383231737784,0.049965024482862,20.014,0.7904511861051043,-58.60729990474247,-56.70640596318672,0.5,0.0,0.5,0.0,0.0,0.0,0.0,67.1483000041917,0.025899993488565087,0.05979998968541622,62.0,False,-26.119096755981445,-6.650280993295517,-58.60729990474247,31.415532936019126,0.7904511861051043,3,0.0,0.0,False,0.0,0.0,0.0,0.0,0.0,0.0,False,0.0,0.0,0.0,True,0.7904511861051043,0.0,0.25,False,0.049965024482862,-6.650280993295517,25.07339555528048,-58.60729990474247,True,1.0131981306450808,-56.70640596318672,True,0.26771480036952167,8.120521615878719,16,1.5227254906958574,-44.850051506493294,1.0131981306450808,ground_x_z,4.784890587853481,True,28.2444642456498,0.0,0,133,22.98224112267304,8,2,-26.119096755981445,10.962514877319336,37.08161163330078,23.55965388118765,1.0,-0.007579063927844561,0.04645747099291351,-0.304319473941869,1.121021979882137,False,0.8256513245619037,0,False,False,False,0.0,0.0,0.0,False,True,True,True,False,left,0.0,0.0,ground_x_z,-6.650280993295517,25.07339555528048,-56.70640596318672,-32.051583812636146,-33.029521741360874,-33.029521741360874,,-56.70640596318672,False,False,continue_block,0.0,0.0
WIN_20260919_18_11_50_Pro_flip.mp4,133,6.645348256220646,0.049965024482862,20.014,0.79728741610226,-56.59186122107127,-54.480582830538864,0.5,0.0,0.5,0.0,0.0,0.0,0.0,66.53829998685978,0.022599997464567423,0.05599998985417187,71.0,False,-29.335575103759766,-7.47795531880662,-56.59186122107127,31.415532936019126,0.79728741610226,3,0.0,0.0,False,0.0,0.0,0.0,0.0,0.0,0.0,False,0.0,0.0,0.0,True,0.79728741610226,0.0,0.25,False,0.049965024482862,-7.47795531880662,25.07339555528048,-56.59186122107127,True,0.7172699598060499,-54.480582830538864,True,0.18909462258786522,8.120521615878719,16,1.4009437967852647,-42.62742876660245,0.7172699598060499,ground_x_z,4.401820238442391,True,28.2444642456498,0.0,0,134,13.26905850828259,8,2,-29.335575103759766,4.971738815307617,34.30731391906738,25.171802886869607,1.0,0.007661619713448836,0.07650372523304391,0.30806574583338586,1.1225941458238022,False,0.8475989057527765,0,False,False,False,0.0,0.0,0.0,False,True,True,True,False,left,0.0,0.0,ground_x_z,-7.47795531880662,25.07339555528048,-54.480582830538864,-28.76046050140559,-32.051583812636146,-32.051583812636146,,-54.480582830538864,False,False,continue_block,0.0,0.0
WIN_20260919_18_11_50_Pro_flip.mp4,134,6.695313280703508,0.049965024482862,20.014,0.7988793706841819,-55.58304125282393,-53.40502866315455,0.5,0.0,0.5,0.0,0.0,0.0,0.0,66.7161000019405,0.020400009816512465,0.07789998198859394,73.0,False,-30.268903732299805,-7.726696490218073,-55.58304125282393,31.415532936019126,0.7988793706841819,3,0.0,0.0,False,0.0,0.0,0.0,0.0,0.0,0.0,False,0.0,0.0,0.0,True,0.7988793706841819,0.0,0.25,False,0.049965024482862,-7.726696490218073,25.07339555528048,-55.58304125282393,True,0.5656005622774171,-53.40502866315455,True,0.14890774232681067,8.120521615878719,16,1.3467480649938737,-41.4990782068761,0.5656005622774171,ground_x_z,4.25550897771298,True,28.2444642456498,0.0,0,135,1.8136090501497693,7,2,-30.268903732299805,2.937122344970703,33.20602607727051,26.376936365429742,1.0,0.02188235580991217,0.08620982285051265,0.88108011036365,1.124142262907326,False,0.857509046868934,0,False,False,False,0.0,0.0,0.0,False,True,True,True,False,left,0.0,0.0,ground_x_z,-7.726696490218073,25.07339555528048,-53.40502866315455,-27.33277836291063,-28.76046050140559,-32.98769017467199,-8.454459346532797,-55.97980577503057,True,False,continue_block,0.0,0.0
WIN_20260919_18_11_50_Pro_flip.mp4,135,6.745278305186369,0.049965024482862,20.014,0.8017907299313007,-54.6121037030449,-52.346634621369226,0.5,0.0,0.5,0.0,0.0,0.0,0.0,74.71649997751229,0.02479998511262238,0.08359999628737569,80,False,-31.60693359375,-8.079380354980977,-54.6121037030449,31.415532936019126,0.8017907299313007,3,0.0,0.0,False,0.0,0.0,0.0,0.0,0.0,0.0,False,0.0,0.0,0.0,True,0.8017907299313007,0.0,0.25,False,0.049965024482862,-8.079380354980977,25.07339555528048,-54.6121037030449,True,0.545776429438787,-52.346634621369226,True,0.14421441285601777,8.120521615878719,16,1.2960275835772073,-40.61293370420796,0.545776429438787,ground_x_z,4.081956632751622,True,28.2444642456498,0.0,0,136,1.8583483959597242,6,2,-31.60693359375,0.3154563903808594,31.92238998413086,27.20875440823491,1.0,0.03585479224489212,0.0991455279854142,1.4456203924439475,1.1256594176491796,False,0.8655784239596752,0,False,False,False,0.0,0.0,0.0,False,True,True,True,False,left,0.0,0.0,ground_x_z,-8.079380354980977,25.07339555528048,-52.346634621369226,-25.851289427609995,-27.33277836291063,-22.84106586049199,8.983425004837278,-47.68635948790868,True,False,continue_block,0.0,0.0
WIN_20260919_18_11_50_Pro_flip.mp4,136,6.795243329669232,0.049965024482862,20.014,0.80312378326385,-54.2439851378495,-51.96070780745313,0.5,0.0,0.5,0.0,0.0,0.0,0.0,67.30229998356663,0.018699996871873736,0.08230001549236476,80,False,-32.357269287109375,-8.282352761376579,-54.2439851378495,31.415532936019126,0.80312378326385,3,0.0,0.0,False,0.0,0.0,0.0,0.0,0.0,0.0,False,0.0,0.0,0.0,True,0.80312378326385,0.0,0.25,False,0.049965024482862,-8.282352761376579,25.07339555528048,-54.2439851378495,True,0.4948186850733851,-51.96070780745313,True,0.130889535587103,8.120521615878719,16,1.2781339640500367,-40.349102230556895,0.4948186850733851,ground_x_z,4.024809467226423,True,28.2444642456498,0.0,0,137,1.7291096693211114,5,2,-32.357269287109375,-0.8700580596923828,31.487211227416992,27.850522931112224,1.0,0.04842497854287264,0.1054578138318395,1.9550134330807258,1.127146229296196,False,0.8699179988090581,0,False,False,False,0.0,0.0,0.0,False,True,True,True,False,left,0.0,0.0,ground_x_z,-8.282352761376579,25.07339555528048,-51.96070780745313,-25.24592782774901,-25.851289427609995,-19.204267979159802,13.294042896900383,-46.756411015160424,True,False,continue_block,0.0,0.0
WIN_20260919_18_11_50_Pro_flip.mp4,137,6.845208354152094,0.049965024482862,20.014,0.8008129124279765,-54.58057433739926,-52.38414549531879,0.5,0.0,0.5,0.0,0.0,0.0,0.0,65.29840000439435,0.03290001768618822,0.1073999737855047,80,False,-31.684955596923828,-8.120968834537871,-54.58057433739926,31.415532936019126,0.8008129124279765,3,0.0,0.0,False,0.0,0.0,0.0,0.0,0.0,0.0,False,0.0,0.0,0.0,True,0.8008129124279765,0.0,0.25,False,0.049965024482862,-8.120968834537871,25.07339555528048,-54.58057433739926,True,0.5282695073344705,-52.38414549531879,True,0.1398556002535751,8.120521615878719,16,1.2977834335898812,-40.68301300664154,0.5282695073344705,ground_x_z,4.093253623285183,True,28.2444642456498,0.0,0,138,1.674644353374866,4,2,-31.684955596923828,0.24374771118164062,31.92870330810547,28.46224998766121,1.0,0.05765094845601396,0.0996362540249169,2.330493095227802,1.1286033047102721,False,0.8653621002964025,0,False,False,False,0.0,0.0,0.0,False,True,True,True,False,left,0.0,0.0,ground_x_z,-8.120968834537871,25.07339555528048,-52.38414549531879,-25.853311509044108,-25.851289427609995,-19.187411401021162,13.327756053177668,-47.17984870302608,True,False,continue_block,0.0,0.0
WIN_20260919_18_11_50_Pro_flip.mp4,138,6.895173378634956,0.049965024482862,20.014,0.7997111171945133,-54.89393935386001,-52.76130956117249,0.5,0.0,0.5,0.0,0.0,0.0,0.0,65.4379999905359,0.02449998282827437,0.12599999899975955,80.0,False,-31.556148529052734,-8.09840932393824,-54.89393935386001,31.415532936019126,0.7997111171945133,3,0.0,0.0,False,0.0,0.0,0.0,0.0,0.0,0.0,False,0.0,0.0,0.0,True,0.7997111171945133,0.0,0.25,False,0.049965024482862,-8.09840932393824,25.07339555528048,-54.89393935386001,True,0.5696455645079019,-52.76130956117249,True,0.15108868607570589,8.120521615878719,16,1.3156056518300814,-41.10142423403232,0.5696455645079019,ground_x_z,4.149819621591423,True,28.2444642456498,0.0,0,139,0.8594215322481057,3,2,-31.556148529052734,0.7489814758300781,32.30513000488281,29.038681990244452,1.0,0.06482018323864158,0.09755544468884718,2.6236188954566333,1.1300312386160667,False,0.8612084664321302,0,False,False,False,0.0,0.0,0.0,False,True,True,True,False,left,0.0,0.0,ground_x_z,-8.09840932393824,25.07339555528048,-52.76130956117249,-26.284924889871238,-25.853311509044108,-17.369152550268296,16.968317917551623,-46.69117858920308,True,False,continue_block,0.0,0.0
WIN_20260919_18_13_14_Pro_flip.mp4,0,0.0,0.04995004995004995,20.02,0.9744698368898032,31.456614197206513,29.84897902464104,0.5,0.5,0.5,0.2738372932272172,1.0,0.0,0.5,59.06130000948906,0.032199983252212405,0.04099999205209315,80,False,-31.17073949983721,-7.081224671795365,31.456614197206513,25.438093068530485,0.9744698368898032,0,0.0,0.0,False,0.0,0.0,0.0,0.0,1.0,-30.75,True,0.7195070001085275,0.005304060825118727,0.08747293953855209,True,0.9744698368898032,0.0,0.25,False,0.04995004995004995,-7.081224671795365,25.438093068530485,31.456614197206513,True,0.0874729395385526,29.84897902464104,True,0.019795243847171563,2.1755637053852546,10,-0.5738411834664736,7.262509395664985,0.0874729395385526,ground_x_z,0.0,False,25.438093068530485,0.9993152779285105,0,1,0.0,0,1,-32.25,-32.25,-1.079260500162789,-0.16188907502441838,0.0599589166757105,0.19783884061511023,0.19783884061511023,7.081224671795365,0.9993020289102635,False,1.0,0,False,False,False,0.0,0.0,0.0,False,True,True,True,False,left,0.0,0.0,ground_x_z,-7.081224671795365,25.438093068530485,29.84897902464104,22.95349172908869,22.95349172908869,22.95349172908869,,29.84897902464104,False,False,new_block,0.5,0.2738372932272172
WIN_20260919_18_13_14_Pro_flip.mp4,1,0.04995004995004995,0.04995004995004995,20.02,0.9743778091504796,32.55244861690912,30.78701772353798,0.5,0.5,0.5,0.2738372932272172,0.95004995,0.0,0.4500499500499501,58.54419997194782,0.048699992476031184,0.052799994591623545,80,False,-30.83096768338867,-7.000129134002929,32.55244861690912,25.438093068530485,0.9743778091504796,0,0.0,0.0,False,0.0,0.0,0.0,0.0,1.0,-30.375,True,0.7194045025300485,0.0054225211899202016,0.14924050144892628,True,0.9743778091504796,0.0,0.25,False,0.04995004995004995,-7.000129134002929,25.438093068530485,32.55244861690912,True,0.149240501448927,30.78701772353798,True,0.03375622460306632,2.1755637053852546,10,-0.5958125800042626,7.902295523533543,0.149240501448927,ground_x_z,0.0,False,25.438093068530485,0.999172920180623,0,2,0.0,0,1,-32.0,-32.0,-1.1690323166113288,-0.312960561262455,0.06494623981174048,0.19738928692859053,0.19567176523880733,7.06157322433584,0.9987984100358757,False,1.0,0,False,False,False,0.0,0.0,0.0,False,True,True,True,False,left,0.0,0.0,ground_x_z,-7.000129134002929,25.438093068530485,30.78701772353798,23.39757752265965,23.17553462587417,23.17553462587417,,30.78701772353798,False,False,minimum_hold,0.4500499500499501,0.2738372932272172
WIN_20260919_18_13_14_Pro_flip.mp4,2,0.0999000999000999,0.04995004995004995,20.02,0.9858308067230425,33.95112623856507,32.08901586674419,0.5,0.5,0.5,0.2738372932272172,0.9000999,0.0,0.4000999000999001,58.95649999729358,0.044800020987167954,0.05190001684240997,80,False,-31.81122193533824,-7.21919492945805,33.95112623856507,25.438093068530485,0.9858308067230425,0,0.0,0.0,False,0.0,0.0,0.0,0.0,1.0,-31.25,True,0.7193890323308826,0.005611598900261708,0.13816985594154937,True,0.9858308067230425,0.0,0.25,False,0.04995004995004995,-7.21919492945805,25.438093068530485,33.95112623856507,True,0.13816985594155032,32.08901586674419,True,0.03137342681165057,2.1755637053852546,10,-0.6270317019422723,8.44863056615899,0.13816985594155032,ground_x_z,0.0,False,25.438093068530485,0.9991514337928925,0,3,0.7336018285548184,0,1,-33.25,-33.25,-1.4387780646617614,-0.481833186772351,0.07993211470343119,0.1985550677323208,0.2018949868430563,7.099768848176671,0.9983048635389755,False,1.0,0,False,False,False,0.0,0.0,0.0,False,True,True,True,False,left,0.0,0.0,ground_x_z,-7.21919492945805,25.438093068530485,32.08901586674419,24.342271006952753,23.39757752265965,23.39757752265965,,32.08901586674419,False,False,minimum_hold,0.4000999000999001,0.2738372932272172
WIN_20260919_18_13_14_Pro_flip.mp4,3,0.14985014985014986,0.04995004995004995,20.02,0.9785596439748797,34.21247747448282,32.37565436720493,0.5,0.5,0.5,0.2738372932272172,0.85014985,0.0,0.3501498501498501,60.15890001435764,0.04010001430287957,0.043899985030293465,80,False,-32.83125157401229,-7.4472944397443595,34.21247747448282,25.438093068530485,0.9785596439748797,0,0.0,0.0,True,86.61770918012668,-60.49311540868483,248.8631045068292,117.0,1.0,-32.375,True,0.7192298006078216,0.0066838787949819595,0.0996204919895592,True,0.9785596439748797,0.0,0.25,False,0.04995004995004995,-7.4472944397443595,25.438093068530485,34.21247747448282,True,0.09962049198956245,32.37565436720493,True,0.022510559184303627,2.1755637053852546,10,-0.6340234172008626,8.410068457766535,0.09962049198956245,ground_x_z,0.0,False,25.438093068530485,0.9989302786219745,0,4,0.8400007439463899,0,1,-34.0,-34.0,-1.1687484259877081,-0.5848704726546545,0.06493046811042823,0.2009953554039607,0.20836235568067096,7.1839828640083745,0.9978820705398378,False,1.0,0,False,True,False,0.0,110.61770918012668,64.61770918012668,,True,True,True,False,left,0.0,0.0,ground_x_z,-7.4472944397443595,25.438093068530485,32.37565436720493,24.721455237162598,24.342271006952753,24.342271006952753,,32.37565436720493,False,False,minimum_hold,0.3501498501498501,0.2738372932272172
WIN_20260919_18_13_14_Pro_flip.mp4,4,0.1998001998001998,0.04995004995004995,20.02,0.9785596439748797,33.95112623856507,32.12991022492576,0.5,0.5,0.5,0.2738372932272172,0.8001998,0.0,0.3001998001998002,55.93249999219552,0.03880000440403819,0.047600013203918934,80,False,-32.92115620622494,-7.464522800935035,33.95112623856507,25.438093068530485,0.9785596439748797,0,0.0,0.0,True,87.04216721839748,-60.93780560214793,247.1288010329015,115.0,1.0,-32.5,True,0.7192291958500382,0.006773769157516935,0.08118441408859282,True,0.9785596439748797,0.0,0.25,False,0.04995004995004995,-7.464522800935035,25.438093068530485,33.95112623856507,True,0.08118441408859689,32.12991022492576,True,0.01836310008675761,2.1755637053852546,10,-0.6280265092588897,8.252881955684753,0.08118441408859689,ground_x_z,0.0,False,25.438093068530485,0.9989294386806086,0,5,0.728849537350604,0,1,-34.0,-34.0,-1.0788437937750572,-0.658966470822715,0.05993576632083651,0.20298164770258628,0.2089311269447218,7.251964604815411,0.9974677334006828,False,1.0,0,False,True,False,0.0,111.04216721839748,65.04216721839748,,True,True,True,False,left,0.0,0.0,ground_x_z,-7.464522800935035,25.438093068530485,32.12991022492576,24.598355559359184,24.598355559359184,24.598355559359184,,32.12991022492576,False,False,minimum_hold,0.3001998001998002,0.2738372932272172
WIN_20260919_18_13_14_Pro_flip.mp4,5,0.24975024975024976,0.04995004995004995,20.02,0.9817735595048921,33.88553621361698,32.039342196365844,0.5,0.5,0.5,0.2738372932272172,0.75024975,0.0,0.25024975024975027,56.55290000140667,0.03759999526664615,0.048200017772614956,80,False,-32.511004179552266,-7.368145419426748,33.88553621361698,25.438093068530485,0.9817735595048921,0,0.0,0.0,True,88.76900979978438,-62.4171968479119,244.0266803488969,107.0,1.0,-32.125,True,0.7192696875983513,0.006107762583237297,0.15423319612806757,True,0.9817735595048921,0.0,0.25,False,0.04995004995004995,-7.368145419426748,25.438093068530485,33.88553621361698,True,0.15423319612806685,32.039342196365844,True,0.03486808576586975,2.1755637053852546,10,-0.625824523621215,8.263877805735197,0.15423319612806685,ground_x_z,0.0,False,25.438093068530485,0.9989856772199325,0,6,0.6772165499112469,0,1,-33.5,-33.5,-0.9889958204477338,-0.7084708732664678,0.05494421224709632,0.20386509318718984,0.20633012214020657,7.280118079547685,0.9970008004364865,False,1.0,0,False,True,False,0.0,112.76900979978438,66.76900979978438,,True,True,True,False,left,0.0,0.0,ground_x_z,-7.368145419426748,25.438093068530485,32.039342196365844,24.45565054207159,24.598355559359184,24.598355559359184,,32.039342196365844,False,False,minimum_hold,0.25024975024975027,0.2738372932272172
WIN_20260919_18_13_14_Pro_flip.mp4,6,0.2997002997002997,0.04995004995004995,20.02,0.9743796653399132,31.939265846065126,30.242179785981165,0.5,0.5,0.5,0.2738372932272172,0.7002997,0.0,0.20029970029970023,47.90899998624809,0.03339999238960445,0.0447999918833375,80,False,-31.49119264579557,-7.13352847914971,31.939265846065126,25.438093068530485,0.9743796653399132,0,0.0,0.0,True,90.09544407719312,-63.34182580356157,244.11757425742576,101.0,1.0,-31.0,True,0.7193184881168144,0.006188702087987992,0.11078234188140115,True,0.9743796653399132,0.0,0.25,False,0.04995004995004995,-7.13352847914971,25.438093068530485,31.939265846065126,True,0.11078234188140039,30.242179785981165,True,0.02505898715135416,2.1755637053852546,10,-0.582999869446461,7.424817405159017,0.11078234188140039,ground_x_z,0.0,False,25.438093068530485,0.9990534557177978,0,7,0.8022071994813939,0,1,-32.75,-32.75,-1.2588073542044285,-0.791021345407162,0.06993374190024602,0.20297584111035313,0.19986400646754848,7.244595806574951,0.9964827017163449,False,1.0,0,False,True,False,0.0,114.09544407719312,68.09544407719312,,True,True,True,False,left,0.0,0.0,ground_x_z,-7.13352847914971,25.438093068530485,30.242179785981165,23.22234889725104,24.45565054207159,24.45565054207159,,30.242179785981165,False,False,minimum_hold,0.20029970029970023,0.2738372932272172
WIN_20260919_18_13_14_Pro_flip.mp4,7,0.34965034965034963,0.04995004995004995,20.02,0.9993596949713883,32.280945083361885,30.515464548458915,0.5,0.5,0.5,0.2738372932272172,0.65034965,0.0,0.1503496503496503,48.6871000030078,0.03779999678954482,0.0686999992467463,80,False,-31.671307559158926,-7.170329323652307,32.280945083361885,25.438093068530485,0.9993596949713883,0,0.0,0.0,True,90.54371644959028,-64.22187234941873,237.76488469601676,99.0,1.0,-31.25,True,0.7191282938940482,0.005300394726419418,0.27413776673693413,True,0.9993596949713883,0.0,0.25,False,0.04995004995004995,-7.170329323652307,25.438093068530485,32.280945083361885,True,0.2741377667369362,30.515464548458915,True,0.061932434287337655,2.1755637053852546,10,-0.5894086323475193,7.6162314116886085,0.2741377667369362,ground_x_z,0.0,False,25.438093068530485,0.998789297075067,0,8,0.6766424370447934,0,1,-32.75,-32.75,-1.078692440841074,-0.8341720097222488,0.05992735782450412,0.20258706893489214,0.20100962559065993,7.226599207416888,0.9959148351957189,False,1.0,0,False,True,False,0.0,114.54371644959028,68.54371644959028,,True,True,True,False,left,0.0,0.0,ground_x_z,-7.170329323652307,25.438093068530485,30.515464548458915,23.410034334775496,23.410034334775496,23.644697079990895,0.4693254904307952,30.61693890999835,True,False,minimum_hold,0.1503496503496503,0.2738372932272172
WIN_20260919_18_13_14_Pro_flip.mp4,8,0.3996003996003996,0.04995004995004995,20.02,0.9882488919955655,32.55244861690912,30.74446521570188,0.5,0.5,0.5,0.2738372932272172,0.6003996,0.0,0.10039960039960039,52.4013000249397,0.03290001768618822,0.06739998934790492,80,False,-31.671171020455645,-7.1662652684482175,32.55244861690912,25.438093068530485,0.9882488919955655,0,0.0,0.0,True,90.54371644959028,-64.07964336519397,239.3643828586092,99.0,1.0,-31.25,True,0.7192193196962386,0.00567447550635947,0.21742292260184615,True,0.9882488919955655,0.0,0.25,False,0.04995004995004995,-7.1662652684482175,25.438093068530485,32.55244861690912,True,0.2174229226018434,30.74446521570188,True,0.049041240512919006,2.1755637053852546,10,-0.5948066971426738,7.742896791846717,0.2174229226018434,ground_x_z,0.0,False,25.438093068530485,0.9989157218003315,0,9,0.4997528374944727,0,1,-32.75,-32.75,-1.0788289795443546,-0.8708705551955647,0.059934943308019704,0.2022902456963992,0.20100801744810579,7.211978807035505,0.9953583260055053,False,1.0,0,False,True,False,0.0,114.54371644959028,68.54371644959028,,True,True,True,False,left,0.0,0.0,ground_x_z,-7.1662652684482175,25.438093068530485,30.74446521570188,23.533946035192137,23.410034334775496,23.517928878676194,0.21578908780139633,30.487519565720618,True,False,minimum_hold,0.10039960039960039,0.2738372932272172
WIN_20260919_18_13_14_Pro_flip.mp4,9,0.44955044955044954,0.04995004995004995,20.02,0.9883679212002596,32.348974174418075,30.549789996727622,0.5,0.5,0.5,0.2738372932272172,0.55044955,0.0,0.05044955044955046,51.76770000252873,0.04020001506432891,0.07749997894279659,80,False,-31.671113767084897,-7.162301695182586,32.348974174418075,25.438093068530485,0.9883679212002596,0,0.0,0.0,True,90.09544407719312,-63.672638456786466,240.3787656321199,101.0,1.0,-31.25,True,0.7192574886100704,0.005647034963804424,0.20338052110179183,True,0.9883679212002596,0.0,0.25,False,0.04995004995004995,-7.162301695182586,25.438093068530485,32.348974174418075,True,0.20338052110179178,30.549789996727622,True,0.045855983298751186,2.1755637053852546,10,-0.5902161357823417,7.6271124391373695,0.20338052110179178,ground_x_z,0.0,False,25.438093068530485,0.9989687341806534,0,10,0.49813284439063854,0,1,-32.75,-32.75,-1.078886232915103,-0.9020729068534954,0.05993812405083906,0.20206330471958941,0.20100697858611952,7.199940818508723,0.9948129469990961,False,1.0,0,False,True,False,0.0,114.09544407719312,68.09544407719312,,True,True,True,False,left,0.0,0.0,ground_x_z,-7.162301695182586,25.438093068530485,30.549789996727622,23.421426664217265,23.421426664217265,23.442208779097204,0.04156422975987554,30.096748782970717,True,False,minimum_hold,0.05044955044955046,0.2738372932272172
WIN_20260919_18_13_14_Pro_flip.mp4,10,0.4995004995004995,0.04995004995004995,20.02,0.9819604218295208,33.15736641221375,31.27111637045148,0.5,0.5,0.5,0.2738372932272172,0.5004995,0.0,0.0004995004995005381,52.415299986023456,0.0399000127799809,0.08730002446100116,80,False,-31.76086888384756,-7.178939776863608,33.15736641221375,25.438093068530485,0.9819604218295208,0,0.0,0.0,True,89.20812227029131,-62.83816792548382,242.74584935975463,105.0,1.0,-31.375,True,0.7193680844744996,0.005912506201426559,0.11381803659590524,True,0.9819604218295208,0.0,0.25,False,0.04995004995004995,-7.178939776863608,25.438093068530485,33.15736641221375,True,0.11381803659589854,31.27111637045148,True,0.025657704392268745,2.1755637053852546,10,-0.6073192684692209,8.010012030450927,0.11381803659589854,ground_x_z,0.0,False,25.438093068530485,0.9991223395479162,0,11,0.4648683575604853,0,1,-32.75,-32.75,-0.9891311161524392,-0.915131638248337,0.05495172867513551,0.20201680674214864,0.20157003093381773,7.194851748533743,0.9943386053477022,False,1.0,0,False,True,False,0.0,113.20812227029131,67.20812227029131,,True,True,True,False,left,0.0,0.0,ground_x_z,-7.178939776863608,25.438093068530485,31.27111637045148,23.841458966587876,23.533946035192137,23.183138327124105,-0.7016154161360635,30.247719625715227,True,False,minimum_hold,0.0004995004995005381,0.2738372932272172
WIN_20260919_18_13_14_Pro_flip.mp4,11,0.5494505494505495,0.04995004995004995,20.02,0.9770706665416311,32.68758796034649,30.844336806654756,0.5,0.5,0.5,0.25753954352465014,0.45054945,0.0,0.5,50.77319999691099,0.03950000973418355,0.27970000519417226,80,False,-31.58092920029362,-7.135274013803208,32.68758796034649,25.438093068530485,0.9770706665416311,0,0.0,0.0,True,88.76900979978438,-62.52704074595339,242.7666862399687,107.0,1.0,-31.125,True,0.7194281844346945,0.0055014694588189006,0.12492421945348005,True,0.9770706665416311,0.0,0.25,False,0.04995004995004995,-7.135274013803208,25.438093068530485,32.68758796034649,True,0.12492421945347576,30.844336806654756,True,0.028194122062499168,2.1755637053852546,10,-0.5971689326567517,7.777764430447313,0.12492421945347576,ground_x_z,0.0,False,25.438093068530485,0.9992058117148535,0,12,0.12072752348924083,0,1,-32.75,-32.75,-1.169070799706379,-0.9532225124670433,0.0649483777614655,0.20169346000504756,0.20042548865004067,7.180414595076407,0.9939342549445656,False,1.0,0,False,True,False,0.0,112.76900979978438,66.76900979978438,,True,True,True,False,left,0.0,0.0,ground_x_z,-7.135274013803208,25.438093068530485,30.844336806654756,23.559976407907858,23.559976407907858,22.301581740986006,-2.5167893338437053,29.306348703174198,True,True,new_block,0.5,0.25753954352465014
WIN_20260919_18_13_14_Pro_flip.mp4,12,0.5994005994005994,0.04995004995004995,20.02,0.9719639322618551,32.280945083361885,30.45576998160799,0.5,0.5,0.5,0.25753954352465014,0.4005994,0.0,0.4500499500499501,58.68490002467297,0.04430001717992127,0.05060000694356859,80,False,-31.351088674306943,-7.080453145187386,32.280945083361885,25.438093068530485,0.9719639322618551,0,0.0,0.0,True,90.09544407719312,-63.61435885923511,241.03743530475856,101.0,1.0,-31.0,True,0.7191290605544454,0.006754578811733219,0.15859229221975174,True,0.9719639322618551,0.0,0.25,False,0.04995004995004995,-7.080453145187386,25.438093068530485,32.280945083361885,True,0.15859229221975082,30.45576998160799,True,0.03575583038993074,2.1755637053852546,10,-0.5880056794889214,7.59814709006233,0.15859229221975082,ground_x_z,0.0,False,25.438093068530485,0.9987903618811742,0,13,0.13657302809059332,0,1,-32.25,-32.25,-0.8989113256930565,-0.9450758344509453,0.049939518094058694,0.20109321946411388,0.1989649276114375,7.156191472153172,0.9935379915494916,False,1.0,0,False,True,False,0.0,114.09544407719312,68.09544407719312,,True,True,True,False,left,0.0,0.0,ground_x_z,-7.080453145187386,25.438093068530485,30.45576998160799,23.289938495086627,23.424957451497242,23.424957451497242,,30.45576998160799,False,False,minimum_hold,0.4500499500499501,0.25753954352465014
WIN_20260919_18_13_14_Pro_flip.mp4,13,0.6493506493506493,0.04995004995004995,20.02,0.9883755686901575,33.15736641221375,31.2017753651632,0.5,0.5,0.5,0.25753954352465014,0.35064935,0.0,0.40009990009990015,57.0865000190679,0.0667999847792089,0.0577000027988106,80,False,-31.10101584562252,-7.020573777151127,33.15736641221375,25.438093068530485,0.9883755686901575,0,0.0,0.0,True,90.54371644959028,-63.931657114116945,241.02862688015526,99.0,1.0,-30.75,True,0.7191873235019833,0.005976601073560006,0.2072547839123218,True,0.9883755686901575,0.0,0.25,False,0.04995004995004995,-7.020573777151127,25.438093068530485,33.15736641221375,True,0.20725478391232718,31.2017753651632,True,0.04680332404175043,2.1755637053852546,10,-0.6056638787083555,8.102196955052174,0.20725478391232718,ground_x_z,0.0,False,25.438093068530485,0.9988712826416436,0,14,0.1765204583115405,0,1,-32.0,-32.0,-0.8989841543774801,-0.9381620824399255,0.04994356413208223,0.20027233141819625,0.19738339799757226,7.123327962267637,0.9930290192322027,False,1.0,0,False,True,False,0.0,114.54371644959028,68.54371644959028,,True,True,True,False,left,0.0,0.0,ground_x_z,-7.020573777151127,25.438093068530485,31.2017753651632,23.650374303111775,23.559976407907858,23.559976407907858,,31.2017753651632,False,False,minimum_hold,0.40009990009990015,0.25753954352465014
WIN_20260919_18_13_14_Pro_flip.mp4,14,0.6993006993006993,0.04995004995004995,20.02,0.9882488919955655,31.87062299529104,30.07326534828988,0.5,0.5,0.5,0.25753954352465014,0.3006993,0.0,0.35014985014985023,52.42979998001829,0.03369999467395246,0.04199999966658652,80,False,-31.670937772973645,-7.14572799800168,31.87062299529104,25.438093068530485,0.9882488919955655,0,0.0,0.0,True,90.54371644959028,-64.15965212368792,238.4646094200241,99.0,1.0,-31.25,True,0.7193748180175698,0.005397213198773448,0.16832508230603546,True,0.9882488919955655,0.0,0.25,False,0.04995004995004995,-7.14572799800168,25.438093068530485,31.87062299529104,True,0.16832508230603535,30.07326534828988,True,0.03794622701785332,2.1755637053852546,10,-0.5790564918466962,7.3605012342492415,0.16832508230603535,ground_x_z,0.0,False,25.438093068530485,0.9991316916910691,0,15,0.31003495319407254,0,1,-32.75,-32.75,-1.0790622270263555,-0.95929710412789,0.059947901501464194,0.2005256647911029,0.2010030710231442,7.128756042989485,0.9925302263612594,False,1.0,0,False,True,False,0.0,114.54371644959028,68.54371644959028,,True,True,True,False,left,0.0,0.0,ground_x_z,-7.14572799800168,25.438093068530485,30.07326534828988,23.14037092058382,23.289938495086627,23.289938495086627,,30.07326534828988,False,False,minimum_hold,0.35014985014985023,0.25753954352465014
WIN_20260919_18_13_14_Pro_flip.mp4,15,0.7492507492507493,0.04995004995004995,20.02,0.9881401623087911,32.822319474976325,30.922661174271425,0.5,0.5,0.5,0.25753954352465014,0.25074925,0.0,0.3001998001998003,54.66490000253543,0.04189999890513718,0.05160001455806196,80,False,-31.761138704612797,-7.1624903495762755,32.822319474976325,25.438093068530485,0.9881401623087911,0,0.0,0.0,True,90.09544407719312,-63.89305986504088,237.88758685056519,101.0,1.0,-31.375,True,0.7191718511906907,0.005885329365229825,0.22087978356535812,True,0.9881401623087911,0.0,0.25,False,0.04995004995004995,-7.1624903495762755,25.438093068530485,32.822319474976325,True,0.22087978356535518,30.922661174271425,True,0.049728348275960677,2.1755637053852546,10,-0.5990249603914175,7.780980910286713,0.22087978356535518,ground_x_z,0.0,False,25.438093068530485,0.9988497933204038,0,16,0.31006082890095793,0,1,-32.75,-32.75,-0.9888612953872027,-0.9637317328167869,0.05493673863262237,0.20085453066843673,0.20157385558057492,7.136930696879451,0.9920414093477351,False,1.0,0,False,True,False,0.0,114.09544407719312,68.09544407719312,,True,True,True,False,left,0.0,0.0,ground_x_z,-7.1624903495762755,25.438093068530485,30.922661174271425,23.630037222956968,23.630037222956968,23.630037222956968,,30.922661174271425,False,False,minimum_hold,0.3001998001998003,0.25753954352465014
WIN_20260919_18_13_14_Pro_flip.mp4,16,0.7992007992007992,0.04995004995004995,20.02,0.9771547469698533,31.664079849476842,29.873130644288807,0.5,0.5,0.5,0.25753954352465014,0.2007992,0.0,0.2502497502497504,59.535900014452636,0.11140000424347818,0.057600002037361264,80,False,-31.67108350003354,-7.138755816826462,31.664079849476842,25.438093068530485,0.9771547469698533,0,0.0,0.0,True,89.65025659572667,-63.07420913317875,243.6022214508851,103.0,1.0,-31.25,True,0.719277666644306,0.006066759416959121,0.15423319612806702,True,0.9771547469698533,0.0,0.25,False,0.04995004995004995,-7.138755816826462,25.438093068530485,31.664079849476842,True,0.15423319612806702,29.873130644288807,True,0.034757162061008824,2.1755637053852546,10,-0.5744016499742038,7.234878741791708,0.15423319612806702,ground_x_z,0.0,False,25.438093068530485,0.9989967592282029,0,17,0.3021325001545069,0,1,-32.75,-32.75,-1.0789164999664607,-0.981009447889238,0.05993980555369226,0.2009640197686439,0.20100295605163518,7.1373729684238825,0.9915623686744812,False,1.0,0,False,True,False,0.0,113.65025659572667,67.65025659572667,,True,True,True,False,left,0.0,0.0,ground_x_z,-7.138755816826462,25.438093068530485,29.873130644288807,23.0227312573134,23.14037092058382,23.14037092058382,,29.873130644288807,False,False,minimum_hold,0.2502497502497504,0.25753954352465014
WIN_20260919_18_13_14_Pro_flip.mp4,17,0.8491508491508492,0.04995004995004995,20.02,0.9770706665416311,32.68758796034649,30.7752489222499,0.5,0.5,0.5,0.25753954352465014,0.15084915,0.0,0.20029970029970046,56.56070000259206,0.04149999585933983,0.05639999289996922,80,False,-31.58092920029362,-7.115628510983113,32.68758796034649,25.438093068530485,0.9770706665416311,0,0.0,0.0,True,89.20812227029131,-62.88185409148165,242.24720204201844,105.0,1.0,-31.125,True,0.7194281844346945,0.005501469458818882,0.12492421945348005,True,0.9770706665416311,0.0,0.25,False,0.04995004995004995,-7.115628510983113,25.438093068530485,32.68758796034649,True,0.12492421945347576,30.7752489222499,True,0.02811694584672343,2.1755637053852546,10,-0.5955342927024004,7.756474232986809,0.12492421945347576,ground_x_z,0.0,False,25.438093068530485,0.9992058117148535,0,18,0.2869569196321385,0,1,-32.75,-32.75,-1.169070799706379,-1.009218650661809,0.0649483777614655,0.20088632720712943,0.20042227754266762,7.132103750479649,0.991213543004809,False,1.0,0,False,True,False,0.0,113.20812227029131,67.20812227029131,,True,True,True,False,left,0.0,0.0,ground_x_z,-7.115628510983113,25.438093068530485,30.7752489222499,23.502378051454063,23.502378051454063,23.502378051454063,,30.7752489222499,False,False,minimum_hold,0.20029970029970046,0.25753954352465014
WIN_20260919_18_13_14_Pro_flip.mp4,18,0.8991008991008991,0.04995004995004995,20.02,0.9789181106453985,33.090560473867114,31.127937601109398,0.5,0.5,0.5,0.25753954352465014,0.1008991,0.0,0.15034965034965053,59.196599991992116,0.057199998991563916,0.09399998816661537,80,False,-31.920847633644556,-7.189397314178844,33.090560473867114,25.438093068530485,0.9789181106453985,0,0.0,0.0,True,88.76900979978438,-62.64239706727939,241.44346039046826,107.0,1.0,-31.5,True,0.7194349109036319,0.005492270203822572,0.1212310591266549,True,0.9789181106453985,0.0,0.25,False,0.04995004995004995,-7.189397314178844,25.438093068530485,33.090560473867114,True,0.12123105912665161,31.127937601109398,True,0.0271961846503997,2.1755637053852546,10,-0.6039038027983127,7.910924724654583,0.12123105912665161,ground_x_z,0.0,False,25.438093068530485,0.999215154032822,0,19,0.30487029711316666,0,1,-33.0,-33.0,-1.0791523663554443,-1.0197087080158542,0.05995290924196913,0.2013591164090449,0.20258231803129748,7.1459873930012066,0.9908111894333009,False,1.0,0,False,True,False,0.0,112.76900979978438,66.76900979978438,,True,True,True,False,left,0.0,0.0,ground_x_z,-7.189397314178844,25.438093068530485,31.127937601109398,23.77102131371603,23.502378051454063,23.774042816721767,0.5433295305354062,31.27308135890342,True,False,minimum_hold,0.15034965034965053,0.25753954352465014
WIN_20260919_18_13_14_Pro_flip.mp4,19,0.9490509490509491,0.04995004995004995,20.02,0.9722013078667995,32.95664352087667,31.005267735952142,0.5,0.5,0.5,0.25753954352465014,0.05094905,0.0,0.10039960039960061,56.34209999698214,0.03999998443759978,0.07420001202262938,80,False,-31.850700440525724,-7.170363822926053,32.95664352087667,25.438093068530485,0.9722013078667995,0,0.0,0.0,True,89.20812227029131,-63.17429263146229,238.9092187186182,105.0,1.0,-31.5,True,0.7194396475794197,0.004883603389296347,0.17837651700316967,True,0.9722013078667995,0.0,0.25,False,0.04995004995004995,-7.170363822926053,25.438093068530485,32.95664352087667,True,0.17837651700316892,31.005267735952142,True,0.04003679547010836,2.1755637053852546,10,-0.6009857584563704,7.8417160378389275,0.17837651700316892,ground_x_z,0.0,False,25.438093068530485,0.999221732749194,0,20,0.17019936294603608,0,1,-32.75,-32.75,-0.8992995594742759,-1.0016473357346174,0.04996108663745977,0.20161803596208205,0.2021387047545115,7.15189440274501,0.9903567531583358,False,1.0,0,False,True,False,0.0,113.20812227029131,67.20812227029131,,True,True,True,False,left,0.0,0.0,ground_x_z,-7.170363822926053,25.438093068530485,31.005267735952142,23.683909382516696,23.683909382516696,23.9555741477844,0.5433295305354062,31.308724716628888,True,False,minimum_hold,0.10039960039960061,0.25753954352465014
WIN_20260919_18_13_14_Pro_flip.mp4,20,0.999000999000999,0.04995004995004995,20.02,0.9769189540617843,31.801877732744696,29.962971621850624,0.5,0.5,0.5,0.25753954352465014,0.000999,0.0,0.05044955044955057,57.85330000799149,0.041000021155923605,0.08930001058615744,80,False,-31.760963792459854,-7.146979044793021,31.801877732744696,25.438093068530485,0.9769189540617843,0,0.0,0.0,True,89.65025659572667,-63.46205172376589,239.19709970394902,103.0,1.0,-31.375,True,0.7192990600291977,0.005436406750711092,0.20150945537631662,True,0.9769189540617843,0.0,0.25,False,0.04995004995004995,-7.146979044793021,25.438093068530485,31.801877732744696,True,0.20150945537631754,29.962971621850624,True,0.04528876833622149,2.1755637053852546,10,-0.5764889009783867,7.253468025500489,0.20150945537631754,ground_x_z,0.0,False,25.438093068530485,0.9990264722627747,0,21,0.1701502710392841,0,1,-32.75,-32.75,-0.9890362075401455,-0.9997556665054466,0.05494645597445253,0.2016751475624597,0.20157011065266126,7.150703290371041,0.9899114056088699,False,1.0,0,False,True,False,0.0,113.65025659572667,67.65025659572667,,True,True,True,False,left,0.0,0.0,ground_x_z,-7.146979044793021,25.438093068530485,29.962971621850624,23.08045001648233,23.683909382516696,23.739857073323904,0.11189538161441816,29.81514841821491,True,False,minimum_hold,0.05044955044955057,0.25753954352465014
WIN_20260919_18_13_14_Pro_flip.mp4,21,1.048951048951049,0.04995004995004995,20.02,0.9771519254451282,32.348974174418075,30.439335138224248,0.5,0.0,0.5,0.25753954352465014,0.0,2.45104895,0.0004995004995005381,59.36600000131875,0.05959998816251755,0.10559998918324709,80,False,-31.850765640707465,-7.163959162389133,32.348974174418075,25.438093068530485,0.9771519254451282,0,0.0,0.0,True,89.20812227029131,-63.05361986689422,240.28661472033352,105.0,1.0,-31.5,True,0.719387487434027,0.005222264805295099,0.1770978158070753,True,0.9771519254451282,0.0,0.25,False,0.04995004995004995,-7.163959162389133,25.438093068530485,32.348974174418075,True,0.17709781580707415,30.439335138224248,True,0.03971822408611745,2.1755637053852546,10,-0.5876197265849773,7.521742212572934,0.17709781580707415,ground_x_z,0.0,False,25.438093068530485,0.9991492881028153,0,22,0.17012348794366053,0,1,-32.75,-32.75,-0.8992343592925351,-0.98467747042351,0.049957464405140845,0.20185473910697668,0.20213813046760096,7.1539155148606355,0.9894749650103933,False,1.0,0,False,True,False,0.0,113.20812227029131,67.20812227029131,,True,True,True,False,left,0.0,0.0,ground_x_z,-7.163959162389133,25.438093068530485,30.439335138224248,23.36146683680249,23.36146683680249,23.417414527609697,0.11189538161441816,30.291511934588534,True,False,minimum_hold,0.0004995004995005381,0.25753954352465014
WIN_20260919_18_13_14_Pro_flip.mp4,22,1.098901098901099,0.04995004995004995,20.02,0.977338756851987,32.48472590122304,30.55606918941407,0.5,0.0,0.5,0.28403667092006224,0.0,2.4010989,0.5,59.473700006492436,0.03470000228844583,0.0906999921426177,80,False,-31.850784102551618,-7.160849234252252,32.48472590122304,25.438093068530485,0.977338756851987,0,0.0,0.0,True,89.20812227029131,-63.02763302232055,240.58323654665116,105.0,1.0,-31.5,True,0.7193727179587068,0.0055980972681909215,0.14974726182552472,True,0.977338756851987,0.0,0.25,False,0.04995004995004995,-7.160849234252252,25.438093068530485,32.48472590122304,True,0.14974726182552642,30.55606918941407,True,0.03359384655464484,2.1755637053852546,10,-0.5903639150636161,7.570488418188193,0.14974726182552642,ground_x_z,0.0,False,25.438093068530485,0.9991287749426484,0,23,0.1652768636741566,0,1,-32.75,-32.75,-0.8992158974483822,-0.9718582344772407,0.04995643874713234,0.20198946014729913,0.20213775713687607,7.15559572595526,0.9890472532238863,False,1.0,0,False,True,False,0.0,113.20812227029131,67.20812227029131,,True,True,True,False,left,0.0,0.0,ground_x_z,-7.160849234252252,25.438093068530485,30.55606918941407,23.423527405387144,23.36146683680249,23.441022247977575,0.15911082235017224,30.408245985778358,True,False,new_block,0.5,0.28403667092006224
WIN_20260919_18_13_14_Pro_flip.mp4,23,1.1488511488511488,0.04995004995004995,20.02,0.9859513099755913,33.75405307253462,31.672838419781804,0.5,0.0,0.5,0.28403667092006224,0.0,2.35114885,0.45004995004994996,55.20010000327602,0.03860000288113952,0.043100008042529225,80,False,-31.85079460752556,-7.157799581373812,33.75405307253462,25.438093068530485,0.9859513099755913,0,0.0,0.0,True,89.65025659572667,-63.4331204922272,239.52570104972648,103.0,1.0,-31.5,True,0.7193643139795505,0.005177261195153734,0.19188064472005104,True,0.9859513099755913,0.0,0.25,False,0.04995004995004995,-7.157799581373812,25.438093068530485,33.75405307253462,True,0.1918806447200494,31.672838419781804,True,0.04303573323401523,2.1755637053852546,10,-0.6169578929083899,8.239462445150048,0.1918806447200494,ground_x_z,0.0,False,25.438093068530485,0.9991171027493757,0,24,0.0648655025547932,0,1,-32.75,-32.75,-0.899205392474439,-0.9609603081768205,0.049955855137468835,0.20209018104598694,0.20213733664496006,7.15612977443863,0.9886280956731095,False,1.0,0,False,True,False,0.0,113.65025659572667,67.65025659572667,,True,True,True,False,left,0.0,0.0,ground_x_z,-7.157799581373812,25.438093068530485,31.672838419781804,24.04782573243955,23.735676568913348,23.735676568913348,,31.672838419781804,False,False,minimum_hold,0.45004995004994996,0.28403667092006224
WIN_20260919_18_13_14_Pro_flip.mp4,24,1.1988011988011988,0.04995004995004995,20.02,0.9903122935726908,37.78804162882715,35.27463903786901,0.5,0.0,0.5,0.28403667092006224,0.0,2.3011988,0.40009990009989993,59.943500004010275,0.10209999163635075,0.0557999883312732,80,False,-31.495670853391147,-7.069670897002069,37.78804162882715,31.415532936019126,0.9903122935726908,3,0.0,0.0,True,90.09544407719312,-63.97754149686495,236.93278463648835,101.0,1.0,-31.25,True,0.7192333104101193,0.005222644595502308,0.24246211825330288,True,0.9903122935726908,0.0,0.25,False,0.04995004995004995,-7.069670897002069,25.07339555528048,37.78804162882715,True,0.4151174420845544,35.27463903786901,True,0.0946822418866316,8.598081596079517,18,-0.7073751426240882,10.512431349498721,0.4151174420845544,ground_x_z,-2.3137362175329237,True,28.2444642456498,0.9989351533473879,0,25,0.1686593722011906,0,2,-32.125,-49.75,-18.254329146608853,-3.5549656339416256,1.0,0.21742241228954723,0.26509897656310133,7.6958539666466015,0.9882173212733482,False,0.9787878787878788,0,False,True,False,0.0,114.09544407719312,68.09544407719312,,True,True,True,False,left,0.0,0.0,ground_x_z,-7.069670897002069,25.07339555528048,35.27463903786901,26.29133506650537,24.04782573243955,24.04782573243955,,35.27463903786901,False,False,minimum_hold,0.40009990009989993,0.28403667092006224
WIN_20260919_18_13_14_Pro_flip.mp4,25,1.2487512487512489,0.04995004995004995,20.02,0.9804469487241293,37.74776222704576,35.22325412639947,0.5,0.0,0.5,0.28403667092006224,0.0,2.25124875,0.3501498501498499,58.13859999761917,0.040099985199049115,0.047999987145885825,80,False,-31.46059578748952,-7.0588860749572175,37.74776222704576,31.415532936019126,0.9804469487241293,3,0.0,0.0,True,90.09544407719312,-64.10060157314582,235.5419730392157,101.0,1.0,-31.25,True,0.719205616680639,0.006132811828746586,0.1852516715664993,True,0.9804469487241293,0.0,0.25,False,0.04995004995004995,-7.0588860749572175,25.07339555528048,37.74776222704576,True,0.3598544014854908,35.22325412639947,True,0.08220316202054714,8.598081596079517,18,-0.7060304010982209,10.488434271278436,0.3598544014854908,ground_x_z,-2.331400750931842,True,28.2444642456498,0.9988966898342209,0,26,0.16456458513204134,0,2,-32.0,-49.875,-18.41440421251048,-5.783881420726955,1.0,0.22911605063831725,0.26540145499344775,8.106456808843934,0.987814762361582,False,0.9773071104387292,0,False,True,False,0.0,114.09544407719312,68.09544407719312,,True,True,True,False,left,0.0,0.0,ground_x_z,-7.0588860749572175,25.07339555528048,35.22325412639947,26.250511853779486,26.250511853779486,26.250511853779486,,35.22325412639947,False,False,minimum_hold,0.3501498501498499,0.28403667092006224
WIN_20260919_18_13_14_Pro_flip.mp4,26,1.2987012987012987,0.04995004995004995,20.02,0.9801407554581746,37.785950272753475,35.24447858642542,0.5,0.0,0.5,0.28403667092006224,0.0,2.2012987,0.30019980019979986,61.71629999880679,0.03540000761859119,0.04390001413412392,80,False,-31.460568464488997,-7.056044130575917,37.785950272753475,31.415532936019126,0.9801407554581746,3,0.0,0.0,True,90.09544407719312,-64.03400775304003,236.29460915085318,101.0,1.0,-31.25,True,0.7192420473480019,0.006302899196068797,0.14770978917520128,True,0.9801407554581746,0.0,0.25,False,0.04995004995004995,-7.056044130575917,25.07339555528048,37.785950272753475,True,0.3667186915802928,35.24447858642542,True,0.08398712532905468,8.598081596079517,18,-0.7065856379429698,10.516953912632651,0.3667186915802928,ground_x_z,-2.330434257484414,True,28.2444642456498,0.998947287983336,0,27,0.15958893582968958,0,2,-32.0,-49.875,-18.414431535511003,-7.678463937944563,1.0,0.23797785692591034,0.26539980942005803,8.416637584454685,0.9874202546280513,False,0.9773071104387292,0,False,True,False,0.0,114.09544407719312,68.09544407719312,,True,True,True,False,left,0.0,0.0,ground_x_z,-7.056044130575917,25.07339555528048,35.24447858642542,26.26064852000318,26.26064852000318,26.26064852000318,,35.24447858642542,False,False,minimum_hold,0.30019980019979986,0.28403667092006224
WIN_20260919_18_13_14_Pro_flip.mp4,27,1.3486513486513487,0.04995004995004995,20.02,0.9875595312736886,37.87768417203345,35.32612467155952,0.5,0.0,0.5,0.28403667092006224,0.0,2.15134865,0.2502497502497498,60.28949999017641,0.04500002251006663,0.05360000068321824,80,False,-31.620724630208144,-7.089180212826021,37.87768417203345,31.415532936019126,0.9875595312736886,3,0.0,0.0,True,90.09544407719312,-64.00883498956793,236.57910898565316,101.0,1.0,-31.375,True,0.7191718511906907,0.0058853293652298575,0.22087978356535812,True,0.9875595312736886,0.0,0.25,False,0.04995004995004995,-7.089180212826021,25.07339555528048,37.87768417203345,True,0.38039333063709774,35.32612467155952,True,0.0867060575222181,8.598081596079517,18,-0.708724232364019,10.538405538250593,0.38039333063709774,ground_x_z,-2.3262168421852865,True,28.2444642456498,0.9988497933204038,0,28,0.17492463478497433,0,2,-32.25,-50.0,-18.379275369791856,-9.283585652721657,1.0,0.24491690810929417,0.26632175233736777,8.658661619249074,0.9870336370491911,False,0.9787878787878788,0,False,True,False,0.0,114.09544407719312,68.09544407719312,,True,True,True,False,left,0.0,0.0,ground_x_z,-7.089180212826021,25.07339555528048,35.32612467155952,26.34025919358222,26.26064852000318,26.26064852000318,,35.32612467155952,False,False,minimum_hold,0.2502497502497498,0.28403667092006224
WIN_20260919_18_13_14_Pro_flip.mp4,28,1.3986013986013985,0.04995004995004995,20.02,0.9814448466731649,37.858381570893336,35.29985053486248,0.5,0.0,0.5,0.28403667092006224,0.0,2.1013986,0.2002997002996998,55.919300008099526,0.0501000031363219,0.0418000272475183,80,False,-31.71056684484054,-7.106546345308171,37.858381570893336,31.415532936019126,0.9814448466731649,3,0.0,0.0,True,89.65025659572667,-63.60312862242619,237.594746250869,103.0,1.0,-31.5,True,0.7192442068792801,0.00576189032212389,0.19999999999999787,True,0.9814448466731649,0.0,0.25,False,0.04995004995004995,-7.106546345308171,25.07339555528048,37.858381570893336,True,0.34428099265079076,35.29985053486248,True,0.07844838327553441,8.598081596079517,18,-0.7080355507039716,10.51330102355313,0.34428099265079076,ground_x_z,-2.315235102043424,True,28.2444642456498,0.9989502873323336,0,29,0.17947967165837028,0,2,-32.25,-50.0,-18.28943315515946,-10.634462778087329,1.0,0.25024364935210264,0.2666046793347369,8.843584361184167,0.9866547518219082,False,0.9787878787878788,0,False,True,False,0.0,113.65025659572667,67.65025659572667,,True,True,True,False,left,0.0,0.0,ground_x_z,-7.106546345308171,25.07339555528048,35.29985053486248,26.34044292306122,26.34025919358222,26.34025919358222,,35.29985053486248,False,False,minimum_hold,0.2002997002996998,0.28403667092006224
WIN_20260919_18_13_14_Pro_flip.mp4,29,1.4485514485514486,0.04995004995004995,20.02,0.9901350585360661,37.878031873903296,35.30477000000222,0.5,0.0,0.5,0.28403667092006224,0.0,2.05144855,0.15034965034964975,60.56400001398288,0.054899981478229165,0.07440001354552805,80,False,-31.530915894489084,-7.063673439304871,37.878031873903296,31.415532936019126,0.9901350585360661,3,0.0,0.0,True,90.09544407719312,-63.99078100721776,236.78315313050038,101.0,1.0,-31.25,True,0.7190841055109151,0.0058766331378482155,0.2543559900945327,True,0.9901350585360661,0.0,0.25,False,0.04995004995004995,-7.063673439304871,25.07339555528048,37.878031873903296,True,0.4003221733139046,35.30477000000222,True,0.09122080524537274,8.598081596079517,18,-0.7081644626878237,10.53615962339954,0.4003221733139046,ground_x_z,-2.3344188546223013,True,28.2444642456498,0.9987279243207154,0,30,0.11595373724433636,0,2,-32.25,-50.0,-18.469084105510916,-11.809655977200867,1.0,0.25414153531834177,0.26603447276863,8.977955299497436,0.9862834442991709,False,0.9787878787878788,0,False,True,False,0.0,114.09544407719312,68.09544407719312,,True,True,True,False,left,0.0,0.0,ground_x_z,-7.063673439304871,25.07339555528048,35.30477000000222,26.30393209328801,26.34025919358222,30.69465835324363,8.708798319322815,42.33073020676849,True,False,minimum_hold,0.15034965034964975,0.28403667092006224
WIN_20260919_18_13_14_Pro_flip.mp4,30,1.4985014985014986,0.04995004995004995,20.02,0.9804469487241293,37.61300526046403,35.04977637697501,0.5,0.0,0.5,0.28403667092006224,0.0,2.0014985,0.10039960039959972,56.860300013795495,0.046900007873773575,0.092999980552122,80,False,-31.46059578748952,-7.045265603097244,37.61300526046403,31.415532936019126,0.9804469487241293,3,0.0,0.0,True,90.54371644959028,-64.43803806387714,235.33389874068362,99.0,1.0,-31.25,True,0.719205616680639,0.006132811828746584,0.1852516715664993,True,0.9804469487241293,0.0,0.25,False,0.04995004995004995,-7.045265603097244,25.07339555528048,37.61300526046403,True,0.35686062200840235,35.04977637697501,True,0.08142003571141214,8.598081596079517,18,-0.7015030339475091,10.389999801828425,0.35686062200840235,ground_x_z,-2.3120682677944657,True,28.2444642456498,0.9988966898342209,0,31,0.1191142334946329,0,2,-32.0,-49.75,-18.28940421251048,-12.78161821249731,1.0,0.25683866118670445,0.26497847417445186,9.069888077378582,0.9859195629268883,False,0.9787878787878788,0,False,True,False,0.0,114.54371644959028,68.54371644959028,,True,True,True,False,left,0.0,0.0,ground_x_z,-7.045265603097244,25.07339555528048,35.04977637697501,26.13381975148735,26.30393209328801,29.881527464991372,7.155190743406724,40.890788196026676,True,False,minimum_hold,0.10039960039959972,0.28403667092006224
WIN_20260919_18_13_14_Pro_flip.mp4,31,1.5484515484515484,0.04995004995004995,20.02,0.9759923321161607,37.51604898491032,34.9507903534284,0.5,0.0,0.5,0.28403667092006224,0.0,1.95154845,0.050449550449549685,59.87929998082109,0.040799990529194474,0.08269998943433166,80,False,-31.460682978472256,-7.0427240153195925,37.51604898491032,31.415532936019126,0.9759923321161607,3,0.0,0.0,True,90.09544407719312,-64.23457048987972,234.02787091366304,101.0,1.0,-31.25,True,0.7190893620369903,0.006941791291901121,0.15787413475374046,True,0.9759923321161607,0.0,0.25,False,0.04995004995004995,-7.0427240153195925,25.07339555528048,37.51604898491032,True,0.36174953130175,34.9507903534284,True,0.08213896057552467,8.598081596079517,18,-0.6989283407726814,10.337850527739489,0.36174953130175,ground_x_z,-2.2818772420919977,True,28.2444642456498,0.9987352250513754,0,32,0.1191142392502179,0,2,-32.0,-49.5,-18.039317021527744,-13.570273033851876,1.0,0.2586800882340811,0.26414710189968066,9.13161135847302,0.9855629591820514,False,0.9758308157099698,0,False,True,False,0.0,114.09544407719312,68.09544407719312,,True,True,True,False,left,0.0,0.0,ground_x_z,-7.0427240153195925,25.07339555528048,34.9507903534284,26.07216516875376,26.13381975148735,29.07969353052066,5.8917475580666165,39.77981163221468,True,False,minimum_hold,0.050449550449549685,0.28403667092006224
WIN_20260919_18_13_14_Pro_flip.mp4,32,1.5984015984015985,0.04995004995004995,20.02,0.976089524043109,37.36282606707751,34.79356358209147,0.5,0.0,0.5,0.28403667092006224,0.0,1.9015984,0.0004995004994996499,55.45529999653809,0.032899988582357764,0.07890001870691776,80,False,-31.335557696588552,-7.01189585636008,37.36282606707751,31.415532936019126,0.976089524043109,3,0.0,0.0,True,90.99510588915571,-64.97228708242817,232.95034356882113,97.0,1.0,-31.125,True,0.7192564045486007,0.00652152867374499,0.1062444294439889,True,0.976089524043109,0.0,0.25,False,0.04995004995004995,-7.01189585636008,25.07339555528048,37.36282606707751,True,0.3356172458967611,34.79356358209147,True,0.07672529937973727,8.598081596079517,18,-0.6948515175908074,10.263606469031894,0.3356172458967611,ground_x_z,-2.251284783330734,True,28.2444642456498,0.9989672285397233,0,33,0.11040593164265065,0,2,-31.875,-49.125,-17.789442303411448,-14.203148424285812,0.988302350189525,0.2596910846220722,0.26251618322872994,9.163493837922832,0.9851537289086739,False,0.9803328290468987,0,False,True,False,0.0,114.99510588915571,68.99510588915571,,True,True,True,False,left,0.0,0.0,ground_x_z,-7.01189585636008,25.07339555528048,34.79356358209147,25.949578654986993,26.07216516875376,28.18733703038708,4.2303437232666425,38.26450345706033,True,False,minimum_hold,0.0004995004994996499,0.28403667092006224
WIN_20260919_18_13_14_Pro_flip.mp4,33,1.6483516483516485,0.04995004995004995,20.02,0.9801381187908981,37.335669672202776,34.74919857291699,0.5,0.0,0.5,0.28403667092006224,0.0,1.85164835,0.0,57.21759999869391,0.04220000118948519,0.10119998478330672,80,False,-31.30047045051752,-7.000834893523897,37.335669672202776,31.415532936019126,0.9801381187908981,3,0.0,0.0,True,91.90736692778668,-65.81485254594448,230.83209890293477,93.0,1.0,-31.125,True,0.7192472791719693,0.005823461187175591,0.19345346320043602,True,0.9801381187908981,0.0,0.25,False,0.04995004995004995,-7.000834893523897,25.07339555528048,37.335669672202776,True,0.3335799677050468,34.74919857291699,True,0.07613945046249167,8.598081596079517,18,-0.6937039653593994,10.261380611105785,0.3335799677050468,ground_x_z,-2.254424718417433,True,28.2444642456498,0.998954554405513,0,34,0.10402580450657826,0,2,-31.75,-49.125,-17.82452954948248,-14.746355593065314,0.9902516416379156,0.2604430032543021,0.2624143493039935,9.185730946594862,0.9846932923825785,False,0.9803921568627451,0,False,True,False,0.0,115.90736692778668,69.90736692778668,,True,True,True,False,left,0.0,0.0,ground_x_z,-7.000834893523897,25.07339555528048,34.74919857291699,25.912817061712115,25.949578654986993,25.63616570120219,-0.6268259075696007,34.28609495416692,True,True,continue_block,0.0,0.28403667092006224
WIN_20260919_18_13_14_Pro_flip.mp4,34,1.6983016983016983,0.04995004995004995,20.02,0.9745608004434425,37.16080048459457,34.582548478568135,0.5,0.0,0.5,0.28403667092006224,0.0,1.8016983,0.0,56.58519998542033,0.04019998596049845,0.09200000204145908,80,False,-31.210465530105733,-6.977365534992469,37.16080048459457,31.415532936019126,0.9745608004434425,3,0.0,0.0,True,92.36830515611999,-66.37807200903669,228.26199389506422,91.0,1.0,-31.0,True,0.7193792931923583,0.005772729120799604,0.12492421945347972,True,0.9745608004434425,0.0,0.25,False,0.04995004995004995,-6.977365534992469,25.07339555528048,37.16080048459457,True,0.33937477887417683,34.582548478568135,True,0.07687370308797654,8.598081596079517,18,-0.6894043475894389,10.149893064794382,0.33937477887417683,ground_x_z,-2.278065809528915,True,28.2444642456498,0.9991379072116088,0,35,0.0773734602462049,0,2,-31.75,-49.25,-18.039534469894267,-15.240332424589658,1.0,0.2610493488619386,0.2625474098443224,9.202621070824222,0.9842125060032076,False,0.9804216867469879,0,False,True,False,0.0,116.36830515611999,70.36830515611999,,True,True,True,False,left,0.0,0.0,ground_x_z,-6.977365534992469,25.07339555528048,34.582548478568135,25.791575302066093,25.912817061712115,25.415418076355895,-0.9947979707124438,33.889765828707965,True,True,continue_block,0.0,0.28403667092006224
WIN_20260919_18_13_14_Pro_flip.mp4,35,1.7482517482517483,0.04995004995004995,20.02,0.9803587337275445,36.99900366405931,34.41809213441189,0.5,0.0,0.5,0.28403667092006224,0.0,1.75174825,0.0,61.62889997358434,0.0405999890062958,0.09290000889450312,80,False,-31.265337182373557,-6.985791805850068,36.99900366405931,31.415532936019126,0.9803587337275445,3,0.0,0.0,True,93.29996714027082,-67.19374831726462,226.66682689418974,87.0,1.0,-31.125,True,0.7193256352528862,0.005983488554556276,0.1345587626506019,True,0.9803587337275445,0.0,0.25,False,0.04995004995004995,-6.985791805850068,25.07339555528048,36.99900366405931,True,0.32516131186050956,34.41809213441189,True,0.07350380083988917,8.598081596079517,18,-0.6851782003188615,10.060138011739909,0.32516131186050956,ground_x_z,-2.2418054260869633,True,28.2444642456498,0.9990633822956753,0,36,0.07483213551212632,0,2,-31.625,-49.0,-17.734662817626443,-15.614481983545176,0.9852590454236912,0.26136956462114636,0.2619066790157999,9.208673410215635,0.9836532019593679,False,0.9805097451274363,0,False,True,False,0.0,117.29996714027082,71.29996714027082,,True,True,True,False,left,0.0,0.0,ground_x_z,-6.985791805850068,25.07339555528048,34.41809213441189,25.70147266242693,25.791575302066093,25.16964748713962,-1.2438556298529446,33.498966758339066,True,True,continue_block,0.0,0.28403667092006224
WIN_20260919_18_13_14_Pro_flip.mp4,36,1.7982017982017982,0.04995004995004995,20.02,0.9903938123594993,36.792161425457955,34.20892143078468,0.5,0.0,0.5,0.28403667092006224,0.0,1.7017982,0.0,58.158300002105534,0.03920000744983554,0.09789998875930905,80,False,-31.140365390335944,-6.953960352616921,36.792161425457955,31.415532936019126,0.9903938123594993,3,0.0,0.0,True,93.29996714027082,-67.20997326681537,226.48975247825823,87.0,1.0,-31.0,True,0.7192692193281159,0.005552970452217661,0.20560332505270384,True,0.9903938123594993,0.0,0.25,False,0.04995004995004995,-6.953960352616921,25.07339555528048,36.792161425457955,True,0.3841821486844963,34.20892143078468,True,0.08749254375122606,8.598081596079517,18,-0.6798269453650191,9.95176336281488,0.3841821486844963,ground_x_z,-2.1959787020918498,True,28.2444642456498,0.9989850268446056,0,37,0.0933993401789874,0,2,-31.5,-48.5,-17.359634609664056,-15.876254877463008,0.9644241449813364,0.2611110940109145,0.25984730265664785,9.194440628329826,0.983105083996405,False,0.9834586466165414,0,False,True,False,0.0,117.29996714027082,71.29996714027082,,True,True,True,False,left,0.0,0.0,ground_x_z,-6.953960352616921,25.07339555528048,34.20892143078468,25.547554940997397,25.70147266242693,24.84536568800602,-1.71221394884182,33.07274571867871,True,True,continue_block,0.0,0.28403667092006224
WIN_20260919_18_13_14_Pro_flip.mp4,37,1.8481518481518482,0.04995004995004995,20.02,0.9803587337275445,37.00843557871643,34.39501951974457,0.5,0.0,0.5,0.28403667092006224,0.0,1.65184815,0.0,58.22100001387298,0.0399000127799809,0.09459999273531139,80,False,-31.265337182373557,-6.978040858130504,37.00843557871643,31.415532936019126,0.9803587337275445,3,0.0,0.0,True,92.36830515611999,-66.52375292347104,226.65603791247366,91.0,1.0,-31.125,True,0.7193256352528862,0.005983488554556244,0.1345587626506019,True,0.9803587337275445,0.0,0.25,False,0.04995004995004995,-6.978040858130504,25.07339555528048,37.00843557871643,True,0.36584935189254547,34.39501951974457,True,0.08310511192105963,8.598081596079517,18,-0.6845866184305197,10.050424432757218,0.36584935189254547,ground_x_z,-2.2392282950311886,True,28.2444642456498,0.9990633822956753,0,38,0.09335823088294556,0,2,-31.625,-49.0,-17.734662817626443,-16.155016068487523,0.9852590454236912,0.2614110252674389,0.26190249681265015,9.19997254252047,0.9825679283927012,False,0.9819819819819819,0,False,True,False,0.0,116.36830515611999,70.36830515611999,,True,True,True,False,left,0.0,0.0,ground_x_z,-6.978040858130504,25.07339555528048,34.39501951974457,25.680537895725315,25.680537895725315,24.824430921304405,-1.71221394884182,33.25669423132219,True,True,continue_block,0.0,0.28403667092006224
WIN_20260919_18_13_14_Pro_flip.mp4,38,1.8981018981018982,0.04995004995004995,20.02,0.9744605313605595,37.17284984126473,34.538250242477005,0.5,0.0,0.5,0.28403667092006224,0.0,1.6018981,0.0,59.03910001507029,0.04439998883754015,0.09940000018104911,80,False,-31.300417715135218,-6.98255270097993,37.17284984126473,31.415532936019126,0.9744605313605595,3,0.0,0.0,True,91.90736692778668,-65.87910297179951,230.12026340755622,93.0,1.0,-31.125,True,0.7193316557836547,0.006078125674679476,0.11742179860604537,True,0.9744605313605595,0.0,0.25,False,0.04995004995004995,-6.98255270097993,25.07339555528048,37.17284984126473,True,0.3096863130191101,34.538250242477005,True,0.0698252710524648,8.598081596079517,18,-0.6882643434324577,10.12459958935029,0.3096863130191101,ground_x_z,-2.2630252647663784,True,28.2444642456498,0.9990717441439648,0,39,0.09335772631117324,0,2,-31.75,-49.25,-17.949582284864782,-16.424201000944112,0.9971990158258213,0.2618418368251604,0.2628241066046268,9.21102386054349,0.982129649293128,False,0.9789473684210527,0,False,True,False,0.0,115.90736692778668,69.90736692778668,,True,True,True,False,left,0.0,0.0,ground_x_z,-6.98255270097993,25.07339555528048,34.538250242477005,25.769991820667585,25.680537895725315,24.900515906024992,-1.5600439794006447,33.435845014662135,True,True,continue_block,0.0,0.28403667092006224
WIN_20260919_18_13_14_Pro_flip.mp4,39,1.948051948051948,0.04995004995004995,20.02,0.9902704559274095,37.25478969219863,34.60508030124376,0.5,0.0,0.5,0.28403667092006224,0.0,1.55194805,0.0,56.35870000696741,0.03600001218728721,0.0974999857135117,80,False,-31.390318539070556,-6.999648247368469,37.25478969219863,31.415532936019126,0.9902704559274095,3,0.0,0.0,True,91.44964502116383,-65.4178211165025,231.6032412965186,95.0,1.0,-31.25,True,0.7193629218588877,0.004322961137361147,0.24525805828048522,True,0.9902704559274095,0.0,0.25,False,0.04995004995004995,-6.999648247368469,25.07339555528048,37.25478969219863,True,0.3601523764756745,34.60508030124376,True,0.08121438954836842,8.598081596079517,18,-0.689984664790029,10.16006326659383,0.3601523764756745,ground_x_z,-2.2665223891421,True,28.2444642456498,0.9991151692484552,0,40,0.0933376641617737,0,2,-31.75,-49.375,-17.984681460929444,-16.658273069941913,0.9991489700516358,0.2623285476010559,0.26351680715427117,9.224387283488571,0.9817296943593435,False,0.9789156626506024,0,False,True,False,0.0,115.44964502116383,69.44964502116383,,True,True,True,False,left,0.0,0.0,ground_x_z,-6.999648247368469,25.07339555528048,34.60508030124376,25.825703722209354,25.769991820667585,25.231372220625705,-1.0772392000837565,33.80719508842527,True,True,continue_block,0.0,0.28403667092006224
WIN_20260919_18_13_14_Pro_flip.mp4,40,1.998001998001998,0.04995004995004995,20.02,0.9805427230173236,37.34290154046998,34.675720886540425,0.5,0.0,0.5,0.28403667092006224,0.0,1.501998,0.0,58.33519998122938,0.03579998156055808,0.08750002598389983,80,False,-31.390438568472018,-6.99686817016838,37.34290154046998,31.415532936019126,0.9805427230173236,3,0.0,0.0,True,90.99510588915571,-64.91745591608266,233.56391256020748,97.0,1.0,-31.25,True,0.7191228630559695,0.006531181018716225,0.18627122616488676,True,0.9805427230173236,0.0,0.25,False,0.04995004995004995,-6.99686817016838,25.07339555528048,37.34290154046998,True,0.32684382986631627,34.675720886540425,True,0.07395026653359281,8.598081596079517,18,-0.6918060887182707,10.198263713238891,0.32684382986631627,ground_x_z,-2.2655641850845942,True,28.2444642456498,0.9987817542444021,0,41,0.09005411033410578,0,2,-31.75,-49.375,-17.984561431527982,-16.857216324179824,0.9991423017515546,0.26269561158532984,0.2635157044278731,9.233606542022692,0.9813377385242348,False,0.9818731117824774,0,False,True,False,0.0,114.99510588915571,68.99510588915571,,True,True,True,False,left,0.0,0.0,ground_x_z,-6.99686817016838,25.07339555528048,34.675720886540425,25.865262576727247,25.825703722209354,25.526093020286474,-0.5992214038457593,34.249773131616955,True,True,continue_block,0.0,0.28403667092006224
WIN_20260919_18_13_14_Pro_flip.mp4,41,2.047952047952048,0.04995004995004995,20.02,0.9808376388051236,37.45332281730143,34.76551920740718,0.5,0.0,0.5,0.28403667092006224,0.0,1.45204795,0.0,60.34229998476803,0.0405999890062958,0.09050001972354949,80,False,-31.515328713662573,-7.022099581363886,37.45332281730143,31.415532936019126,0.9808376388051236,3,0.0,0.0,True,90.99510588915571,-64.96514998830818,233.03020872458012,97.0,1.0,-31.375,True,0.7193425726748575,0.006019472047764199,0.1177439440635324,True,0.9808376388051236,0.0,0.25,False,0.04995004995004995,-7.022099581363886,25.07339555528048,37.45332281730143,True,0.3232481180048128,34.76551920740718,True,0.07293700610999224,8.598081596079517,18,-0.6941259739900333,10.25624601713963,0.3232481180048128,ground_x_z,-2.26522029828962,True,28.2444642456498,0.9990869064928576,0,42,0.0900314539491195,0,2,-31.875,-49.5,-17.984671286337427,-17.026334568503465,0.9991484047965238,0.263160973801784,0.2643192273844646,9.246622607530874,0.980983271479252,False,0.9803625377643505,0,False,True,False,0.0,114.99510588915571,68.99510588915571,,True,True,True,False,left,0.0,0.0,ground_x_z,-7.022099581363886,25.07339555528048,34.76551920740718,25.94227588779596,25.865262576727247,25.73524340648849,-0.26003834047751095,34.580062790239936,True,True,continue_block,0.0,0.28403667092006224
WIN_20260919_18_13_14_Pro_flip.mp4,42,2.097902097902098,0.04995004995004995,20.02,0.9817624840705678,37.44101121455721,34.744859140925115,0.5,0.0,0.5,0.3480124386598871,0.0,1.4020979,0.5,61.40549998963252,0.03759999526664615,0.09259997750632465,80,False,-31.480238011079614,-7.011916268594545,37.44101121455721,31.415532936019126,0.9817624840705678,3,0.0,0.0,True,90.99510588915571,-64.90109240601761,233.74702269692924,97.0,1.0,-31.375,True,0.7193653037877009,0.005825218192090651,0.12792042981336496,True,0.9817624840705678,0.0,0.25,False,0.04995004995004995,-7.011916268594545,25.07339555528048,37.44101121455721,True,0.3346529412392746,34.744859140925115,True,0.07546054937146,8.598081596079517,18,-0.69359178714379,10.250671239272524,0.3346529412392746,ground_x_z,-2.2536576870015397,True,28.2444642456498,0.9991184774829179,0,43,0.07230729161521056,0,2,-31.75,-49.375,-17.894761988920386,-17.156598681566003,0.9941534438289104,0.2633769538231747,0.26378574570790364,9.251214986235407,0.9806656349599305,False,0.9788519637462235,0,False,True,False,0.0,114.99510588915571,68.99510588915571,,True,True,True,False,left,0.0,0.0,ground_x_z,-7.011916268594545,25.07339555528048,34.744859140925115,25.920497546395485,25.920497546395485,25.957357902532898,0.07372071227482614,34.76528033483097,True,False,new_block,0.5,0.3480124386598871
WIN_20260919_18_13_14_Pro_flip.mp4,43,2.1478521478521477,0.04995004995004995,20.02,0.980444884837183,37.491814382652194,34.77695922075685,0.5,0.0,0.5,0.3480124386598871,0.0,1.35214785,0.4500499500499502,58.572799985995516,0.05040000542066991,0.04029998672194779,80,False,-31.390314662140362,-6.989359594214429,37.491814382652194,31.415532936019126,0.980444884837183,3,0.0,0.0,True,90.99510588915571,-65.13567315402564,231.12202887412855,97.0,1.0,-31.25,True,0.7193706757192803,0.0054578871862575335,0.1649150378133186,True,0.980444884837183,0.0,0.25,False,0.04995004995004995,-6.989359594214429,25.07339555528048,37.491814382652194,True,0.32590104794059044,34.77695922075685,True,0.07367604751052698,8.598081596079517,18,-0.6944218821045327,10.280185355189941,0.32590104794059044,ground_x_z,-2.2630710950176818,True,28.2444642456498,0.9991259384990003,0,44,0.08123704451694914,0,2,-31.75,-49.375,-17.984685337859638,-17.280811680010046,0.9991491854366465,0.2634849335207796,0.26351116687549897,9.251509581033302,0.98029496031281,False,0.9803921568627451,0,False,True,False,0.0,114.99510588915571,68.99510588915571,,True,True,True,False,left,0.0,0.0,ground_x_z,-6.989359594214429,25.07339555528048,34.77695922075685,25.918768536228534,25.91963304131201,25.91963304131201,,34.77695922075685,False,False,minimum_hold,0.4500499500499502,0.3480124386598871
WIN_20260919_18_13_14_Pro_flip.mp4,44,2.197802197802198,0.04995004995004995,20.02,0.9990643049188789,37.35048468660828,34.636726614019985,0.5,0.0,0.5,0.3480124386598871,0.0,1.3021978,0.4000999000999004,61.36409999453463,0.036500015994533896,0.04149999585933983,80,False,-31.390430641142025,-6.986784155552123,37.35048468660828,31.415532936019126,0.9990643049188789,3,0.0,0.0,True,91.44964502116383,-65.49143092867804,230.783630559225,95.0,1.0,-31.25,True,0.7191387177159563,0.005862305545386932,0.2354878881270628,True,0.9990643049188789,0.0,0.25,False,0.04995004995004995,-6.986784155552123,25.07339555528048,37.35048468660828,True,0.326769692240746,34.636726614019985,True,0.07372080016393305,8.598081596079517,18,-0.6908002617968599,10.205318690567989,0.326769692240746,ground_x_z,-2.262182484105312,True,28.2444642456498,0.9988037746054949,0,45,0.0705905692229778,0,2,-31.75,-49.375,-17.984569358857975,-17.386375331837236,0.9991427421587764,0.2635650510072067,0.26351015716166176,9.250893363665481,0.979931699158632,False,0.9789156626506024,0,False,True,False,0.0,115.44964502116383,69.44964502116383,,True,True,True,False,left,0.0,0.0,ground_x_z,-6.986784155552123,25.07339555528048,34.636726614019985,25.83263507009452,25.918768536228534,25.918768536228534,,34.636726614019985,False,False,minimum_hold,0.4000999000999004,0.3480124386598871
WIN_20260919_18_13_14_Pro_flip.mp4,45,2.247752247752248,0.04995004995004995,20.02,0.986264594089137,37.163104335136495,34.461419220162696,0.5,0.0,0.5,0.3480124386598871,0.0,1.25224775,0.35014985014985056,64.19010000536218,0.044899992644786835,0.050300004659220576,80,False,-31.390336181647235,-6.9842076395189725,37.163104335136495,31.415532936019126,0.986264594089137,3,0.0,0.0,True,91.44964502116383,-65.57274002941612,229.8782918545738,95.0,1.0,-31.25,True,0.7193276367055236,0.005540438488492631,0.17964611677608677,True,0.986264594089137,0.0,0.25,False,0.04995004995004995,-6.9842076395189725,25.07339555528048,37.163104335136495,True,0.331074260749829,34.461419220162696,True,0.07490247792500386,8.598081596079517,18,-0.6862899896110832,10.090010318532734,0.331074260749829,ground_x_z,-2.246759007295613,True,28.2444642456498,0.999066162091005,0,46,0.0705905614535811,0,2,-31.75,-49.25,-17.859663818352765,-17.457368604814565,0.9922035454640424,0.26352321107090665,0.26309290164488713,9.246064629065577,0.9795757032275374,False,0.9789156626506024,0,False,True,False,0.0,115.44964502116383,69.44964502116383,,True,True,True,False,left,0.0,0.0,ground_x_z,-6.9842076395189725,25.07339555528048,34.461419220162696,25.725777863857164,25.83263507009452,25.83263507009452,,34.461419220162696,False,False,minimum_hold,0.35014985014985056,0.3480124386598871
WIN_20260919_18_13_14_Pro_flip.mp4,46,2.2977022977022976,0.04995004995004995,20.02,0.9771576968580415,37.17355850730288,34.45593434153385,0.5,0.0,0.5,0.3480124386598871,0.0,1.2022977,0.30019980019980075,69.70419999561273,0.04119999357499182,0.04579999949783087,80,False,-31.30041235513675,-6.961584697636244,37.17355850730288,31.415532936019126,0.9771576968580415,3,0.0,0.0,True,91.90736692778668,-65.79861830614172,231.01195931597184,93.0,1.0,-31.125,True,0.7193402317811993,0.006031623623763469,0.11774394406353361,True,0.9771576968580415,0.0,0.25,False,0.04995004995004995,-6.961584697636244,25.07339555528048,37.17355850730288,True,0.3176453517829292,34.45593434153385,True,0.0717871518557874,8.598081596079517,18,-0.6861491818004443,10.105308254463408,0.3176453517829292,ground_x_z,-2.2559856269995944,True,28.2444642456498,0.9990836552516658,0,47,0.05899810681747165,0,2,-31.75,-49.25,-17.94958764486325,-17.53120146082187,0.9971993136035139,0.26342818336530494,0.26281262252909104,9.239159756841536,0.9791972686312674,False,0.9804216867469879,0,False,True,False,0.0,115.90736692778668,69.90736692778668,,True,True,True,False,left,0.0,0.0,ground_x_z,-6.961584697636244,25.07339555528048,34.45593434153385,25.701469092608537,25.725777863857164,25.725777863857164,,34.45593434153385,False,False,minimum_hold,0.30019980019980075,0.3480124386598871
WIN_20260919_18_13_14_Pro_flip.mp4,47,2.347652347652348,0.04995004995004995,20.02,0.9771576968580414,37.26521848984521,34.53166064076223,0.5,0.0,0.5,0.3480124386598871,0.0,1.15234765,0.25024975024975094,62.36909999279305,0.04570002784021199,0.05250002141110599,80,False,-31.300375367552373,-6.95892387389759,37.26521848984521,31.415532936019126,0.9771576968580414,3,0.0,0.0,True,91.90736692778668,-65.84495280971859,230.4986157253599,93.0,1.0,-31.125,True,0.7193994119162014,0.00570951699936783,0.11870513506546018,True,0.9771576968580414,0.0,0.25,False,0.04995004995004995,-6.95892387389759,25.07339555528048,37.26521848984521,True,0.3486551174638274,34.53166064076223,True,0.07862369238466405,8.598081596079517,18,-0.6880948653493444,10.149938101076387,0.3486551174638274,ground_x_z,-2.2696677827423666,True,28.2444642456498,0.999165849883613,0,48,0.05687271226263904,0,2,-31.75,-49.375,-18.074624632447627,-17.612714936565734,1.0,0.2634549485176663,0.2632265599497385,9.236598845704972,0.9788264027269228,False,0.9789473684210527,0,False,True,False,0.0,115.90736692778668,69.90736692778668,,True,True,True,False,left,0.0,0.0,ground_x_z,-6.95892387389759,25.07339555528048,34.53166064076223,25.744101526056273,25.725777863857164,25.725777863857164,,34.53166064076223,False,False,minimum_hold,0.25024975024975094,0.3480124386598871
WIN_20260919_18_13_14_Pro_flip.mp4,48,2.3976023976023977,0.04995004995004995,20.02,0.9804119608844769,37.333199934783316,34.59225783094461,0.5,0.0,0.5,0.3480124386598871,0.0,1.1023976,0.20029970029970112,61.106699984520674,0.04640000406652689,0.3786000015679747,80,False,-31.515282563326906,-7.0042185149004235,37.333199934783316,31.415532936019126,0.9804119608844769,3,0.0,0.0,True,91.44964502116383,-65.44096652645467,231.34552801135743,95.0,1.0,-31.375,True,0.7194348733461963,0.005259641626476295,0.1477097891751989,True,0.9804119608844769,0.0,0.25,False,0.04995004995004995,-7.0042185149004235,25.07339555528048,37.333199934783316,True,0.36183524410819445,34.59225783094461,True,0.08239646299087239,8.598081596079517,18,-0.6896543777186206,10.16150922854141,0.36183524410819445,ground_x_z,-2.259405496217951,True,28.2444642456498,0.9992151018697171,0,49,0.10418389617572156,0,2,-31.875,-49.5,-17.984717436673094,-17.66851531158184,0.9991509687040607,0.26373170356035314,0.26431594716665613,9.243147709337466,0.9784925127244625,False,0.9789156626506024,0,False,True,False,0.0,115.44964502116383,69.44964502116383,,True,True,True,False,left,0.0,0.0,ground_x_z,-7.0042185149004235,25.07339555528048,34.59225783094461,25.82230303453017,25.744101526056273,25.744101526056273,,34.59225783094461,False,False,minimum_hold,0.20029970029970112,0.3480124386598871
WIN_20260919_18_13_14_Pro_flip.mp4,49,2.4475524475524475,0.04995004995004995,20.02,0.9876691049396242,38.275893806915334,35.528650129107966,0.5,0.0,0.5,0.3480124386598871,0.0,1.05244755,0.1503496503496513,54.04499999713153,0.043599982745945454,0.07430001278407872,80,False,-32.96041724847554,-7.3232950070972365,38.275893806915334,31.415532936019126,0.9876691049396242,3,0.0,0.0,True,89.20812227029131,-62.835341071877664,242.77811593513718,105.0,1.0,-32.75,True,0.7194436686992844,0.005434826823092805,0.12216481663819176,True,0.9876691049396242,0.0,0.25,False,0.04995004995004995,-7.3232950070972365,25.07339555528048,38.275893806915334,True,0.3635330464092542,35.528650129107966,True,0.08253716016311659,8.598081596079517,18,-0.7140477896197054,10.423706784755783,0.3635330464092542,ground_x_z,-2.3306088371733757,True,28.2444642456498,0.9992273176378951,0,50,0.6546274766430554,0,2,-33.5,-51.5,-18.539582751524463,-17.799175427573232,1.0,0.26664472399878025,0.2755270877075846,9.342684044184598,0.9782246913802367,False,0.9759036144578314,0,False,True,False,0.0,113.20812227029131,67.20812227029131,,True,True,True,False,left,0.0,0.0,ground_x_z,-7.3232950070972365,25.07339555528048,35.528650129107966,26.67685820095557,25.82230303453017,26.28119031389298,0.9177745587256251,35.9617657595833,True,False,minimum_hold,0.1503496503496513,0.3480124386598871
WIN_20260919_18_13_14_Pro_flip.mp4,50,2.4975024975024978,0.04995004995004995,20.02,0.8362276497247416,28.711887412308382,26.278127490339163,0.5,0.0,0.5,0.3480124386598871,0.0,1.0024975,0.1003996003996015,51.53130000689998,0.052000017603859305,0.10259999544359744,25,False,-22.097657203674316,-4.9155371704483475,28.711887412308382,31.415532936019126,0.8362276497247416,3,0.0,0.0,True,89.20812227029131,-62.835341071877664,242.77811593513718,105.0,0.0,0.0,False,0.0,0.0,0.0,True,0.8362276497247416,0.0,0.25,False,0.04995004995004995,-4.9155371704483475,25.07339555528048,28.711887412308382,True,0.35619103656728257,26.278127490339163,True,0.08220447600097179,8.120521615878719,16,-0.49375587854971653,7.461025095468319,0.35619103656728257,ground_x_z,-1.5764964261711052,True,28.2444642456498,0.0,0,51,4.901882117062537,0,2,-22.097657203674316,-34.681779861450195,-12.584122657775879,-17.01691751210363,0.6991179254319932,0.2469152409850975,0.18527512113127798,8.651901184600158,0.9782809720697653,False,1.008310407423706,0,False,True,False,0.0,113.20812227029131,67.20812227029131,,False,True,True,False,left,0.0,0.0,ground_x_z,-4.9155371704483475,25.07339555528048,26.278127490339163,19.00698032386173,25.82230303453017,25.549168650970554,-0.5462687671192297,25.879829700474065,True,False,minimum_hold,0.1003996003996015,0.3480124386598871
WIN_20260919_18_13_14_Pro_flip.mp4,51,2.5474525474525476,0.04995004995004995,20.02,0.9807055707286759,20.109036469881087,17.026826253652903,0.5,0.0,0.5,0.3480124386598871,0.0,0.95254745,0.05044955044955168,42.81410001567565,0.041700026486068964,0.10590002057142556,53.0,False,0.4299359209549747,0.09550007994780069,20.109036469881087,31.415532936019126,0.9807055707286759,3,0.0,0.0,True,89.20812227029131,-62.835341071877664,242.77811593513718,105.0,1.0,0.5,True,0.7197436838198987,0.0025834563923134947,0.16306719195138072,True,0.9807055707286759,0.0,0.25,False,0.04995004995004995,0.09550007994780069,25.07339555528048,20.109036469881087,True,0.2870339293007392,17.026826253652903,True,0.06475702641041273,8.598081596079517,18,-0.3062427250869726,7.712087126026595,0.2870339293007392,ground_x_z,-1.0074851979351125,True,28.2444642456498,0.999644005305415,0,52,11.203808344863438,8,2,0.25,-8.25,-8.679935920954975,-15.766370273431331,0.4822186622752764,0.19329397315600186,0.026014267163289986,6.776328766380617,0.9787597672659513,False,1.028006589785832,0,False,True,False,0.0,113.20812227029131,67.20812227029131,,False,True,True,False,left,0.0,0.0,ground_x_z,0.09550007994780069,25.07339555528048,17.026826253652903,8.573449625064269,19.00698032386173,9.12312318017717,-19.767714287369117,4.873496879155576,True,False,minimum_hold,0.05044955044955168,0.3480124386598871
WIN_20260919_18_13_14_Pro_flip.mp4,52,2.5974025974025974,0.04995004995004995,20.02,0.8010775608324557,15.71074079016264,12.420524109597888,0.5,0.0,0.5,0.3480124386598871,0.0,0.9025974,0.0004995004995018704,51.978200004668906,0.054500007536262274,0.15780000831000507,43.0,False,9.651481628417969,2.1480791652209223,15.71074079016264,31.415532936019126,0.8010775608324557,3,0.0,0.0,True,89.20812227029131,-62.835341071877664,242.77811593513718,105.0,0.0,0.0,False,0.0,0.0,0.0,True,0.8010775608324557,0.0,0.25,False,0.04995004995004995,2.1480791652209223,25.07339555528048,15.71074079016264,True,0.21670700898435527,12.420524109597888,True,0.048577515932285785,8.120521615878719,16,-0.22023981843310508,7.666781484390949,0.21670700898435527,ground_x_z,-0.7058163713755913,True,28.2444642456498,0.0,0,53,11.938706063687295,8,2,9.651481628417969,3.1639671325683594,-6.487514495849609,-14.374541906794073,0.360417471991645,0.15065505295640041,-0.04109086138902886,5.28789541612843,0.9799391490319218,False,1.0387609890676373,0,False,True,False,0.0,113.20812227029131,67.20812227029131,,False,True,True,False,left,0.0,0.0,ground_x_z,2.1480791652209223,25.07339555528048,12.420524109597888,3.8236787476783722,8.573449625064269,-10.720322562994172,-38.58754437611688,-7.2858658016904805,True,False,minimum_hold,0.0004995004995018704,0.3480124386598871
WIN_20260919_18_13_14_Pro_flip.mp4,53,2.647352647352647,0.04995004995004995,20.02,0.9677539234836393,15.127120993565287,11.194708398466235,0.5,0.0,0.5,0.0,0.0,0.85264735,0.5,52.09770001238212,0.03670001751743257,0.09709998266771436,68.0,False,17.8625,3.9790986439744023,15.127120993565287,31.415532936019126,0.9677539234836393,3,0.0,0.0,False,0.0,0.0,0.0,0.0,1.0,17.875,True,0.95,0.002017398946457349,0.15715269548108327,True,0.9677539234836393,0.0,0.25,False,0.04995004995004995,3.9790986439744023,25.07339555528048,15.127120993565287,True,0.1554665100204954,11.194708398466235,True,0.035211222761490996,8.598081596079517,18,-0.19790935697893192,8.93677267369615,0.1554665100204954,ground_x_z,-0.6368903985183896,True,28.2444642456498,0.999716652885528,0,54,12.490301437285499,8,2,17.625,11.59823226928711,-6.264267730712891,-13.158000780381897,0.34801487392849395,0.10597921222211319,-0.09509014424026892,3.7249349000953584,0.9812913120041322,False,1.0396393230707026,0,False,False,False,0.0,0.0,0.0,False,False,True,True,False,left,0.0,0.0,ground_x_z,3.9790986439744023,25.07339555528048,11.194708398466235,1.093196405077873,3.8236787476783722,-23.692074700856885,-55.031506897070514,-14.878025194610844,True,False,new_block,0.5,0.0
WIN_20260919_18_13_14_Pro_flip.mp4,54,2.6973026973026974,0.04995004995004995,20.02,0.7476464719826624,14.977530145000697,12.221354015027835,0.5,0.0,0.5,0.0,0.0,0.8026973,0.4500499500499502,49.827000009827316,0.04230000195093453,0.05040000542066991,52.0,False,5.287580490112305,1.1826941615749391,14.977530145000697,31.415532936019126,0.7476464719826624,3,0.0,0.0,False,0.0,0.0,0.0,0.0,0.0,0.0,False,0.0,0.0,0.0,True,0.7476464719826624,0.0,0.25,False,0.04995004995004995,1.1826941615749391,25.07339555528048,14.977530145000697,True,0.8084961282731317,12.221354015027835,True,0.18113993066820389,8.120521615878719,16,-0.21659780431412884,6.548260238304101,0.8084961282731317,ground_x_z,-0.7227660661316163,True,28.2444642456498,0.0,0,55,13.68267763555961,8,2,5.287580490112305,-1.1261157989501953,-6.4136962890625,-12.146355106683988,0.3563164605034722,0.08425795222899886,-0.013061063034922922,2.9670325754512077,0.9831309495244334,False,1.0406175723813949,0,False,False,False,0.0,0.0,0.0,False,False,True,True,False,left,0.0,0.0,ground_x_z,1.1826941615749391,25.07339555528048,12.221354015027835,4.820181419193389,2.9566889121356312,2.9566889121356312,,12.221354015027835,False,False,minimum_hold,0.4500499500499502,0.0
WIN_20260919_18_13_14_Pro_flip.mp4,55,2.7472527472527473,0.04995004995004995,20.02,0.9500279538420037,15.265970498262542,13.100195840462948,0.5,0.0,0.5,0.0,0.0,0.75274725,0.4000999000999004,47.14869998861104,0.05050000618211925,0.05979998968541622,80,False,-1.63125,-0.365316356024252,15.265970498262542,31.415532936019126,0.9500279538420037,3,0.0,0.0,False,0.0,0.0,0.0,0.0,1.0,-1.625,True,0.95,0.004177671759888678,0.2882812179210795,True,0.9500279538420037,0.0,0.25,False,0.04995004995004995,-0.365316356024252,25.07339555528048,15.265970498262542,True,0.29087457896990676,13.100195840462948,True,0.06604473474265522,8.598081596079517,18,-0.23271089271554732,5.437378506392289,0.29087457896990676,ground_x_z,-0.767235287482492,True,28.2444642456498,0.9989634283726905,0,56,13.160159542750185,8,2,-1.75,-8.125,-6.49375,-11.29846434068139,0.3607638888888889,0.0746981234359107,0.032108530344498794,2.6347977175076425,0.9847761920907603,False,1.033450704225352,0,False,False,False,0.0,0.0,0.0,False,False,True,True,False,left,0.0,0.0,ground_x_z,-0.365316356024252,25.07339555528048,13.100195840462948,7.030230653070685,4.820181419193389,4.820181419193389,,13.100195840462948,False,False,minimum_hold,0.4000999000999004,0.0
WIN_20260919_18_13_14_Pro_flip.mp4,56,2.797202797202797,0.04995004995004995,20.02,0.9820220038741284,15.802928940703286,13.909428706220327,0.5,0.0,0.5,0.0,0.0,0.7027972,0.35014985014985056,46.03159998077899,0.04640000406652689,0.055199983762577176,80,False,-5.3812500000000005,-1.203923233527152,15.802928940703286,31.415532936019126,0.9820220038741284,3,0.0,0.0,False,0.0,0.0,0.0,0.0,1.0,-5.375,True,0.95,0.0031751946653623955,0.10075472768816349,True,0.9820220038741284,0.0,0.25,False,0.04995004995004995,-1.203923233527152,25.07339555528048,15.802928940703286,True,0.17782072917093214,13.909428706220327,True,0.04064456541418925,8.598081596079517,18,-0.24764962812447,4.946354856566552,0.17782072917093214,ground_x_z,-0.8178972397496811,True,28.2444642456498,0.999696695934683,0,57,8.631558885442985,8,2,-5.5,-12.125,-6.7437499999999995,-10.61525718957918,0.3746527777777777,0.07149695401078268,0.05727669286107031,2.523784076475245,0.9855181106245182,False,1.0285714285714285,0,False,False,False,0.0,0.0,0.0,False,False,True,True,False,left,0.0,0.0,ground_x_z,-1.203923233527152,25.07339555528048,13.909428706220327,8.392856074057882,7.030230653070685,7.030230653070685,,13.909428706220327,False,False,minimum_hold,0.35014985014985056,0.0
WIN_20260919_18_13_14_Pro_flip.mp4,57,2.8471528471528473,0.04995004995004995,20.02,0.8287820498700822,13.405473584719456,11.455934192925149,0.5,0.0,0.5,0.0,0.0,0.65284715,0.30019980019980075,48.59789999318309,0.14859999646432698,0.05630002124235034,58.0,False,-1.1271743774414062,-0.2526127151716174,13.405473584719456,31.415532936019126,0.8287820498700822,3,0.0,0.0,False,0.0,0.0,0.0,0.0,0.0,0.0,False,0.0,0.0,0.0,True,0.8287820498700822,0.0,0.25,False,0.04995004995004995,-0.2526127151716174,25.07339555528048,13.405473584719456,True,0.18463074737025825,11.455934192925149,True,0.04302873994788567,8.120521615878719,16,-0.20265149619005587,4.833099611467934,0.18463074737025825,ground_x_z,-0.6242068857411457,True,28.2444642456498,0.0,0,58,7.817663309863975,7,2,-1.1271743774414062,-6.404167175292969,-5.2769927978515625,-9.814517530820037,0.29316626654730904,0.06305138154231486,0.02484136194666618,2.2255095078774585,0.9854504693058848,False,1.0274107887897603,0,False,False,False,0.0,0.0,0.0,False,False,True,True,False,left,0.0,0.0,ground_x_z,-0.2526127151716174,25.07339555528048,11.455934192925149,6.0553206386494045,7.030230653070685,7.030230653070685,,11.455934192925149,False,False,minimum_hold,0.30019980019980075,0.0
WIN_20260919_18_13_14_Pro_flip.mp4,58,2.897102897102897,0.04995004995004995,20.02,0.9738189694075535,15.202065694748466,12.056392806043828,0.5,0.0,0.5,0.0,0.0,0.6028971,0.25024975024975094,44.197100010933354,0.10449998080730438,0.047200010158121586,59.0,False,9.8625,2.2090752975089973,15.202065694748466,31.415532936019126,0.9738189694075535,3,0.0,0.0,False,0.0,0.0,0.0,0.0,1.0,9.875,True,0.95,0.002410591040910649,0.1656026643029676,True,0.9738189694075535,0.0,0.25,False,0.04995004995004995,2.2090752975089973,25.07339555528048,15.202065694748466,True,0.21113281878607051,12.056392806043828,True,0.04812028731148966,8.598081596079517,18,-0.21358548565679605,7.495346433789758,0.21113281878607051,ground_x_z,-0.709494135802005,True,28.2444642456498,0.9996566748519319,0,59,8.472678659735672,8,2,9.625,3.375,-6.487500000000001,-9.31546490119703,0.3604166666666667,0.04392320593593702,-0.042470496570524936,1.5508745482627586,0.9857858745573485,False,1.0365448504983388,0,False,False,False,0.0,0.0,0.0,False,False,True,True,False,left,0.0,0.0,ground_x_z,2.2090752975089973,25.07339555528048,12.056392806043828,3.5647891005736865,6.0553206386494045,6.0553206386494045,,12.056392806043828,False,False,minimum_hold,0.25024975024975094,0.0
WIN_20260919_18_13_14_Pro_flip.mp4,59,2.947052947052947,0.04995004995004995,20.02,0.9687389410853542,12.323871609303254,8.678309789487963,0.5,0.0,0.5,0.0,0.0,0.55294705,0.20029970029970112,43.48910000408068,0.040799990529194474,0.048699992476031184,51.0,False,19.4875,4.361759287663756,12.323871609303254,31.415532936019126,0.9687389410853542,3,0.0,0.0,False,0.0,0.0,0.0,0.0,1.0,19.5,True,0.95,0.0012556137451533275,0.09847319278347155,True,0.9687389410853542,0.0,0.25,False,0.04995004995004995,4.361759287663756,25.07339555528048,12.323871609303254,True,0.435165122722408,8.678309789487963,True,0.10176262413441751,8.598081596079517,18,-0.15263409548286375,8.128566617455085,0.435165122722408,ground_x_z,-0.5312800484152951,True,28.2444642456498,0.9998892137642236,0,60,7.660854295384388,7,2,19.25,14.059293746948242,-5.4282062530517585,-8.73237610397524,0.301567014058431,0.016317856036155706,-0.10846307717260555,0.576280983399266,0.9859869002729702,False,1.0371065527579846,0,False,False,False,0.0,0.0,0.0,False,False,True,True,False,left,0.0,0.0,ground_x_z,4.361759287663756,25.07339555528048,8.678309789487963,-0.6383741189311811,3.5647891005736865,3.5647891005736865,,8.678309789487963,False,False,minimum_hold,0.20029970029970112,0.0
WIN_20260919_18_13_14_Pro_flip.mp4,60,2.997002997002997,0.04995004995004995,20.02,0.8222668199761604,9.693506491282422,4.7540886139213745,0.5,0.0,0.5,0.0,0.0,0.502997,0.1503496503496513,54.20270000468008,0.045199994929134846,0.08030000026337802,52.0,False,37.40513801574707,8.399028841018499,9.693506491282422,31.415532936019126,0.8222668199761604,3,0.0,0.0,False,0.0,0.0,0.0,0.0,0.0,0.0,False,0.0,0.0,0.0,True,0.8222668199761604,0.0,0.25,False,0.04995004995004995,8.399028841018499,25.07339555528048,9.693506491282422,True,0.17922717356401127,4.7540886139213745,True,0.04142491336634471,8.120521615878719,16,-0.08316544515495827,10.471922896521972,0.17922717356401127,ground_x_z,-0.2767664159202958,True,28.2444642456498,0.0,0,61,10.645327419933912,8,2,37.40513801574707,33.54952812194824,-3.855609893798828,-8.000861172448777,0.21420054965549046,-0.028311934639504353,-0.23017001809019313,-0.9990743573481963,0.9852086561608939,False,1.0322614062676625,0,False,False,False,0.0,0.0,0.0,False,True,True,True,False,left,0.0,0.0,ground_x_z,8.399028841018499,25.07339555528048,4.7540886139213745,-7.210746253670795,-0.6383741189311811,-12.039707213599204,-22.802666189336048,-3.3975418017936336,True,False,minimum_hold,0.1503496503496513,0.0
WIN_20260919_18_13_14_Pro_flip.mp4,61,3.046953046953047,0.04995004995004995,20.02,0.8253655541904996,9.447183877899695,3.4083289963487244,0.5,0.0,0.5,0.0,0.0,0.45304695,0.1003996003996015,55.25640002451837,0.0391000066883862,0.09449999197386205,80,False,49.67807197570801,11.143096129584126,9.447183877899695,31.415532936019126,0.8253655541904996,3,0.0,0.0,False,0.0,0.0,0.0,0.0,0.0,0.0,False,0.0,0.0,0.0,True,0.8253655541904996,0.0,0.25,False,0.04995004995004995,11.143096129584126,25.07339555528048,9.447183877899695,True,0.11735530706493344,3.4083289963487244,True,0.026571319080787546,8.120521615878719,16,-0.05955682983777484,12.622321643823506,0.11735530706493344,ground_x_z,-0.1867867958727416,True,28.2444642456498,0.0,0,62,11.858982986525838,8,2,49.67807197570801,45.979970932006836,-3.698101043701172,-7.3554471531366366,0.20545005798339844,-0.07950297088869554,-0.3108276977497971,-2.8023858501399204,0.9841119995467719,False,1.0269813334534406,0,False,False,False,0.0,0.0,0.0,False,True,True,True,False,left,0.0,0.0,ground_x_z,11.143096129584126,25.07339555528048,3.4083289963487244,-10.933215481242181,-7.210746253670795,-24.7705690238307,-35.11964554031981,-7.691968505857379,True,False,minimum_hold,0.1003996003996015,0.0
WIN_20260919_18_13_14_Pro_flip.mp4,62,3.096903096903097,0.04995004995004995,20.02,0.9652018456141921,11.143416503445984,4.25965491325177,0.5,0.0,0.5,0.0,0.0,0.4030969,0.05044955044955168,51.06800000066869,0.04220000118948519,0.08840000373311341,80,False,56.5,12.62211065149484,11.143416503445984,31.415532936019126,0.9652018456141921,3,0.0,0.0,False,0.0,0.0,0.0,0.0,1.0,56.5,True,0.95,0.0021112581955982966,0.07929614610987439,True,0.9652018456141921,0.0,0.25,False,0.04995004995004995,12.62211065149484,25.07339555528048,11.143416503445984,True,0.19094872683276098,4.25965491325177,True,0.0440637686405355,8.598081596079517,18,-0.07448227946922722,14.471926840584397,0.19094872683276098,ground_x_z,-0.23499543477162455,True,28.2444642456498,0.9998518333432114,0,63,12.096436912907203,8,2,56.5,51.875,-4.625,-6.945880080166141,0.2569444444444444,-0.12891735026881598,-0.35188002750528447,-4.538234473084736,0.9828234576938523,False,1.031866464339909,0,False,False,False,0.0,0.0,0.0,False,True,True,True,False,left,0.0,0.0,ground_x_z,12.62211065149484,25.07339555528048,4.25965491325177,-12.150878289246553,-10.933215481242181,-32.168253941427714,-42.47007692037107,-8.198232864260877,True,False,minimum_hold,0.05044955044955168,0.0
WIN_20260919_18_13_14_Pro_flip.mp4,63,3.146853146853147,0.04995004995004995,20.02,0.963506752691108,12.948787721094623,5.133704459958966,0.5,0.0,0.5,0.0,0.0,0.35314685,0.0004995004995018704,45.69089997676201,0.04849999095313251,0.11959997937083244,80,False,64.11875,14.289698963080907,12.948787721094623,31.415532936019126,0.963506752691108,3,0.0,0.0,False,0.0,0.0,0.0,0.0,1.0,64.125,True,0.95,0.0011379881404212982,0.07637626158260105,True,0.963506752691108,0.0,0.25,False,0.04995004995004995,14.289698963080907,25.07339555528048,12.948787721094623,True,0.20338799117082268,5.133704459958966,True,0.04592361771083602,8.598081596079517,18,-0.08984059288676673,16.514123540404494,0.20338799117082268,ground_x_z,-0.27882787854751445,True,28.2444642456498,0.9999256516915783,0,64,11.566255561589736,8,2,64.0,58.75,-5.368750000000006,-6.709310568141221,0.2982638888888892,-0.17795602528272944,-0.39868974383374706,-6.2537824649735585,0.9811378430426344,False,1.0280649926144756,0,False,False,False,0.0,0.0,0.0,False,True,True,True,False,left,0.0,0.0,ground_x_z,14.289698963080907,25.07339555528048,5.133704459958966,-13.550197378503016,-12.150878289246553,-34.67823585686948,-45.05471513524586,-5.413882144539644,True,False,minimum_hold,0.0004995004995018704,0.0
WIN_20260919_18_13_14_Pro_flip.mp4,64,3.196803196803197,0.04995004995004995,20.02,0.9538238673692367,15.680252160364196,7.575619073011021,0.5,0.0,0.5,0.0,0.0,0.3031968,0.0,50.58340000687167,0.048600020818412304,0.12070001685060561,61.0,False,63.61875,14.173958545181378,15.680252160364196,31.415532936019126,0.9538238673692367,3,0.0,0.0,False,0.0,0.0,0.0,0.0,1.0,63.625,True,0.95,0.0031958814119912122,0.12154310870109732,True,0.9538238673692367,0.0,0.25,False,0.04995004995004995,14.173958545181378,25.07339555528048,15.680252160364196,True,0.25362637036994157,7.575619073011021,True,0.05777325117398656,8.598081596079517,18,-0.13299540881279143,17.47786814186023,0.25362637036994157,ground_x_z,-0.4077621722738911,True,28.2444642456498,0.9996576764964806,0,65,10.737790401940499,8,2,63.5,57.25,-6.368749999999999,-6.658226482920037,0.35381944444444435,-0.21700201344666473,-0.3923253990247219,-7.614323053896536,0.979642208984464,False,1.0243918020275418,0,False,False,False,0.0,0.0,0.0,False,True,True,True,False,left,0.0,0.0,ground_x_z,14.173958545181378,25.07339555528048,7.575619073011021,-12.253031710501745,-12.253031710501745,-38.43397556978796,-52.36188771857243,-2.9719675314875893,True,False,continue_block,0.0,0.0
WIN_20260919_18_13_14_Pro_flip.mp4,65,3.2467532467532467,0.04995004995004995,20.02,0.9619647739059451,21.540373211003242,14.000701345383968,0.5,0.0,0.5,0.0,0.0,0.25324675,0.0,45.76119998819195,0.03840000135824084,0.09650000720284879,40.0,False,50.85,11.295864142862998,21.540373211003242,31.415532936019126,0.9619647739059451,3,0.0,0.0,False,0.0,0.0,0.0,0.0,1.0,50.875,True,0.95,0.0014452727806756752,0.17232808737105934,True,0.9619647739059451,0.0,0.25,False,0.04995004995004995,11.295864142862998,25.07339555528048,21.540373211003242,True,0.20367726323062765,14.000701345383968,True,0.04651631392972968,8.598081596079517,18,-0.2493410046107812,17.43701143384725,0.20367726323062765,ground_x_z,-0.8325818369118423,True,28.2444642456498,0.9997216131052769,0,66,9.148769732364926,8,2,50.375,41.375,-9.475000000000001,-7.0807425104820325,0.526388888888889,-0.2317823715217053,-0.2982926414377243,-8.130285665396729,0.9793216525302766,False,1.0350877192982457,0,False,False,False,0.0,0.0,0.0,False,True,True,True,False,left,0.0,0.0,ground_x_z,11.295864142862998,25.07339555528048,14.000701345383968,-5.802069657022349,-12.253031710501745,-38.43397556978796,-52.36188771857243,6.075522041830802,True,False,continue_block,0.0,0.0
WIN_20260919_18_13_14_Pro_flip.mp4,66,3.296703296703297,0.04995004995004995,20.02,0.9766374986599011,18.882932199779816,12.084742308145504,0.5,0.0,0.5,0.0,0.0,0.2032967,0.0,43.84199998457916,0.03749999450519681,0.09819999104365706,78.0,False,44.868750000000006,9.974725812628721,18.882932199779816,31.415532936019126,0.9766374986599011,3,0.0,0.0,False,0.0,0.0,0.0,0.0,1.0,44.875,True,0.95,0.002936731568010748,0.17254775360093005,True,0.9766374986599011,0.0,0.25,False,0.04995004995004995,9.974725812628721,25.07339555528048,18.882932199779816,True,0.20081522102969124,12.084742308145504,True,0.045716509149726664,8.598081596079517,18,-0.21410290433734044,15.32142944888091,0.20081522102969124,ground_x_z,-0.6681106457634511,True,28.2444642456498,0.9995758373883091,0,67,7.792950425302607,7,2,44.75,37.125,-7.743750000000006,-7.180193633909729,0.43020833333333364,-0.23807904370873254,-0.26556677158368136,-8.343325582034607,0.978403450425717,False,1.0291858678955452,0,False,False,False,0.0,0.0,0.0,False,True,True,True,False,left,0.0,0.0,ground_x_z,9.974725812628721,25.07339555528048,12.084742308145504,-5.299440616722379,-5.802069657022349,-21.58998149792385,-31.575823681803,10.258231223672603,True,False,continue_block,0.0,0.0
WIN_20260919_18_13_14_Pro_flip.mp4,67,3.346653346653347,0.04995004995004995,20.02,0.8304795305082437,18.384707915181558,12.617980462239725,0.5,0.0,0.5,0.0,0.0,0.15334665,0.0,46.994200005428866,0.04029998672194779,0.0906999921426177,68.0,False,33.66484069824219,7.489873010304862,18.384707915181558,31.415532936019126,0.8304795305082437,3,0.0,0.0,False,0.0,0.0,0.0,0.0,0.0,0.0,False,0.0,0.0,0.0,True,0.8304795305082437,0.0,0.25,False,0.04995004995004995,7.489873010304862,25.07339555528048,18.384707915181558,True,0.22612088887314502,12.617980462239725,True,0.05122827907524612,8.120521615878719,16,-0.22385600393357993,13.103748456747368,0.22612088887314502,ground_x_z,-0.6988472176482059,True,28.2444642456498,0.0,0,68,8.748019928298236,8,2,33.66484069824219,26.18219566345215,-7.482645034790039,-7.225561344041775,0.41570250193277997,-0.2301073797465318,-0.19382625803241468,-8.062195322772025,0.9781888814809538,False,1.0258001133034536,0,False,False,False,0.0,0.0,0.0,False,True,True,True,False,left,0.0,0.0,ground_x_z,7.489873010304862,25.07339555528048,12.617980462239725,-2.187524044549017,-5.299440616722379,-13.9142060061045,-17.229530778764243,15.398341673496134,True,False,continue_block,0.0,0.0
WIN_20260919_18_13_14_Pro_flip.mp4,68,3.3966033966033966,0.04995004995004995,20.02,0.828960429022333,21.336866400716385,16.564827019256605,0.5,0.0,0.5,0.0,0.0,0.1033966,0.0,46.136399992974475,0.03890000516548753,0.0906999921426177,55.5,False,18.093584060668945,4.024636304525848,21.336866400716385,31.415532936019126,0.828960429022333,3,0.0,0.0,False,0.0,0.0,0.0,0.0,0.0,0.0,False,0.0,0.0,0.0,True,0.828960429022333,0.0,0.25,False,0.04995004995004995,4.024636304525848,25.07339555528048,21.336866400716385,True,0.21996954432060378,16.564827019256605,True,0.049927859779120946,8.120521615878719,16,-0.2974446287640896,11.542550996199646,0.21996954432060378,ground_x_z,-0.9205211580730357,True,28.2444642456498,0.0,0,69,10.649487734536192,8,2,18.093584060668945,9.386579513549805,-8.70700454711914,-7.4477778245033806,0.48372247483995223,-0.2042806285717733,-0.08851028324302974,-7.1642589995494035,0.9791383163721129,False,1.0266020967355372,0,False,False,False,0.0,0.0,0.0,False,False,True,True,False,left,0.0,0.0,ground_x_z,4.024636304525848,25.07339555528048,16.564827019256605,3.878316663584874,-2.187524044549017,0.6326465019411796,5.640341092980393,25.444350265009795,True,False,continue_block,0.0,0.0
WIN_20260919_18_13_14_Pro_flip.mp4,69,3.4465534465534464,0.04995004995004995,20.02,0.8264371275103607,24.636244734695588,20.366394565664017,0.5,0.0,0.5,0.0,0.0,0.05344655,0.0,54.70090001472272,0.03920000744983554,0.09159999899566174,69.0,False,8.177007675170898,1.8205950212691357,24.636244734695588,31.415532936019126,0.8264371275103607,3,0.0,0.0,False,0.0,0.0,0.0,0.0,0.0,0.0,False,0.0,0.0,0.0,True,0.8264371275103607,0.0,0.25,False,0.04995004995004995,1.8205950212691357,25.07339555528048,24.636244734695588,True,0.17147960551314248,20.366394565664017,True,0.038924590562227926,8.120521615878719,16,-0.3712291657419478,11.107191095334139,0.17147960551314248,ground_x_z,-1.1911074799428336,True,28.2444642456498,0.0,0,70,11.53383225341518,8,2,8.177007675170898,-2.4117088317871094,-10.588716506958008,-7.918918626871575,0.5882620281643338,-0.1703552067223865,-0.017930198108160773,-5.980774980004335,0.9801713512379153,False,1.0242671052146874,0,False,False,False,0.0,0.0,0.0,False,False,True,True,False,left,0.0,0.0,ground_x_z,1.8205950212691357,25.07339555528048,20.366394565664017,8.455537929792586,3.878316663584874,17.75350663880107,27.75037995043239,37.09976231473795,True,False,continue_block,0.0,0.0
WIN_20260919_18_13_14_Pro_flip.mp4,70,3.4965034965034967,0.04995004995004995,20.02,0.9685621845231945,26.85891012562833,22.522580868302207,0.5,0.0,0.5,0.0,0.0,0.0034965,0.0,58.716600004117936,0.03819999983534217,0.08569998317398131,80,False,6.7375,1.5013453246195325,26.85891012562833,31.415532936019126,0.9685621845231945,3,0.0,0.0,False,0.0,0.0,0.0,0.0,1.0,6.75,True,0.95,0.002619243799569435,0.14974726182552622,True,0.9685621845231945,0.0,0.25,False,0.04995004995004995,1.5013453246195325,25.07339555528048,26.85891012562833,True,0.17696648688326141,22.522580868302207,True,0.04006376828383207,8.598081596079517,18,-0.4146753669561727,11.8170399158465,0.17696648688326141,ground_x_z,-1.362603097370775,True,28.2444642456498,0.9996724100957639,0,71,10.041689479703876,8,2,6.5,-5.25,-11.9875,-8.529205832840839,0.6659722222222223,-0.14000088446364048,-0.003945769155213588,-4.922749852615241,0.9816958207230401,False,1.025996533795494,0,False,False,False,0.0,0.0,0.0,False,False,True,True,False,left,0.0,0.0,ground_x_z,1.5013453246195325,25.07339555528048,22.522580868302207,10.020841684350962,8.455537929792586,31.761105955080133,46.61113605057509,41.336373041060526,True,False,continue_block,0.0,0.0
WIN_20260919_18_13_14_Pro_flip.mp4,71,3.5464535464535465,0.04995004995004995,20.02,0.9669686263055515,28.447747099921717,23.966823884956646,0.5,0.0,0.5,0.0,0.0,0.0,0.0,61.23140000272542,0.051499984692782164,0.1289999927394092,35.0,False,7.59375,1.6964977150899752,28.447747099921717,31.415532936019126,0.9669686263055515,3,0.0,0.0,False,0.0,0.0,0.0,0.0,1.0,7.625,True,0.95,0.0016648047649139974,0.1607275126832218,True,0.9669686263055515,0.0,0.25,False,0.04995004995004995,1.6964977150899752,25.07339555528048,28.447747099921717,True,0.2614098390228332,23.966823884956646,True,0.06003879867595472,8.598081596079517,18,-0.4445350508309961,12.71417074204214,0.2614098390228332,ground_x_z,-1.4465526194073448,True,28.2444642456498,0.9997366212201647,0,72,9.686438463480554,8,2,7.0,-5.125,-12.71875,-9.157637457914714,0.7065972222222222,-0.1156337667353373,-0.007089965703367375,-4.07647851908223,0.9842387034820735,False,1.0310786106032908,0,False,False,False,0.0,0.0,0.0,False,False,True,True,False,left,0.0,0.0,ground_x_z,1.6964977150899752,25.07339555528048,23.966823884956646,10.629896497827177,10.020841684350962,37.76320630131493,55.484729233927936,45.88557515237513,True,False,continue_block,0.0,0.0
WIN_20260919_18_13_14_Pro_flip.mp4,72,3.5964035964035963,0.04995004995004995,20.02,0.0,0.0,0.0,0.37512487512487513,0.0,0.5,0.0,0.0,0.0,0.0,54.49089998728596,0.03170000854879618,0.02139998832717538,25,False,7.59375,1.6964977150899752,0.0,31.415532936019126,0.0,3,0.0,0.0,False,0.0,0.0,0.0,0.0,0.0,0.0,False,0.0,0.0,0.0,False,0.0,0.04995004995004981,0.25,False,0.04995004995004995,0.0,0.0,0.0,False,0.0,0.0,False,0.0,0.0,0,0.0,0.0,0.0,ground_x_z,0.0,False,0.0,0.0,1,73,9.686438463480554,8,0,0.0,0.0,0.0,-9.157637457914714,0.0,-0.1156337667353373,0.0,-4.07647851908223,0.9842387034820735,False,1.0,0,False,False,False,0.0,0.0,0.0,False,False,False,False,False,,0.0,0.0,,,,,,,,,,,,brief_loss_hold,0.0,0.0
WIN_20260919_18_13_14_Pro_flip.mp4,73,3.6463536463536466,0.04995004995004995,20.02,0.8290952866261454,20.685111366122264,13.122340556074306,0.5,0.0,0.5,0.0,0.0,0.0,0.0,66.94359998800792,0.018799997633323073,0.05199998850002885,52.0,False,52.502037048339844,11.750514849343979,20.685111366122264,25.07339555528048,0.8290952866261454,1,0.0,0.0,True,115.79794890558487,23.46097956483614,1166.3,5.0,0.0,0.0,False,0.0,0.0,0.0,True,0.8290952866261454,0.0,0.25,False,0.04995004995004995,11.750514849343979,25.07339555528048,20.685111366122264,True,0.08347248802261459,13.122340556074306,True,0.018732711591990605,1.6980037251844564,8,-0.2331183581460343,17.591349383292343,0.08347248802261459,ground_x_z,0.0,False,25.07339555528048,0.0,0,74,21.727227676388214,8,1,52.502037048339844,52.502037048339844,0.0,-7.7839918392275065,0.0,-0.1549001167835906,-0.33297834092162093,-5.46628984153399,0.9852373426947829,False,1.0,0,False,True,False,0.0,139.79794890558486,93.79794890558486,,True,True,True,False,left,0.0,0.0,ground_x_z,11.750514849343979,25.07339555528048,13.122340556074306,-6.774607206897773,-6.774607206897773,-6.774607206897773,,13.122340556074306,False,False,continue_block,0.0,0.0
WIN_20260919_18_13_14_Pro_flip.mp4,74,3.6963036963036964,0.04995004995004995,20.02,0.8264939621959623,20.924773639246613,12.274848239323726,0.5,0.0,0.5,0.0,0.0,0.0,0.0,63.897800020640716,0.027300004148855805,0.0610999995842576,73.0,False,64.69394302368164,14.493891387433244,20.924773639246613,31.415532936019126,0.8264939621959623,3,0.0,0.0,True,102.85579894936204,32.91986215223753,1285.8991139240507,49.0,0.0,0.0,False,0.0,0.0,0.0,True,0.8264939621959623,0.0,0.25,False,0.04995004995004995,14.493891387433244,25.07339555528048,20.924773639246613,True,0.15866020761425065,12.274848239323726,True,0.036606226342737185,8.120521615878719,16,-0.21757545449056356,19.94808490339307,0.15866020761425065,ground_x_z,-0.7011872618742991,True,28.2444642456498,0.0,0,75,21.29103403100214,8,2,64.69394302368164,55.87255859375,-8.82138442993164,-7.9396007278331275,0.49007691277398,-0.19744021896049843,-0.39046984678139157,-6.974250496050104,0.9861929002290294,False,1.033550371144504,0,False,True,False,0.0,126.85579894936204,80.85579894936204,,True,True,True,False,left,0.0,0.0,ground_x_z,14.493891387433244,25.07339555528048,12.274848239323726,-10.282177397536516,-8.528392302217146,-8.528392302217146,,12.274848239323726,False,False,continue_block,0.0,0.0
WIN_20260919_18_13_14_Pro_flip.mp4,75,3.746253746253746,0.04995004995004995,20.02,0.8239994769400639,26.34785551590874,17.094610070965793,0.5,0.0,0.5,0.0,0.0,0.0,0.0,69.92030001129024,0.023800006601959467,0.053800002206116915,46.0,False,68.04281616210938,15.258949215679266,26.34785551590874,31.415532936019126,0.8239994769400639,3,0.0,0.0,True,90.99510588915571,32.67590712456863,1325.648311230833,97.0,0.0,0.0,False,0.0,0.0,0.0,True,0.8239994769400639,0.0,0.25,False,0.04995004995004995,15.258949215679266,25.07339555528048,26.34785551590874,True,0.1739914649573649,17.094610070965793,True,0.03957036787893068,8.120521615878719,16,-0.30753719742396984,22.989355012595475,0.1739914649573649,ground_x_z,-0.9803258066691534,True,28.2444642456498,0.0,0,76,20.87782131657574,8,2,68.04281616210938,56.70012283325195,-11.342693328857422,-8.450064617986772,0.6301496293809679,-0.23459774666622932,-0.4037226684016929,-8.297113685765483,0.9874228159331521,False,1.0446148346972974,0,False,True,False,0.0,114.99510588915571,68.99510588915571,,True,True,True,False,left,0.0,0.0,ground_x_z,15.258949215679266,25.07339555528048,17.094610070965793,-8.635064237757595,-8.635064237757595,-8.635064237757595,,17.094610070965793,False,False,continue_block,0.0,0.0
WIN_20260919_18_13_14_Pro_flip.mp4,76,3.7962037962037964,0.04995004995004995,20.02,0.8305246716374096,29.73121509645507,20.66675504674592,0.5,0.0,0.5,0.0,0.0,0.0,0.0,63.980900013120845,0.021499989088624716,0.05479998071677983,55.0,False,64.82922744750977,14.556395710282096,29.73121509645507,31.415532936019126,0.8305246716374096,3,0.0,0.0,True,92.36830515611999,32.61952204380902,1319.5908000639624,91.0,0.0,0.0,False,0.0,0.0,0.0,True,0.8305246716374096,0.0,0.25,False,0.04995004995004995,14.556395710282096,25.07339555528048,29.73121509645507,True,0.2314487407180394,20.66675504674592,True,0.05327262397466299,8.120521615878719,16,-0.3772055746863004,24.029806552247997,0.2314487407180394,ground_x_z,-1.172625700916167,True,28.2444642456498,0.0,0,77,20.917323369466025,8,2,64.82922744750977,52.0,-12.829227447509766,-9.106939042415222,0.7127348581949869,-0.26038314030021176,-0.3780409079442997,-9.218335875460227,0.9884156680179446,False,1.0361409400336932,0,False,True,False,0.0,116.36830515611999,70.36830515611999,,True,True,True,False,left,0.0,0.0,ground_x_z,14.556395710282096,25.07339555528048,20.66675504674592,-5.885196825723887,-8.635064237757595,-8.635064237757595,,20.66675504674592,False,False,continue_block,0.0,0.0
WIN_20260919_18_13_14_Pro_flip.mp4,77,3.8461538461538463,0.04995004995004995,20.02,0.8361016748485306,25.933704949810657,17.275760227230634,0.5,0.0,0.5,0.0,0.0,0.0,0.0,66.21039999299683,0.01789999078027904,0.0523999915458262,56.0,False,61.61727523803711,13.849109459962765,25.933704949810657,31.415532936019126,0.8361016748485306,3,0.0,0.0,True,108.46025550980085,33.908671939554004,1278.3421250941974,29.0,0.0,0.0,False,0.0,0.0,0.0,True,0.8361016748485306,0.0,0.25,False,0.04995004995004995,13.849109459962765,25.07339555528048,25.933704949810657,True,0.36248281254229064,17.275760227230634,True,0.08409402021841007,8.120521615878719,16,-0.31100127153308715,21.661177855708807,0.36248281254229064,ground_x_z,-0.9617414282055776,True,28.2444642456498,0.0,0,78,20.963089264931753,8,2,61.61727523803711,50.73306655883789,-10.884208679199219,-9.373529487932823,0.6046782599555122,-0.2790460393548755,-0.3638809183686459,-9.882818321699464,0.9887919057005523,False,1.033725344944051,0,False,True,False,0.0,132.46025550980085,86.46025550980085,,True,True,True,False,left,0.0,0.0,ground_x_z,13.849109459962765,25.07339555528048,17.275760227230634,-6.952215415214969,-6.952215415214969,-6.952215415214969,,17.275760227230634,False,False,continue_block,0.0,0.0
WIN_20260919_18_13_14_Pro_flip.mp4,78,3.896103896103896,0.04995004995004995,20.02,0.5266208224210819,59.604987841489255,53.816539813584086,0.5,0.0,0.5,0.0,0.0,0.0,0.0,61.988100002054125,0.018799997633323073,0.04939999780617654,38.0,False,50.36537551879883,11.294739772797413,59.604987841489255,25.07339555528048,0.5266208224210819,1,0.0,0.0,True,92.83249372637943,27.301160554321115,1259.45739738755,89.0,0.0,0.0,False,0.0,0.0,0.0,True,0.5266208224210819,0.0,0.25,False,0.04995004995004995,11.294739772797413,25.07339555528048,59.604987841489255,True,1.3995415557214415,53.816539813584086,True,0.31431137720071534,1.4528681616659966,6,-1.3671546445349037,44.87683070896727,1.3995415557214415,ground_x_z,0.0,False,25.07339555528048,0.0,0,79,7.837174992600211,7,1,50.36537551879883,50.36537551879883,0.0,-7.967500064742899,0.0,-0.28613835146000827,-0.31877005110292095,-10.138525271041143,0.9892331715294106,False,1.0,0,False,True,False,0.0,116.83249372637943,70.83249372637943,,True,True,True,False,left,0.0,0.0,ground_x_z,11.294739772797413,25.07339555528048,53.816539813584086,24.497599823409466,-5.885196825723887,-5.885196825723887,,53.816539813584086,False,False,continue_block,0.0,0.0
WIN_20260919_18_13_14_Pro_flip.mp4,79,3.9460539460539463,0.04995004995004995,20.02,0.8395363361112225,33.19227619218959,26.864133936931584,0.5,0.0,0.5,0.0,0.0,0.0,0.0,63.97079999442212,0.023900007363408804,0.05819997750222683,38.0,False,29.331424713134766,6.59798107999946,33.19227619218959,31.415532936019126,0.8395363361112225,3,0.0,0.0,True,87.46949685968625,22.11419169675877,1217.43547624675,113.0,0.0,0.0,False,0.0,0.0,0.0,True,0.8395363361112225,0.0,0.25,False,0.04995004995004995,6.59798107999946,25.07339555528048,33.19227619218959,True,0.3415866821335764,26.864133936931584,True,0.07785114678952236,8.120521615878719,16,-0.5065421078720425,19.305612936966305,0.3415866821335764,ground_x_z,-1.650862866210709,True,28.2444642456498,0.0,0,80,10.962582492339216,8,2,29.331424713134766,14.011175155639648,-15.320249557495117,-9.070412488655732,0.8511249754163954,-0.2590942919748814,-0.13934809838835618,-9.19833213184874,0.9911769532359368,False,1.033461072500561,0,False,True,False,0.0,111.46949685968625,65.46949685968625,,True,True,True,False,left,0.0,0.0,ground_x_z,6.59798107999946,25.07339555528048,26.864133936931584,6.874846134188662,6.874846134188662,6.874846134188662,,26.864133936931584,False,False,continue_block,0.0,0.0
WIN_20260919_18_13_14_Pro_flip.mp4,80,3.996003996003996,0.04995004995004995,20.02,0.8339974246221274,34.78837641889825,28.85045732233253,0.5,0.0,0.5,0.0,0.0,0.0,0.0,62.18170002102852,0.018499995348975062,0.07810001261532307,64.0,False,23.691675186157227,5.339780750830736,34.78837641889825,31.415532936019126,0.8339974246221274,3,0.0,0.0,True,76.50252647280276,21.039039024556978,1240.0296870282782,169.0,0.0,0.0,False,0.0,0.0,0.0,True,0.8339974246221274,0.0,0.25,False,0.04995004995004995,5.339780750830736,25.07339555528048,34.78837641889825,True,0.19326297369953804,28.85045732233253,True,0.04474437075681544,8.120521615878719,16,-0.5509020122979491,19.15879081697814,0.19326297369953804,ground_x_z,-1.745379304834173,True,28.2444642456498,0.0,0,81,11.148837589062566,8,2,23.691675186157227,7.8444061279296875,-15.847269058227539,-10.086940974091503,0.8804038365681967,-0.23012144634054585,-0.10107607660770097,-8.183428633578938,0.9928374673123344,False,1.0142579082928582,0,False,True,False,0.0,100.50252647280276,54.50252647280276,,False,True,True,False,left,0.0,0.0,ground_x_z,5.339780750830736,25.07339555528048,28.85045732233253,9.528094089517552,9.528094089517552,43.22734277689213,67.39849737474916,54.44488099769384,True,False,continue_block,0.0,0.0
WIN_20260919_18_13_14_Pro_flip.mp4,81,4.045954045954046,0.04995004995004995,20.02,0.9761361054965944,40.03703431671081,34.07214762767454,0.5,0.0,0.5,0.0,0.0,0.0,0.0,53.29129999154247,0.020100007532164454,0.08830000297166407,42.0,False,23.974999999999998,5.413734532557282,40.03703431671081,31.415532936019126,0.9761361054965944,3,0.0,0.0,True,69.44679247834979,23.985348149255206,1311.680095320903,211.0,1.0,24.0,True,0.95,0.003909538159942953,0.22495790852082098,True,0.9761361054965944,0.0,0.25,False,0.04995004995004995,5.413734532557282,25.07339555528048,40.03703431671081,True,0.47860896996134217,34.07214762767454,True,0.10990228840071065,8.598081596079517,18,-0.6763421829194446,22.25947685729998,0.47860896996134217,ground_x_z,-2.2051426135877,True,28.2444642456498,0.9992652549062253,0,82,11.0565457396061,8,2,23.5,4.25,-19.724999999999998,-11.532649827977778,1.0,-0.20439547509481368,-0.09005499312018317,-7.282457606630858,0.9947332653293064,True,1.0052447552447552,-1,False,True,False,0.0,93.44679247834979,47.44679247834979,,True,True,True,False,left,0.0,0.0,ground_x_z,5.413734532557282,25.07339555528048,34.07214762767454,12.89308680676384,9.528094089517552,43.272588550849264,67.48898892266342,61.317766177927275,True,False,continue_block,0.0,0.0
WIN_20260919_18_13_14_Pro_flip.mp4,82,4.095904095904096,0.04995004995004995,20.02,0.8142483283852228,28.89281139847209,21.420375792065276,0.5,0.0,0.5,0.0,0.0,0.0,0.0,60.419100016588345,0.02020000829361379,0.08440000237897038,25,False,35.63174629211426,8.429378035536189,28.89281139847209,31.415532936019126,0.8142483283852228,2,0.0,0.0,True,86.19609389656989,38.353589001615866,1413.0773775626424,119.0,0.0,0.0,False,0.0,0.0,0.0,True,0.8142483283852228,0.0,0.25,False,0.04995004995004995,8.429378035536189,31.415532936019126,28.89281139847209,True,0.38841573152400016,21.420375792065276,True,0.09233803048155904,1.857294943112013,8,-0.3923060141460215,20.731101342925914,0.38841573152400016,ground_x_z,0.0,False,31.415532936019126,0.0,0,83,12.139185438758172,8,1,35.63174629211426,35.63174629211426,0.0,-9.802752353781111,0.0,-0.20973124766479465,-0.23602984286027767,-7.490171374124775,0.9970766999680856,False,1.0,0,False,True,False,0.0,110.19609389656989,64.19609389656989,,True,True,True,False,left,0.0,0.0,ground_x_z,8.429378035536189,31.415532936019126,21.420375792065276,-1.3044909373784168,9.528094089517552,34.13729622411166,49.21840426918821,44.95558198930151,True,False,continue_block,0.0,0.0
WIN_20260919_18_13_14_Pro_flip.mp4,83,4.145854145854146,0.04995004995004995,20.02,0.822739422779423,28.16538802914267,19.306738242955287,0.5,0.0,0.5,0.0,0.0,0.0,0.0,62.75530002312735,0.016400008462369442,0.08860000525601208,53.0,False,64.46605682373047,14.61635416969787,28.16538802914267,31.415532936019126,0.822739422779423,3,0.0,0.0,True,87.89972734395899,50.80152483364904,1548.4955372351299,111.0,0.0,0.0,False,0.0,0.0,0.0,True,0.822739422779423,0.0,0.25,False,0.04995004995004995,14.61635416969787,25.07339555528048,28.16538802914267,True,0.20009864536086855,19.306738242955287,True,0.04686203512679352,8.120521615878719,16,-0.3503270521506843,23.43729527680286,0.20009864536086855,ground_x_z,-1.0836300124126748,True,28.2444642456498,0.0,0,84,16.98005495942031,8,2,64.46605682373047,52.5,-11.966056823730469,-10.127248024273515,0.6647809346516927,-0.240349836650122,-0.3788902749548166,-8.584511811559517,0.9971757875645099,False,1.0181371990658137,0,False,True,False,0.0,111.89972734395899,65.89972734395899,,True,True,True,False,left,0.0,0.0,ground_x_z,14.61635416969787,25.07339555528048,19.306738242955287,-6.711574451050303,-1.3044909373784168,10.00225346725033,22.613488809257493,30.750079593323143,True,False,continue_block,0.0,0.0
WIN_20260919_18_13_14_Pro_flip.mp4,84,4.195804195804196,0.04995004995004995,20.02,0.8163690009019261,32.706014776723386,22.721458071973668,0.5,0.0,0.5,0.0,0.0,0.0,0.0,61.82279999484308,0.032899988582357764,0.42409999878145754,45.0,False,64.2160530090332,15.228760130756829,32.706014776723386,31.415532936019126,0.8163690009019261,2,0.0,0.0,True,85.77729290454923,58.88234787814758,1658.9831981089887,121.0,0.0,0.0,False,0.0,0.0,0.0,True,0.8163690009019261,0.0,0.25,False,0.04995004995004995,15.228760130756829,31.415532936019126,32.706014776723386,True,0.1636785563617951,22.721458071973668,True,0.03878603885929449,1.857294943112013,8,-0.41874917778340254,28.360079676698746,0.1636785563617951,ground_x_z,0.0,False,31.415532936019126,0.0,0,85,14.136808321095243,8,1,64.2160530090332,64.2160530090332,0.0,-8.608160820632488,0.0,-0.2738321571512386,-0.4260522857171544,-9.787822708953527,0.9979334961343593,False,1.0,0,False,True,False,0.0,109.77729290454923,63.77729290454923,,True,True,True,False,left,0.0,0.0,ground_x_z,15.228760130756829,31.415532936019126,22.721458071973668,-8.47083221619723,-6.711574451050303,-2.7402705072361964,7.9426078876282125,30.50880598995618,True,False,continue_block,0.0,0.0
WIN_20260919_18_13_14_Pro_flip.mp4,85,4.245754245754246,0.04995004995004995,20.02,0.8517304085857555,33.29574814277642,22.478356833882497,0.5,0.0,0.5,0.0,0.0,0.0,0.0,57.89609998464584,0.021000014385208488,0.08929998148232698,52.0,False,74.37057113647461,17.65041337229499,33.29574814277642,31.415532936019126,0.8517304085857555,2,0.0,0.0,True,82.13021327849012,63.757694068763676,1750.4667462845011,139.0,0.0,0.0,False,0.0,0.0,0.0,True,0.8517304085857555,0.0,0.25,False,0.04995004995004995,17.65041337229499,31.415532936019126,33.29574814277642,True,0.279210391946766,22.478356833882497,True,0.06642466307882826,1.857294943112013,8,-0.41377107636558264,30.650216568531068,0.279210391946766,ground_x_z,0.0,False,31.415532936019126,0.0,0,86,14.632526857726464,8,1,74.37057113647461,74.37057113647461,0.0,-7.316936697537614,0.0,-0.31364725591089676,-0.49376660897037655,-11.211782286082965,0.9980059195934569,False,1.0,0,False,True,False,0.0,106.13021327849012,60.13021327849012,,True,True,True,False,left,0.0,0.0,ground_x_z,17.65041337229499,31.415532936019126,22.478356833882497,-11.266621820043204,-8.47083221619723,-10.642454241601857,-4.343244050809252,25.24628220908435,True,False,continue_block,0.0,0.0
WIN_20260919_18_13_14_Pro_flip.mp4,86,4.2957042957042955,0.04995004995004995,20.02,0.0,0.0,0.0,0.37512487512487513,0.0,0.5,0.0,0.0,0.0,0.0,60.39009999949485,0.03309999010525644,0.020000006770715117,42.5,False,74.37057113647461,17.65041337229499,0.0,31.415532936019126,0.0,2,0.0,0.0,True,75.08884138571531,57.92930508898853,1745.555492003432,177.0,0.0,0.0,False,0.0,0.0,0.0,False,0.0,0.04995004995005026,0.25,False,0.04995004995004995,0.0,0.0,0.0,False,0.0,0.0,False,0.0,0.0,0,0.0,0.0,0.0,ground_x_z,0.0,False,0.0,0.0,1,87,14.632526857726464,8,0,0.0,0.0,0.0,-7.316936697537614,0.0,-0.31364725591089676,0.0,-11.211782286082965,0.9980059195934569,False,1.0,0,False,True,False,0.0,99.08884138571531,53.08884138571531,,False,False,False,False,,0.0,0.0,,,,,,,,,,,,brief_loss_hold,0.0,0.0
WIN_20260919_18_13_14_Pro_flip.mp4,87,4.345654345654346,0.04995004995004995,20.02,0.8088178274772246,31.71809948411005,22.595947282947776,0.5,0.0,0.5,0.0,0.0,0.0,0.0,61.49230001028627,0.023600005079060793,0.06100002792663872,49.0,False,67.57347869873047,15.335197875200745,31.71809948411005,25.07339555528048,0.8088178274772246,1,0.0,0.0,True,72.36256170601013,52.38313275881044,1697.108617408572,193.0,0.0,0.0,False,0.0,0.0,0.0,True,0.8088178274772246,0.0,0.25,False,0.04995004995004995,15.335197875200745,25.07339555528048,31.71809948411005,True,0.072519383891498,22.595947282947776,True,0.016464405781615857,1.6980037251844564,8,-0.41617683726067206,25.77320820180914,0.072519383891498,ground_x_z,0.0,False,25.07339555528048,0.0,0,88,14.944392954332612,8,1,67.57347869873047,67.57347869873047,0.0,-6.219396192906972,0.0,-0.33443590203070545,-0.4288678896407092,-11.958556138368666,0.9983108864062739,False,1.0,0,False,True,False,0.0,96.36256170601013,50.362561706010126,,True,True,True,False,left,0.0,0.0,ground_x_z,15.335197875200745,25.07339555528048,22.595947282947776,-5.6667074281560454,-5.6667074281560454,-5.6667074281560454,,22.595947282947776,False,False,continue_block,0.0,0.0
WIN_20260919_18_13_14_Pro_flip.mp4,88,4.395604395604396,0.04995004995004995,20.02,0.9454545132676312,34.35111213542632,25.671159645240152,0.5,0.0,0.5,0.0,0.0,0.0,0.0,58.187599992379546,0.024200009647756815,0.05600001895800233,40.0,False,62.46309307524804,14.197813647863626,34.35111213542632,31.415532936019126,0.9454545132676312,3,0.0,0.0,True,76.14583907674577,52.70317707727595,1664.7653980864513,171.0,0.6,62.375,True,0.647627699007809,0.003941827600021299,0.17136242109948968,True,0.9454545132676312,0.0,0.25,False,0.04995004995004995,14.197813647863626,25.07339555528048,34.35111213542632,True,0.541628422000281,25.671159645240152,True,0.12771914972565926,8.120521615878719,16,-0.48064770284588804,26.299513819669414,0.541628422000281,ground_x_z,-1.5000725745494456,True,28.2444642456498,0.5996552768590824,0,89,14.190917595205091,8,2,62.625,47.16453170776367,-15.298561367484368,-7.581270969093581,0.8499200759713538,-0.3381094772541534,-0.3550343286205281,-12.092426705011917,0.9985184021198431,False,1.0180623973727423,0,False,True,False,0.0,100.14583907674577,54.14583907674577,,True,True,True,False,left,0.0,0.0,ground_x_z,14.197813647863626,25.07339555528048,25.671159645240152,-2.5387158206143754,-4.10271162438521,-4.10271162438521,,25.671159645240152,False,False,continue_block,0.0,0.0
WIN_20260919_18_13_14_Pro_flip.mp4,89,4.445554445554445,0.04995004995004995,20.02,0.7913612031234957,72.89636488509139,69.6967101527547,0.5,0.0,0.5,0.0,0.0,0.0,0.0,65.23199999355711,0.02090001362375915,0.050099974032491446,25,False,45.130245208740234,10.247149584114592,72.89636488509139,31.415532936019126,0.7913612031234957,3,0.0,0.0,True,64.62255092572751,41.73128893521449,1617.5543497480328,243.0,0.0,0.0,False,0.0,0.0,0.0,True,0.7913612031234957,0.0,0.25,False,0.04995004995004995,10.247149584114592,25.07339555528048,72.89636488509139,True,7.358705502940312,69.6967101527547,True,1.7255182572099175,8.120521615878719,16,-2.7028743044803476,77.70422949403489,7.358705502940312,ground_x_z,-5.0,True,28.2444642456498,0.0,0,90,9.756237618050701,8,2,45.130245208740234,-31.275177001953125,-76.40542221069336,-17.904893655333552,1.0,-0.3030076411955996,-0.14650042793900542,-10.852708356217159,0.999964323106326,True,1.141799971099159,-1,False,True,False,0.0,88.62255092572751,42.62255092572751,,True,True,True,False,left,0.0,0.0,ground_x_z,10.247149584114592,25.07339555528048,69.6967101527547,48.80586066407743,-2.5387158206143754,-2.5387158206143754,,69.6967101527547,False,False,continue_block,0.0,0.0
WIN_20260919_18_13_14_Pro_flip.mp4,90,4.495504495504496,0.04995004995004995,20.02,0.0,0.0,0.0,0.37512487512487513,0.0,0.5,0.0,0.0,0.0,0.0,67.71410000510514,0.03400002606213093,0.02060001133941114,35.0,False,45.130245208740234,10.247149584114592,0.0,31.415532936019126,0.0,3,0.0,0.0,True,59.9447259904894,35.043541317004106,1555.2658410516096,277.0,0.0,0.0,False,0.0,0.0,0.0,False,0.0,0.04995004995005026,0.25,False,0.04995004995004995,0.0,0.0,0.0,False,0.0,0.0,False,0.0,0.0,0,0.0,0.0,0.0,ground_x_z,0.0,False,0.0,0.0,1,91,9.756237618050701,8,0,0.0,0.0,0.0,-17.904893655333552,0.0,-0.3030076411955996,0.0,-10.852708356217159,0.999964323106326,True,1.0,-1,False,True,False,0.0,83.9447259904894,37.9447259904894,,False,False,False,False,,0.0,0.0,,,,,,,,,,,,brief_loss_hold,0.0,0.0
WIN_20260919_18_13_14_Pro_flip.mp4,91,4.545454545454546,0.04995004995004995,20.02,0.8272797068895924,47.07814485824722,41.694204918379306,0.5,0.0,0.5,0.19667163112262553,0.0,0.0,0.5,63.869800011161715,0.01990000600926578,0.1036000030580908,46.0,False,18.194711685180664,4.137222805056401,47.07814485824722,31.415532936019126,0.8272797068895924,3,0.0,0.0,True,55.66993245857819,33.592701888824074,1574.4381815639854,311.0,0.0,0.0,False,0.0,0.0,0.0,True,0.8272797068895924,0.0,0.25,False,0.04995004995004995,4.137222805056401,25.07339555528048,47.07814485824722,True,0.5612136459140195,41.694204918379306,True,0.13124587372775592,8.120521615878719,16,-0.8907860832144124,26.403664980745546,0.5612136459140195,ground_x_z,-2.8730028451444563,True,28.2444642456498,0.0,0,92,15.500847245171963,8,2,18.194711685180664,-6.764120101928711,-24.958831787109375,-18.96298437509993,1.0,-0.2542913626375169,-0.0352647987693941,-9.116178951758663,1.0008780996113682,True,0.9719880442777342,-1,False,True,False,0.0,79.66993245857819,33.66993245857819,,True,True,True,False,left,0.0,0.0,ground_x_z,4.137222805056401,25.07339555528048,41.694204918379306,19.86686524490502,19.86686524490502,19.86686524490502,,41.694204918379306,False,False,new_block,0.5,0.19667163112262553
WIN_20260919_18_13_14_Pro_flip.mp4,92,4.595404595404595,0.04995004995004995,20.02,0.9688409044946598,56.50921421936302,52.05609620743742,0.5,0.0,0.5,0.19667163112262553,0.0,0.0,0.45004995004994974,61.99960000230931,0.023300002794712782,0.052499992307275534,36.0,False,9.075,2.0643606275506223,56.50921421936302,31.415532936019126,0.9688409044946598,3,0.0,0.0,True,48.34206273296407,32.07423362518076,1635.5928805599858,377.0,1.0,9.125,True,0.95,0.009010938761652685,0.10871146130092191,True,0.9688409044946598,0.0,0.25,False,0.04995004995004995,2.0643606275506223,25.07339555528048,56.50921421936302,True,1.0181592199187237,52.05609620743742,True,0.23738012019862584,8.598081596079517,18,-1.2825278888670018,33.89782214707746,1.0181592199187237,ground_x_z,-4.290348226099253,True,28.2444642456498,0.9981050899042226,0,93,15.371637709828194,8,2,8.125,-27.375,-36.45,-21.58603671883494,1.0,-0.19674588201235818,0.06201513507559949,-7.062048528816943,1.002132161316166,True,0.9059915971320853,-1,False,True,False,0.0,72.34206273296407,26.342062732964067,,True,True,True,False,left,0.0,0.0,ground_x_z,2.0643606275506223,25.07339555528048,52.05609620743742,30.883394663619114,25.375129954262068,25.375129954262068,,52.05609620743742,False,False,minimum_hold,0.45004995004994974,0.19667163112262553
WIN_20260919_18_13_14_Pro_flip.mp4,93,4.6453546453546455,0.04995004995004995,20.02,0.4773090273147222,-59.459236711118855,-54.29833168453862,0.5,0.0,0.5,0.19667163112262553,0.0,0.0,0.4000999000998995,70.30490000033751,0.025699991965666413,0.057900004321709275,25,False,-37.54302501678467,-8.554867314293102,-59.459236711118855,31.415532936019126,0.4773090273147222,3,0.0,0.0,True,56.64229203613145,42.7349048679467,1728.2381612381612,303.0,0.0,0.0,False,0.0,0.0,0.0,True,0.4773090273147222,0.0,0.25,False,0.04995004995004995,-8.554867314293102,25.07339555528048,-59.459236711118855,True,4.702890507043165,-54.29833168453862,True,1.1175040045788593,8.120521615878719,16,1.3915617526420363,-43.17801981347038,4.702890507043165,ground_x_z,4.656511489238678,True,28.2444642456498,0.0,0,94,25.723436863177454,8,2,-37.54302501678467,3.1817283630371094,40.72475337982178,-12.23941820403643,1.0,-0.14092228208268665,0.1082054340544581,-5.0770573958468415,1.0058480058777066,True,0.8240228297785074,-1,False,True,False,0.0,80.64229203613145,34.64229203613145,,True,True,True,False,left,0.0,0.0,ground_x_z,-8.554867314293102,25.07339555528048,-54.29833168453862,-27.593406319702236,19.86686524490502,19.86686524490502,,-54.29833168453862,False,False,minimum_hold,0.4000999000998995,0.19667163112262553
WIN_20260919_18_13_14_Pro_flip.mp4,94,4.695304695304696,0.04995004995004995,20.02,0.8279339262689015,46.168560562745405,39.36331449402343,0.5,0.0,0.5,0.19667163112262553,0.0,0.0,0.35014985014984923,63.834400003543124,0.025300018023699522,0.04909999552182853,48.0,False,45.94425582885742,10.508511492800352,46.168560562745405,31.415532936019126,0.8279339262689015,3,0.0,0.0,True,57.0120807342862,46.72725276741598,1794.55951027547,300.0,0.0,0.0,False,0.0,0.0,0.0,True,0.8279339262689015,0.0,0.25,False,0.04995004995004995,10.508511492800352,25.07339555528048,46.168560562745405,True,0.34795734007239243,39.36331449402343,True,0.08127938865221286,8.120521615878719,16,-0.8203375339010097,31.008871362907968,0.34795734007239243,ground_x_z,-2.6572630401610575,True,28.2444642456498,0.0,0,95,45.282416106139486,8,2,45.94425582885742,21.713462829589844,-24.230792999267578,-14.038124423321102,1.0,-0.15481877621839507,-0.21785558527718785,-5.579479064893469,1.0061667832907266,True,0.9767377835266937,-1,False,True,False,0.0,81.0120807342862,35.0120807342862,,True,True,True,False,left,0.0,0.0,ground_x_z,10.508511492800352,25.07339555528048,39.36331449402343,11.243495563815994,11.243495563815994,11.243495563815994,,39.36331449402343,False,False,minimum_hold,0.35014985014984923,0.19667163112262553
WIN_20260919_18_13_14_Pro_flip.mp4,95,4.745254745254745,0.04995004995004995,20.02,0.796991509468177,48.513387807210385,41.69762771912511,0.5,0.0,0.5,0.19667163112262553,0.0,0.0,0.30019980019979897,62.87920000613667,0.0219999928958714,0.04770001396536827,54.0,False,49.39027404785156,11.31029904976835,48.513387807210385,31.415532936019126,0.796991509468177,3,0.0,0.0,True,57.63477159451938,48.07844481595947,1809.4147309519162,295.0,0.0,0.0,False,0.0,0.0,0.0,True,0.796991509468177,0.0,0.25,False,0.04995004995004995,11.31029904976835,25.07339555528048,48.513387807210385,True,0.6824856925131018,41.69762771912511,True,0.15693754855587672,8.120521615878719,16,-0.8908932310595435,33.63804789604181,0.6824856925131018,ground_x_z,-2.8242162241432895,True,28.2444642456498,0.0,0,96,44.6406394856748,8,2,49.39027404785156,23.661720275878906,-25.728553771972656,-15.791688825618834,1.0,-0.1694633879427355,-0.23552379197796278,-6.105881422491879,1.0059408274804063,True,0.9746402647072601,-1,False,True,False,0.0,81.63477159451938,35.63477159451938,,True,True,True,False,left,0.0,0.0,ground_x_z,11.31029904976835,25.07339555528048,41.69762771912511,12.294400257980072,11.243495563815994,11.243495563815994,,41.69762771912511,False,False,minimum_hold,0.30019980019979897,0.19667163112262553
WIN_20260919_18_13_14_Pro_flip.mp4,96,4.795204795204795,0.04995004995004995,20.02,0.8149682559300555,51.8398136695991,45.723954594055364,0.5,0.0,0.5,0.19667163112262553,0.0,0.0,0.2502497502497487,60.961300012422726,0.02239999594166875,0.05040000542066991,51.0,False,41.48360633850098,9.489123070434047,51.8398136695991,31.415532936019126,0.8149682559300555,3,0.0,0.0,True,54.48185629954713,45.01382191690984,1801.2942986054143,321.0,0.0,0.0,False,0.0,0.0,0.0,True,0.8149682559300555,0.0,0.25,False,0.04995004995004995,9.489123070434047,25.07339555528048,51.8398136695991,True,0.6301720521067871,45.723954594055364,True,0.14943831896567222,8.120521615878719,16,-1.0255955546015298,35.16731997402708,0.6301720521067871,ground_x_z,-3.236799467187229,True,28.2444642456498,0.0,0,97,43.12986412340578,8,2,41.48360633850098,12.605579376220703,-28.878026962280273,-17.75463954611805,1.0,-0.17028274762788653,-0.1736126693935512,-6.132402928533641,1.0054488617831845,True,0.9548463267685422,-1,False,True,False,0.0,78.48185629954713,32.48185629954713,,True,True,True,False,left,0.0,0.0,ground_x_z,9.489123070434047,25.07339555528048,45.723954594055364,17.823108758432898,12.294400257980072,12.294400257980072,,45.723954594055364,False,False,minimum_hold,0.2502497502497487,0.19667163112262553
WIN_20260919_18_13_14_Pro_flip.mp4,97,4.845154845154846,0.04995004995004995,20.02,0.8324531830189177,49.622993919490675,43.7953084812378,0.5,0.0,0.5,0.19667163112262553,0.0,0.0,0.20029970029969846,64.61159998434596,0.021799991372972727,0.0501000031363219,37.0,False,31.480205535888672,7.197353188531755,49.622993919490675,31.415532936019126,0.8324531830189177,3,0.0,0.0,True,50.87210599845429,41.675421890014704,1794.169375580008,353.0,0.0,0.0,False,0.0,0.0,0.0,True,0.8324531830189177,0.0,0.25,False,0.04995004995004995,7.197353188531755,25.07339555528048,49.622993919490675,True,0.544433287592809,43.7953084812378,True,0.12965917703232513,8.120521615878719,16,-0.9588083515364585,31.231746591345757,0.544433287592809,ground_x_z,-3.036794244670585,True,28.2444642456498,0.0,0,98,43.169027746554846,8,2,31.480205535888672,4.700225830078125,-26.779979705810547,-19.108440570071924,1.0,-0.16036596562933794,-0.11552873619555289,-5.7752908459130055,1.005452620430373,True,0.9694654721750625,-1,False,True,False,0.0,74.87210599845429,28.872105998454288,,True,True,True,False,left,0.0,0.0,ground_x_z,7.197353188531755,25.07339555528048,43.7953084812378,18.471879465491323,17.823108758432898,17.823108758432898,,43.7953084812378,False,False,minimum_hold,0.20029970029969846,0.19667163112262553
WIN_20260919_18_13_14_Pro_flip.mp4,98,4.895104895104895,0.04995004995004995,20.02,0.8342454856779994,46.780342101601605,41.02449469783468,0.5,0.0,0.5,0.19667163112262553,0.0,0.0,0.1503496503496482,63.161600002786145,0.02500001573935151,0.08289999095723033,56.0,False,26.913639068603516,6.153301362998523,46.780342101601605,31.415532936019126,0.8342454856779994,3,0.0,0.0,True,51.08955344989741,41.23964580942552,1781.9336741214058,351.0,0.0,0.0,False,0.0,0.0,0.0,True,0.8342454856779994,0.0,0.25,False,0.04995004995004995,6.153301362998523,25.07339555528048,46.780342101601605,True,0.2616440520031245,41.02449469783468,True,0.0611900574889024,8.120521615878719,16,-0.8700375843532576,27.971813923936388,0.2616440520031245,ground_x_z,-2.762048980668914,True,28.2444642456498,0.0,0,99,37.85614363811687,8,2,26.913639068603516,2.6318740844726562,-24.28176498413086,-19.884439232180767,1.0,-0.14836656774119328,-0.094160351529963,-5.343528015082663,1.005522966072672,True,0.9681055715629129,-1,False,True,False,0.0,75.08955344989741,29.08955344989741,,True,True,True,False,left,0.0,0.0,ground_x_z,6.153301362998523,25.07339555528048,41.02449469783468,17.25874608994849,17.823108758432898,13.912503319680408,-7.8212108775049805,42.298322445496396,True,False,minimum_hold,0.1503496503496482,0.19667163112262553
WIN_20260919_18_13_14_Pro_flip.mp4,99,4.945054945054945,0.04995004995004995,20.02,0.5794731671666193,41.08250969237596,35.47455481925168,0.5,0.0,0.5,0.19667163112262553,0.0,0.0,0.10039960039959794,62.973299995064735,0.019700004486367106,0.0845999747980386,41.0,False,23.710023880004883,5.4212475702186245,41.08250969237596,31.415532936019126,0.5794731671666193,3,0.0,0.0,True,48.547463494103354,38.83324464628003,1774.5,375.0,0.0,0.0,False,0.0,0.0,0.0,True,0.5794731671666193,0.0,0.25,False,0.04995004995004995,5.4212475702186245,25.07339555528048,41.08250969237596,True,1.8949999745707913,35.47455481925168,True,0.43489939149576,8.120521615878719,16,-0.7126232244422036,22.851546902901006,1.8949999745707913,ground_x_z,-2.4664032033658287,True,28.2444642456498,0.0,0,100,6.412100171179243,7,2,23.710023880004883,2.042949676513672,-21.66707420349121,-20.151834477877333,1.0,-0.13624562023967357,-0.08197736524437062,-4.910923915076792,1.0063304384536715,True,0.9787252301550459,-1,False,True,False,0.0,72.54746349410335,26.547463494103354,,True,True,True,False,left,0.0,0.0,ground_x_z,5.4212475702186245,25.07339555528048,35.47455481925168,13.865744827337243,17.25874608994849,13.348140651196001,-7.8212108775049805,31.104543418295577,True,False,minimum_hold,0.10039960039959794,0.19667163112262553
WIN_20260919_18_13_14_Pro_flip.mp4,100,4.9950049950049955,0.04995004995004995,20.02,0.8347122698808221,45.15459845822589,40.32449405657108,0.5,0.0,0.5,0.19667163112262553,0.0,0.0,0.050449550449547687,65.41730000753887,0.03060000017285347,0.09720001253299415,43.0,False,10.593021392822266,2.423994419307059,45.15459845822589,31.415532936019126,0.8347122698808221,3,0.0,0.0,True,41.363797786412135,32.900144474718985,1769.8999131776964,451.0,0.0,0.0,False,0.0,0.0,0.0,True,0.8347122698808221,0.0,0.25,False,0.04995004995004995,2.423994419307059,25.07339555528048,45.15459845822589,True,0.25519917199736014,40.32449405657108,True,0.058875929560947116,8.120521615878719,16,-0.8487969044526886,23.669075625857978,0.25519917199736014,ground_x_z,-2.6900176511935694,True,28.2444642456498,0.0,0,101,8.552845792007474,8,2,10.593021392822266,-12.351030349731445,-22.94405174255371,-20.57066706757879,1.0,-0.11006014562404286,0.007368733933979802,-3.9733495473074747,1.0079213472691932,True,0.9685096670623264,-1,False,True,False,0.0,65.36379778641214,19.363797786412135,,True,True,True,False,left,0.0,0.0,ground_x_z,2.423994419307059,25.07339555528048,40.32449405657108,20.53959779344744,17.25874608994849,14.931444814626653,-4.654602550643678,38.80107119804884,True,False,minimum_hold,0.050449550449547687,0.19667163112262553
WIN_20260919_18_13_14_Pro_flip.mp4,101,5.044955044955045,0.04995004995004995,20.02,0.8275515982485607,48.710446513486154,44.20402502217843,0.5,0.0,0.5,0.19667163112262553,0.0,0.0,0.0004995004994974295,65.14890000107698,0.01850002445280552,0.09119999594986439,57.0,False,5.693840026855469,1.304903426681991,48.710446513486154,31.415532936019126,0.8275515982485607,3,0.0,0.0,True,40.84639078195646,32.870143998331244,1779.4111558647626,457.0,0.0,0.0,False,0.0,0.0,0.0,True,0.8275515982485607,0.0,0.25,False,0.04995004995004995,1.304903426681991,25.07339555528048,48.710446513486154,True,0.4838042457970629,44.20402502217843,True,0.11548328904517635,8.120521615878719,16,-0.972594200526702,25.69016231969019,0.4838042457970629,ground_x_z,-3.067334249325417,True,28.2444642456498,0.0,0,102,8.090023974004636,8,2,5.693840026855469,-20.148225784301758,-25.842065811157227,-21.361376879115554,1.0,-0.0812157617215674,0.04877624052006225,-2.9345673265589314,1.0087968315660731,True,0.9522855695340902,-1,False,True,False,0.0,64.84639078195646,18.84639078195646,,True,True,True,False,left,0.0,0.0,ground_x_z,1.304903426681991,25.07339555528048,44.20402502217843,24.6443010643725,20.53959779344744,25.321811048734357,9.564426510573831,43.24633940679962,True,False,minimum_hold,0.0004995004994974295,0.19667163112262553
WIN_20260919_18_13_14_Pro_flip.mp4,102,5.094905094905095,0.04995004995004995,20.02,0.8335294762941009,52.28514986635345,48.16070343743189,0.5,0.0,0.5,0.31610752660931246,0.0,0.0,0.5,63.14310000743717,0.018799997633323073,0.09200000204145908,80,False,-0.22676849365234375,-0.05211163816086656,52.28514986635345,31.415532936019126,0.8335294762941009,3,0.0,0.0,True,37.089818428052965,30.63818333146273,1801.1283228261816,503.0,0.0,0.0,False,0.0,0.0,0.0,True,0.8335294762941009,0.0,0.25,False,0.04995004995004995,-0.05211163816086656,25.07339555528048,52.28514986635345,True,0.5509223229082456,48.16070343743189,True,0.1297360580804187,8.120521615878719,16,-1.1168965245297167,27.931851251878562,0.5509223229082456,ground_x_z,-3.5350857092335977,True,28.2444642456498,0.0,0,103,7.241933680105805,7,2,-0.22676849365234375,-29.686161994934082,-29.45939350128174,-22.576079372440482,1.0,-0.048480867253639266,0.09918249076618908,-1.7534389091075668,1.009764766528373,True,0.9309355786343604,-1,False,True,False,0.0,61.089818428052965,15.089818428052965,,True,True,True,False,left,0.0,0.0,ground_x_z,-0.05211163816086656,25.07339555528048,48.16070343743189,29.155006309141314,24.6443010643725,43.54968347813759,37.81076482753018,52.22601275779837,True,False,new_block,0.5,0.31610752660931246
WIN_20260919_18_13_14_Pro_flip.mp4,103,5.144855144855145,0.04995004995004995,20.02,0.8267289416975715,54.88964312792612,50.818442115625714,0.5,0.0,0.5,0.31610752660931246,0.0,0.0,0.45004995004994974,61.62699998822063,0.022899999748915434,0.04539999645203352,62.0,False,1.3099002838134766,0.3006619381328438,54.88964312792612,31.415532936019126,0.8267289416975715,3,0.0,0.0,True,43.13780536427093,31.59023750778725,1705.6736526946108,431.0,0.0,0.0,False,0.0,0.0,0.0,True,0.8267289416975715,0.0,0.25,False,0.04995004995004995,0.3006619381328438,25.07339555528048,54.88964312792612,True,0.9023779691148099,50.818442115625714,True,0.2148514531213037,8.120521615878719,16,-1.2269272323369131,31.082372987564117,0.9023779691148099,ground_x_z,-3.8473537795171957,True,28.2444642456498,0.0,0,104,6.981917197543367,6,2,1.3099002838134766,-30.78933811187744,-32.09923839569092,-24.00455322592805,1.0,-0.021922306375937284,0.09797888774489401,-0.7935552949968735,1.0106270181446182,True,0.9139959475531532,-1,False,True,False,0.0,67.13780536427093,21.137805364270932,,True,True,True,False,left,0.0,0.0,ground_x_z,0.3006619381328438,25.07339555528048,50.818442115625714,31.2011666414862,30.178086475313755,30.178086475313755,,50.818442115625714,False,False,minimum_hold,0.45004995004994974,0.31610752660931246
WIN_20260919_18_13_14_Pro_flip.mp4,104,5.194805194805195,0.04995004995004995,20.02,0.8164387191816811,58.71344272421539,54.88704821762716,0.5,0.0,0.5,0.31610752660931246,0.0,0.0,0.4000999000998995,60.87960000149906,0.024300010409206152,0.04749998333863914,34.0,False,1.292938232421875,0.2970137032520232,58.71344272421539,31.415532936019126,0.8164387191816811,3,0.0,0.0,True,43.13780536427093,31.59023750778725,1705.6736526946108,431.0,0.0,0.0,False,0.0,0.0,0.0,True,0.8164387191816811,0.0,0.25,False,0.04995004995004995,0.2970137032520232,25.07339555528048,58.71344272421539,True,1.2736556378268669,54.88704821762716,True,0.30420133067201366,8.120521615878719,16,-1.4221726008685134,35.892674850426154,1.2736556378268669,ground_x_z,-4.51765534692408,True,28.2444642456498,0.0,0,105,6.833344367164978,5,2,1.292938232421875,-36.35565757751465,-37.64859580993652,-26.05115961352932,1.0,0.0031611059028244597,0.11647824969595423,0.11454409083537154,1.0116577138915093,True,0.8867644306159432,-1,False,True,False,0.0,67.13780536427093,21.137805364270932,,True,True,True,False,left,0.0,0.0,ground_x_z,0.2970137032520232,25.07339555528048,54.88704821762716,35.10945774374071,31.2011666414862,31.2011666414862,,54.88704821762716,False,False,minimum_hold,0.4000999000998995,0.31610752660931246
WIN_20260919_18_13_14_Pro_flip.mp4,105,5.244755244755245,0.04995004995004995,20.02,0.834125790979638,52.893427952016175,48.03694167089683,0.5,0.0,0.5,0.31610752660931246,0.0,0.0,0.35014985014984923,47.75060000247322,0.027400004910305142,0.06459999713115394,40.0,False,19.644819259643555,4.5191055679668395,52.893427952016175,31.415532936019126,0.834125790979638,3,0.0,0.0,True,43.13780536427093,31.59023750778725,1705.6736526946108,431.0,0.0,0.0,False,0.0,0.0,0.0,True,0.834125790979638,0.0,0.25,False,0.04995004995004995,4.5191055679668395,25.07339555528048,52.893427952016175,True,0.6997977114187885,48.03694167089683,True,0.1666797121862057,8.120521615878719,16,-1.1120535788319574,32.408965375617925,0.6997977114187885,ground_x_z,-3.4787377046422727,True,28.2444642456498,0.0,0,106,8.924222758199964,8,2,19.644819259643555,-10.134042739868164,-29.77886199951172,-26.610314971426682,1.0,-0.002608212235063135,-0.028678784598822688,-0.09461698701837665,1.0128057074648504,True,0.9433497618764706,-1,False,True,False,0.0,67.13780536427093,21.137805364270932,,True,True,True,False,left,0.0,0.0,ground_x_z,4.5191055679668395,25.07339555528048,48.03694167089683,24.891879175780268,31.2011666414862,31.2011666414862,,48.03694167089683,False,False,minimum_hold,0.35014985014984923,0.31610752660931246
WIN_20260919_18_13_14_Pro_flip.mp4,106,5.294705294705294,0.04995004995004995,20.02,0.8303878567389464,54.41483932368924,49.4130681891442,0.5,0.0,0.5,0.31610752660931246,0.0,0.0,0.30019980019979897,58.710699988296255,0.02269999822601676,0.07340000593103468,54.0,False,26.792579650878906,6.170422873405747,54.41483932368924,31.415532936019126,0.8303878567389464,3,0.0,0.0,True,43.13780536427093,31.59023750778725,1705.6736526946108,431.0,0.0,0.0,False,0.0,0.0,0.0,True,0.8303878567389464,0.0,0.25,False,0.04995004995004995,6.170422873405747,25.07339555528048,54.41483932368924,True,0.9616591216579071,49.4130681891442,True,0.23031951107793072,8.120521615878719,16,-1.167258720202235,35.43347577356219,0.9616591216579071,ground_x_z,-3.658233536874678,True,28.2444642456498,0.0,0,107,9.222768128319691,8,2,26.792579650878906,-4.757236480712891,-31.549816131591797,-27.35124014545145,1.0,-0.014661308551674634,-0.06917414949080349,-0.5324529939902695,1.0139312146683161,True,0.9276256052371643,-1,False,True,False,0.0,67.13780536427093,21.137805364270932,,True,True,True,False,left,0.0,0.0,ground_x_z,6.170422873405747,25.07339555528048,49.4130681891442,24.631809496467906,24.891879175780268,24.891879175780268,,49.4130681891442,False,False,minimum_hold,0.30019980019979897,0.31610752660931246
WIN_20260919_18_13_14_Pro_flip.mp4,107,5.344655344655345,0.04995004995004995,20.02,0.7832451276220262,0.0,0.0,0.5,0.0,0.5,0.31610752660931246,0.0,0.0,0.2502497502497487,52.1926999790594,0.020800012862309813,0.02239999594166875,36.0,False,14.138614654541016,3.259727364132014,0.0,31.81448456064901,0.7832451276220262,3,0.0,0.0,False,0.0,0.0,0.0,0.0,0.0,0.0,False,0.0,0.0,0.0,True,0.7832451276220262,0.0,0.25,False,0.04995004995004995,3.259727364132014,25.07339555528048,0.0,False,8.525219116267145,0.0,False,0.0,8.120521615878719,13,0.0,0.0,8.525219116267145,ground_x_z,0.0,False,25.07339555528048,0.0,0,108,10.491582193541472,8,2,14.138614654541016,93.88240814208984,79.74379348754883,-11.286985100501406,1.0,-0.028261464531388426,-0.0897570763233303,-1.0263777860984928,1.0139406484603664,False,2.107725131221081,0,False,False,False,0.0,0.0,0.0,False,True,True,True,False,left,0.0,0.0,,,,,,,,,,,,brief_loss_hold,0.2502497502497487,0.31610752660931246
WIN_20260919_18_13_14_Pro_flip.mp4,108,5.394605394605395,0.04995004995004995,20.02,0.6893478380108407,67.72241434169622,64.80343560927534,0.5,0.0,0.5,0.31610752660931246,0.0,0.0,0.20029970029969846,60.04510002094321,0.024100008886307478,0.04679997800849378,25,False,-3.496034622192383,-0.8061985442747751,67.72241434169622,25.07339555528048,0.6893478380108407,1,0.0,0.0,False,0.0,0.0,0.0,0.0,0.0,0.0,False,0.0,0.0,0.0,True,0.6893478380108407,0.0,0.25,False,0.04995004995004995,-0.8061985442747751,25.07339555528048,67.72241434169622,True,1.3757382357773629,64.80343560927534,True,0.31691706197118963,1.6980037251844564,8,-2.1254389746106668,51.99797344340283,1.3757382357773629,ground_x_z,0.0,False,25.07339555528048,0.0,0,109,13.107143005254331,8,1,-3.496034622192383,-3.496034622192383,0.0,-9.593937335426196,0.0,-0.019135824034796578,0.02221388496297342,-0.6944878622566817,1.0132519419645287,False,1.0,0,False,False,False,0.0,0.0,0.0,False,True,True,True,False,left,0.0,0.0,ground_x_z,-0.8061985442747751,25.07339555528048,64.80343560927534,47.0892541724992,47.0892541724992,47.0892541724992,,64.80343560927534,False,False,minimum_hold,0.20029970029969846,0.31610752660931246
WIN_20260919_18_13_14_Pro_flip.mp4,109,5.444555444555444,0.04995004995004995,20.02,0.7823543954060627,0.0,0.0,0.5,0.0,0.5,0.31610752660931246,0.0,0.0,0.1503496503496482,61.12510000821203,0.025800021830946207,0.024500011932104826,42.0,False,-15.919474601745605,-3.6681294205402244,0.0,31.681338032983227,0.7823543954060627,3,0.0,0.0,False,0.0,0.0,0.0,0.0,0.0,0.0,False,0.0,0.0,0.0,True,0.7823543954060627,0.0,0.25,False,0.04995004995004995,-3.6681294205402244,25.07339555528048,0.0,False,10.319130621100129,0.0,False,0.0,8.120521615878719,14,0.0,0.0,10.319130621100129,ground_x_z,0.0,False,25.07339555528048,0.0,0,110,14.236063795974726,8,2,-15.919474601745605,81.0056381225586,96.9251127243042,6.383920173533367,1.0,0.002638294639278206,0.10122302439785268,0.09560676776809729,1.0117315530282447,False,1.7361956907198846,0,False,False,False,0.0,0.0,0.0,False,True,True,True,False,left,0.0,0.0,,,,,,,,,,,,brief_loss_hold,0.1503496503496482,0.31610752660931246
WIN_20260919_18_13_14_Pro_flip.mp4,110,5.4945054945054945,0.04995004995004995,20.02,0.6615358915557109,58.51884263092087,56.080062348027475,0.5,0.0,0.5,0.31610752660931246,0.0,0.0,0.10039960039959794,58.319600007962435,0.021700019715353847,0.04810001701116562,62.0,False,-46.93610763549805,-10.788791141093858,58.51884263092087,24.952114050945525,0.6615358915557109,1,0.0,0.0,False,0.0,0.0,0.0,0.0,0.0,0.0,False,0.0,0.0,0.0,True,0.6615358915557109,0.0,0.25,False,0.04995004995004995,-10.788791141093858,24.952114050945525,58.51884263092087,True,0.1384585541506204,56.080062348027475,True,0.031748557823138776,1.4528681616659966,7,-1.4870389605219214,26.314171411703793,0.1384585541506204,ground_x_z,0.0,False,24.952114050945525,0.0,0,111,18.10285916383639,8,1,-46.93610763549805,-46.93610763549805,0.0,5.426332147503362,0.0,0.05624171825833949,0.29858247212364647,2.0322028530000082,1.0088077962607074,False,1.0,0,False,False,False,0.0,0.0,0.0,False,True,True,True,False,left,0.0,0.0,ground_x_z,-10.788791141093858,24.952114050945525,56.080062348027475,43.852305143543866,43.852305143543866,43.852305143543866,,56.080062348027475,False,False,minimum_hold,0.10039960039959794,0.31610752660931246
WIN_20260919_18_13_14_Pro_flip.mp4,111,5.544455544455545,0.04995004995004995,20.02,0.73736950508581,58.63327930478631,56.02693161928809,0.5,0.0,0.5,0.31610752660931246,0.0,0.0,0.050449550449547687,62.08780000451952,0.021799991372972727,0.04230000195093453,66.0,False,-45.402610301971436,-10.41549187428851,58.63327930478631,25.07339555528048,0.73736950508581,1,0.0,0.0,False,0.0,0.0,0.0,0.0,0.0,0.0,False,0.0,0.0,0.0,True,0.73736950508581,0.0,0.25,False,0.04995004995004995,-10.41549187428851,25.07339555528048,58.63327930478631,True,0.24158987158633768,56.02693161928809,True,0.05532766016734932,1.6980037251844564,8,-1.4840652160748142,26.861173543027366,0.24158987158633768,ground_x_z,0.0,False,25.07339555528048,0.0,0,112,17.831593787375798,8,1,-45.402610301971436,-45.402610301971436,0.0,4.612382325377857,0.0,0.09857030918829657,0.2891617263555654,3.5504638436636897,1.0056316403354932,False,1.0,0,False,False,False,0.0,0.0,0.0,False,True,True,True,False,left,0.0,0.0,ground_x_z,-10.41549187428851,25.07339555528048,56.02693161928809,43.47585458773699,43.66407986564043,43.66407986564043,,56.02693161928809,False,False,minimum_hold,0.050449550449547687,0.31610752660931246
WIN_20260919_18_13_14_Pro_flip.mp4,112,5.594405594405594,0.04995004995004995,20.02,0.0,0.0,0.0,0.37512487512487513,0.0,0.5,0.31610752660931246,0.0,0.0,0.0004995004994974295,59.44610000005923,0.0357000099029392,0.021599989850074053,33.0,False,-45.402610301971436,-10.41549187428851,0.0,25.07339555528048,0.0,1,0.0,0.0,False,0.0,0.0,0.0,0.0,0.0,0.0,False,0.0,0.0,0.0,False,0.0,0.04995004995005026,0.25,False,0.04995004995004995,0.0,0.0,0.0,False,0.0,0.0,False,0.0,0.0,0,0.0,0.0,0.0,ground_x_z,0.0,False,0.0,0.0,1,113,17.831593787375798,8,0,0.0,0.0,0.0,4.612382325377857,0.0,0.09857030918829657,0.0,3.5504638436636897,1.0056316403354932,False,1.0,0,False,False,False,0.0,0.0,0.0,False,False,False,False,False,,0.0,0.0,,,,,,,,,,,,brief_loss_hold,0.0004995004994974295,0.31610752660931246
WIN_20260919_18_13_14_Pro_flip.mp4,113,5.644355644355644,0.04995004995004995,20.02,0.2625,0.0,0.0,0.5,0.5,0.5,0.31610752660931246,1.0,0.0,0.0,60.543399973539636,0.023200002033263445,0.02169999061152339,41.0,False,-87.73460340499878,-20.944462229046213,0.0,31.150701078275198,0.2625,2,0.0,0.0,False,0.0,0.0,0.0,0.0,0.0,0.0,False,0.0,0.0,0.0,True,0.2625,0.0,0.25,False,0.04995004995004995,-20.944462229046213,31.150701078275198,0.0,False,0.0,0.0,False,0.0,0.0,0,0.0,0.0,0.0,ground_x_z,0.0,False,31.150701078275198,0.0,0,114,25.383866903748554,8,1,-87.73460340499878,-87.73460340499878,0.0,3.9205249765711785,0.0,0.18602687997510517,0.5814739168190892,6.70061519275011,1.0056316403354932,False,1.0,0,False,False,False,0.0,0.0,0.0,False,True,False,True,True,right,0.0,0.0,,,,,,,,,,,,brief_loss_hold,0.0,0.31610752660931246
WIN_20260919_18_13_14_Pro_flip.mp4,114,5.694305694305695,0.04995004995004995,20.02,0.0,0.0,0.0,0.37512487512487513,0.37512487512487513,0.5,0.31610752660931246,0.95004995,0.0,0.0,54.65510001522489,0.03480000304989517,0.013400014722719789,30.0,False,-87.73460340499878,-20.944462229046213,0.0,31.150701078275198,0.0,2,0.0,0.0,False,0.0,0.0,0.0,0.0,0.0,0.0,False,0.0,0.0,0.0,False,0.0,0.04995004995005026,0.25,False,0.04995004995004995,0.0,0.0,0.0,False,0.0,0.0,False,0.0,0.0,0,0.0,0.0,0.0,ground_x_z,0.0,False,0.0,0.0,1,115,25.383866903748554,8,0,0.0,0.0,0.0,3.9205249765711785,0.0,0.18602687997510517,0.0,6.70061519275011,1.0056316403354932,False,1.0,0,False,False,False,0.0,0.0,0.0,False,False,False,False,False,,0.0,0.0,,,,,,,,,,,,brief_loss_hold,0.0,0.31610752660931246
WIN_20260919_18_13_14_Pro_flip.mp4,115,5.744255744255744,0.04995004995004995,20.02,0.0,0.0,0.0,0.25024975024975027,0.25024975024975027,0.5,0.31610752660931246,0.9000999,0.0,0.0,46.043300011660904,0.055100012104958296,0.022499996703118086,63.0,False,-87.73460340499878,-20.944462229046213,0.0,31.150701078275198,0.0,2,0.0,0.0,False,0.0,0.0,0.0,0.0,0.0,0.0,False,0.0,0.0,0.0,False,0.0,0.09990009990010051,0.25,False,0.04995004995004995,0.0,0.0,0.0,False,0.0,0.0,False,0.0,0.0,0,0.0,0.0,0.0,ground_x_z,0.0,False,0.0,0.0,2,116,25.383866903748554,8,0,0.0,0.0,0.0,3.9205249765711785,0.0,0.18602687997510517,0.0,6.70061519275011,1.0056316403354932,False,1.0,0,False,False,False,0.0,0.0,0.0,False,False,False,False,False,,0.0,0.0,,,,,,,,,,,,brief_loss_hold,0.0,0.31610752660931246
WIN_20260919_18_13_14_Pro_flip.mp4,116,5.794205794205794,0.04995004995004995,20.02,0.35,0.0,0.0,0.5,0.5,0.0,0.0,0.85014985,0.0,0.0,61.82579998858273,0.029099988751113415,0.01650000922381878,60.0,False,-51.48460340499878,-11.773486531737909,0.0,31.150701078275198,0.35,3,0.0,0.0,False,0.0,0.0,0.0,0.0,0.0,0.0,False,0.0,0.0,0.0,True,0.35,0.0,0.25,False,0.04995004995004995,-11.773486531737909,25.07339555528048,0.0,False,0.0,0.0,False,0.0,0.0,0,0.0,0.0,0.0,ground_x_z,0.0,False,25.07339555528048,0.0,0,117,29.06814455661975,8,2,-51.48460340499878,-87.98460340499878,-36.5,-2.1425537699144988,1.0,0.21153314492470962,0.32686326597263005,7.619340843873759,1.0056316403354932,False,1.0,0,False,False,False,0.0,0.0,0.0,False,True,False,True,True,right,0.0,0.0,,,,,,,,,,,,geometry_lost,0.0,0.0
WIN_20260919_18_13_14_Pro_flip.mp4,117,5.8441558441558445,0.04995004995004995,20.02,0.35,0.0,0.0,0.5,0.5,0.0,0.0,0.8001998,0.0,0.0,59.50999999186024,0.03840000135824084,0.020899984519928694,57.0,False,-47.23460340499878,-10.801563993791309,0.0,25.07339555528048,0.35,1,0.0,0.0,False,0.0,0.0,0.0,0.0,0.0,0.0,False,0.0,0.0,0.0,True,0.35,0.0,0.25,False,0.04995004995004995,-10.801563993791309,25.07339555528048,0.0,False,0.0,0.0,False,0.0,0.0,0,0.0,0.0,0.0,ground_x_z,0.0,False,25.07339555528048,0.0,0,118,28.595474393327173,8,1,-47.23460340499878,-47.23460340499878,0.0,-1.821170704427324,0.0,0.22753328002901474,0.29988011411109405,8.195659429555079,1.0056316403354932,False,1.0,0,False,False,False,0.0,0.0,0.0,False,True,False,True,True,right,0.0,0.0,,,,,,,,,,,,geometry_lost,0.0,0.0
WIN_20260919_18_13_14_Pro_flip.mp4,118,5.894105894105894,0.04995004995004995,20.02,0.35,0.0,0.0,0.5,0.5,0.0,0.0,0.75024975,0.0,0.0,46.58739999285899,0.04779998562298715,0.021899992134422064,55.0,False,-52.98460340499878,-12.116400067314892,0.0,25.07339555528048,0.35,1,0.0,0.0,False,0.0,0.0,0.0,0.0,0.0,0.0,False,0.0,0.0,0.0,True,0.35,0.0,0.25,False,0.04995004995004995,-12.116400067314892,25.07339555528048,0.0,False,0.0,0.0,False,0.0,0.0,0,0.0,0.0,0.0,ground_x_z,0.0,False,25.07339555528048,0.0,0,119,25.137767419350062,8,1,-52.98460340499878,-52.98460340499878,0.0,-1.5479950987632254,0.0,0.24724666182460686,0.3363834567744595,8.905727703439503,1.0056316403354932,False,1.0,0,False,False,False,0.0,0.0,0.0,False,True,False,True,True,right,0.0,0.0,,,,,,,,,,,,geometry_lost,0.0,0.0
WIN_20260919_18_13_14_Pro_flip.mp4,119,5.944055944055944,0.04995004995004995,20.02,0.35,0.0,0.0,0.5,0.5,0.0,0.0,0.7002997,0.0,0.0,46.583799994550645,0.04010001430287957,0.020400009816512465,58.0,False,-58.73460340499878,-13.431336396982022,0.0,25.07339555528048,0.35,1,0.0,0.0,False,0.0,0.0,0.0,0.0,0.0,0.0,False,0.0,0.0,0.0,True,0.35,0.0,0.25,False,0.04995004995004995,-13.431336396982022,25.07339555528048,0.0,False,0.0,0.0,False,0.0,0.0,0,0.0,0.0,0.0,ground_x_z,0.0,False,25.07339555528048,0.0,0,120,25.25964227804802,8,1,-58.73460340499878,-58.73460340499878,0.0,-1.3157958339487414,0.0,0.27000130444851406,0.3728895828147309,9.725340998527589,1.0056316403354932,False,1.0,0,False,False,False,0.0,0.0,0.0,False,True,False,True,True,right,0.0,0.0,,,,,,,,,,,,geometry_lost,0.0,0.0
WIN_20260919_18_13_14_Pro_flip.mp4,120,5.994005994005994,0.04995004995004995,20.02,0.0,0.0,0.0,0.37512487512487513,0.37512487512487513,0.0,0.0,0.65034965,0.0,0.0,45.99479999160394,0.04939999780617654,0.019700004486367106,62.0,False,-58.73460340499878,-13.431336396982022,0.0,25.07339555528048,0.0,1,0.0,0.0,False,0.0,0.0,0.0,0.0,0.0,0.0,False,0.0,0.0,0.0,False,0.0,0.04995004995005026,0.25,False,0.04995004995004995,0.0,0.0,0.0,False,0.0,0.0,False,0.0,0.0,0,0.0,0.0,0.0,ground_x_z,0.0,False,0.0,0.0,1,121,25.25964227804802,8,0,0.0,0.0,0.0,-1.3157958339487414,0.0,0.27000130444851406,0.0,9.725340998527589,1.0056316403354932,False,1.0,0,False,False,False,0.0,0.0,0.0,False,False,False,False,False,,0.0,0.0,,,,,,,,,,,,geometry_lost,0.0,0.0
WIN_20260919_18_13_14_Pro_flip.mp4,121,6.043956043956044,0.04995004995004995,20.02,0.35,0.0,0.0,0.5,0.5,0.0,0.0,0.6003996,0.0,0.0,56.95440000272356,0.04290000651963055,0.021099986042827368,62.0,False,-63.98460340499878,-14.631834539932097,0.0,25.07339555528048,0.35,1,0.0,0.0,False,0.0,0.0,0.0,0.0,0.0,0.0,False,0.0,0.0,0.0,True,0.35,0.0,0.25,False,0.04995004995004995,-14.631834539932097,25.07339555528048,0.0,False,0.0,0.0,False,0.0,0.0,0,0.0,0.0,0.0,ground_x_z,0.0,False,25.07339555528048,0.0,0,122,16.886755164921414,8,1,-63.98460340499878,-63.98460340499878,0.0,-1.11842645885643,0.0,0.2946710261658319,0.4062186007518513,10.613934690805278,1.0056316403354932,False,1.0,0,False,False,False,0.0,0.0,0.0,False,True,False,True,True,right,0.0,0.0,,,,,,,,,,,,geometry_lost,0.0,0.0
WIN_20260919_18_13_14_Pro_flip.mp4,122,6.093906093906094,0.04995004995004995,20.02,0.35,0.0,0.0,0.5,0.5,0.0,0.0,0.55044955,0.0,0.0,63.794099987717345,0.039700011257082224,0.020799983758479357,52.0,False,-67.48460340499878,-15.432300310090206,0.0,25.07339555528048,0.35,1,0.0,0.0,False,0.0,0.0,0.0,0.0,0.0,0.0,False,0.0,0.0,0.0,True,0.35,0.0,0.25,False,0.04995004995004995,-15.432300310090206,25.07339555528048,0.0,False,0.0,0.0,False,0.0,0.0,0,0.0,0.0,0.0,ground_x_z,0.0,False,25.07339555528048,0.0,0,123,4.979959839195493,7,1,-67.48460340499878,-67.48460340499878,0.0,-0.9506624900279655,0.0,0.31889764298636974,0.4284416572124726,11.48656791863964,1.0056316403354932,False,1.0,0,False,False,False,0.0,0.0,0.0,False,True,False,True,True,right,0.0,0.0,,,,,,,,,,,,geometry_lost,0.0,0.0
WIN_20260919_18_13_14_Pro_flip.mp4,123,6.143856143856144,0.04995004995004995,20.02,0.0,0.0,0.0,0.37512487512487513,0.37512487512487513,0.0,0.0,0.5004995,0.0,0.0,45.23899999912828,0.04710000939667225,0.018499995348975062,33.0,False,-67.48460340499878,-15.432300310090206,0.0,25.07339555528048,0.0,1,0.0,0.0,False,0.0,0.0,0.0,0.0,0.0,0.0,False,0.0,0.0,0.0,False,0.0,0.04995004995005026,0.25,False,0.04995004995004995,0.0,0.0,0.0,False,0.0,0.0,False,0.0,0.0,0,0.0,0.0,0.0,ground_x_z,0.0,False,0.0,0.0,1,124,4.979959839195493,7,0,0.0,0.0,0.0,-0.9506624900279655,0.0,0.31889764298636974,0.0,11.48656791863964,1.0056316403354932,False,1.0,0,False,False,False,0.0,0.0,0.0,False,False,False,False,False,,0.0,0.0,,,,,,,,,,,,geometry_lost,0.0,0.0
WIN_20260919_18_13_14_Pro_flip.mp4,124,6.193806193806194,0.04995004995004995,20.02,0.0,0.0,0.0,0.25024975024975027,0.25024975024975027,0.0,0.0,0.45054945,0.0,0.0,46.277299989014864,0.05069997860118747,0.02030000905506313,66.0,False,-67.48460340499878,-15.432300310090206,0.0,25.07339555528048,0.0,1,0.0,0.0,False,0.0,0.0,0.0,0.0,0.0,0.0,False,0.0,0.0,0.0,False,0.0,0.09990009990010051,0.25,False,0.04995004995004995,0.0,0.0,0.0,False,0.0,0.0,False,0.0,0.0,0,0.0,0.0,0.0,ground_x_z,0.0,False,0.0,0.0,2,125,4.979959839195493,7,0,0.0,0.0,0.0,-0.9506624900279655,0.0,0.31889764298636974,0.0,11.48656791863964,1.0056316403354932,False,1.0,0,False,False,False,0.0,0.0,0.0,False,False,False,False,False,,0.0,0.0,,,,,,,,,,,,geometry_lost,0.0,0.0
WIN_20260919_18_13_14_Pro_flip.mp4,125,6.243756243756244,0.04995004995004995,20.02,0.0,0.0,0.0,0.1253746253746254,0.1253746253746254,0.0,0.0,0.4005994,0.0,0.0,45.92720000073314,0.04980000085197389,0.018999999156221747,39.0,False,-67.48460340499878,-15.432300310090206,0.0,25.07339555528048,0.0,1,0.0,0.0,False,0.0,0.0,0.0,0.0,0.0,0.0,False,0.0,0.0,0.0,False,0.0,0.14985014985015077,0.25,False,0.04995004995004995,0.0,0.0,0.0,False,0.0,0.0,False,0.0,0.0,0,0.0,0.0,0.0,ground_x_z,0.0,False,0.0,0.0,3,126,4.979959839195493,7,0,0.0,0.0,0.0,-0.9506624900279655,0.0,0.31889764298636974,0.0,11.48656791863964,1.0056316403354932,False,1.0,0,False,False,False,0.0,0.0,0.0,False,False,False,False,False,,0.0,0.0,,,,,,,,,,,,geometry_lost,0.0,0.0
WIN_20260919_18_13_14_Pro_flip.mp4,126,6.293706293706294,0.04995004995004995,20.02,0.0,0.0,0.0,0.0004995004995004826,0.0004995004995004826,0.0,0.0,0.35064935,0.0,0.0,42.7264999889303,0.03819999983534217,0.016900012269616127,46.5,False,-67.48460340499878,-15.432300310090206,0.0,25.07339555528048,0.0,1,0.0,0.0,False,0.0,0.0,0.0,0.0,0.0,0.0,False,0.0,0.0,0.0,False,0.0,0.19980019980020103,0.25,False,0.04995004995004995,0.0,0.0,0.0,False,0.0,0.0,False,0.0,0.0,0,0.0,0.0,0.0,ground_x_z,0.0,False,0.0,0.0,4,127,4.979959839195493,7,0,0.0,0.0,0.0,-0.9506624900279655,0.0,0.31889764298636974,0.0,11.48656791863964,1.0056316403354932,False,1.0,0,False,False,False,0.0,0.0,0.0,False,False,False,False,False,,0.0,0.0,,,,,,,,,,,,geometry_lost,0.0,0.0
WIN_20260919_18_13_14_Pro_flip.mp4,127,6.343656343656344,0.04995004995004995,20.02,0.35,0.0,0.0,0.5,0.5,0.0,0.0,0.3006993,0.0,0.0,47.29180000140332,0.04149999585933983,0.021000014385208488,44.0,False,-72.23460340499878,-16.51846052246677,0.0,25.07339555528048,0.35,1,0.0,0.0,False,0.0,0.0,0.0,0.0,0.0,0.0,False,0.0,0.0,0.0,True,0.35,0.0,0.25,False,0.04995004995004995,-16.51846052246677,25.07339555528048,0.0,False,0.0,0.0,False,0.0,0.0,0,0.0,0.0,0.0,ground_x_z,0.0,False,25.07339555528048,0.0,0,128,5.06951674225463,6,1,-72.23460340499878,-72.23460340499878,0.0,-0.8080631165237707,0.0,0.34419786792303825,0.458596350423348,12.397872089377346,1.0056316403354932,False,1.0,0,False,False,False,0.0,0.0,0.0,False,True,False,True,True,right,0.0,0.0,,,,,,,,,,,,geometry_lost,0.0,0.0
WIN_20260919_18_13_14_Pro_flip.mp4,128,6.393606393606394,0.04995004995004995,20.02,0.30625,0.0,0.0,0.5,0.5,0.0,0.0,0.25074925,0.0,0.0,53.22060000617057,0.04650000482797623,0.02579999272711575,42.0,False,-82.98460340499878,-18.993215078203686,0.0,25.194677059615437,0.30625,1,0.0,0.0,False,0.0,0.0,0.0,0.0,0.0,0.0,False,0.0,0.0,0.0,True,0.30625,0.0,0.25,False,0.04995004995004995,-18.993215078203686,25.194677059615437,0.0,False,0.0,0.0,False,0.0,0.0,0,0.0,0.0,0.0,ground_x_z,0.0,False,25.194677059615437,0.0,0,129,6.496152707564686,5,1,-82.98460340499878,-82.98460340499878,0.0,-0.6868536490452051,0.0,0.37735908066928675,0.5273021118295581,13.59232595522333,1.0056316403354932,False,1.0,0,False,False,False,0.0,0.0,0.0,False,True,False,True,True,right,0.0,0.0,,,,,,,,,,,,geometry_lost,0.0,0.0
WIN_20260919_18_13_14_Pro_flip.mp4,129,6.443556443556444,0.04995004995004995,20.02,0.0,0.0,0.0,0.37512487512487513,0.37512487512487513,0.0,0.0,0.2007992,0.0,0.0,54.902899981243536,0.04770001396536827,0.01889999839477241,39.0,False,-82.98460340499878,-18.993215078203686,0.0,25.194677059615437,0.0,1,0.0,0.0,False,0.0,0.0,0.0,0.0,0.0,0.0,False,0.0,0.0,0.0,False,0.0,0.04995004995005026,0.25,False,0.04995004995004995,0.0,0.0,0.0,False,0.0,0.0,False,0.0,0.0,0,0.0,0.0,0.0,ground_x_z,0.0,False,0.0,0.0,1,130,6.496152707564686,5,0,0.0,0.0,0.0,-0.6868536490452051,0.0,0.37735908066928675,0.0,13.59232595522333,1.0056316403354932,False,1.0,0,False,False,False,0.0,0.0,0.0,False,False,False,False,False,,0.0,0.0,,,,,,,,,,,,geometry_lost,0.0,0.0
WIN_20260919_18_13_14_Pro_flip.mp4,130,6.4935064935064934,0.04995004995004995,20.02,0.0,0.0,0.0,0.25024975024975027,0.25024975024975027,0.0,0.0,0.15084915,0.0,0.0,45.91659997822717,0.055599986808374524,0.020100007532164454,45.0,False,-82.98460340499878,-18.993215078203686,0.0,25.194677059615437,0.0,1,0.0,0.0,False,0.0,0.0,0.0,0.0,0.0,0.0,False,0.0,0.0,0.0,False,0.0,0.09990009990010051,0.25,False,0.04995004995004995,0.0,0.0,0.0,False,0.0,0.0,False,0.0,0.0,0,0.0,0.0,0.0,ground_x_z,0.0,False,0.0,0.0,2,131,6.496152707564686,5,0,0.0,0.0,0.0,-0.6868536490452051,0.0,0.37735908066928675,0.0,13.59232595522333,1.0056316403354932,False,1.0,0,False,False,False,0.0,0.0,0.0,False,False,False,False,False,,0.0,0.0,,,,,,,,,,,,geometry_lost,0.0,0.0
WIN_20260919_18_13_14_Pro_flip.mp4,131,6.543456543456544,0.04995004995004995,20.02,0.0,0.0,0.0,0.1253746253746254,0.1253746253746254,0.0,0.0,0.1008991,0.0,0.0,48.013699997682124,0.055800017435103655,0.021400017431005836,51.0,False,-82.98460340499878,-18.993215078203686,0.0,25.194677059615437,0.0,1,0.0,0.0,False,0.0,0.0,0.0,0.0,0.0,0.0,False,0.0,0.0,0.0,False,0.0,0.14985014985015077,0.25,False,0.04995004995004995,0.0,0.0,0.0,False,0.0,0.0,False,0.0,0.0,0,0.0,0.0,0.0,ground_x_z,0.0,False,0.0,0.0,3,132,6.496152707564686,5,0,0.0,0.0,0.0,-0.6868536490452051,0.0,0.37735908066928675,0.0,13.59232595522333,1.0056316403354932,False,1.0,0,False,False,False,0.0,0.0,0.0,False,False,False,False,False,,0.0,0.0,,,,,,,,,,,,geometry_lost,0.0,0.0
WIN_20260919_18_13_14_Pro_flip.mp4,132,6.593406593406594,0.04995004995004995,20.02,0.0,0.0,0.0,0.0004995004995004826,0.0004995004995004826,0.0,0.0,0.05094905,0.0,0.0,53.984700003638864,0.045400025555863976,0.01780001912266016,61.0,False,-82.98460340499878,-18.993215078203686,0.0,25.194677059615437,0.0,1,0.0,0.0,False,0.0,0.0,0.0,0.0,0.0,0.0,False,0.0,0.0,0.0,False,0.0,0.19980019980020103,0.25,False,0.04995004995004995,0.0,0.0,0.0,False,0.0,0.0,False,0.0,0.0,0,0.0,0.0,0.0,ground_x_z,0.0,False,0.0,0.0,4,133,6.496152707564686,5,0,0.0,0.0,0.0,-0.6868536490452051,0.0,0.37735908066928675,0.0,13.59232595522333,1.0056316403354932,False,1.0,0,False,False,False,0.0,0.0,0.0,False,False,False,False,False,,0.0,0.0,,,,,,,,,,,,geometry_lost,0.0,0.0
WIN_20260919_18_13_14_Pro_flip.mp4,133,6.643356643356643,0.04995004995004995,20.02,0.0,0.0,0.0,0.0,0.0,0.0,0.0,0.0,2.45024975,0.0,50.396000006003305,0.06349998875521123,0.021499989088624716,57.0,False,-82.98460340499878,-18.993215078203686,0.0,25.194677059615437,0.0,1,0.0,0.0,False,0.0,0.0,0.0,0.0,0.0,0.0,False,0.0,0.0,0.0,False,0.0,0.24975024975025129,0.25,False,0.04995004995004995,0.0,0.0,0.0,False,0.0,0.0,False,0.0,0.0,0,0.0,0.0,0.0,ground_x_z,0.0,False,0.0,0.0,5,134,6.496152707564686,5,0,0.0,0.0,0.0,-0.6868536490452051,0.0,0.37735908066928675,0.0,13.59232595522333,1.0056316403354932,False,1.0,0,False,False,False,0.0,0.0,0.0,False,False,False,False,False,,0.0,0.0,,,,,,,,,,,,geometry_lost,0.0,0.0
WIN_20260919_18_13_14_Pro_flip.mp4,134,6.693306693306694,0.04995004995004995,20.02,0.5996017805088047,59.15402439553001,53.295001497061506,0.5,0.0,0.5,0.26011220692389747,0.0,2.4002997,0.5,55.93010000302456,0.04249997437000275,0.05540001438930631,26.0,False,18.044404983520508,4.315341197023572,59.15402439553001,31.415532936019126,0.5996017805088047,2,0.0,0.0,False,0.0,0.0,0.0,0.0,0.0,0.0,False,0.0,0.0,0.0,True,0.5996017805088047,0.0,0.25,False,0.04995004995004995,4.315341197023572,31.415532936019126,59.15402439553001,True,0.2745218818624906,53.295001497061506,True,0.06559961414607506,1.857294943112013,8,-1.3413586878532153,46.43626246090918,0.2745218818624906,ground_x_z,0.0,False,31.415532936019126,0.0,0,135,45.57367230313463,8,1,18.044404983520508,18.044404983520508,0.0,-0.5838256016884243,0.0,-0.1201773096655673,-0.1201773096655673,-4.315341197023572,1.0025190075287833,False,1.0,0,False,False,False,0.0,0.0,0.0,False,True,True,True,False,left,0.0,0.0,ground_x_z,4.315341197023572,31.415532936019126,53.295001497061506,22.4044882769559,22.4044882769559,22.4044882769559,,53.295001497061506,False,False,new_block,0.5,0.26011220692389747
WIN_20260919_18_13_14_Pro_flip.mp4,135,6.743256743256743,0.04995004995004995,20.02,0.37142169833036903,3.2223858374414354,-2.2478376284444987,0.5,0.0,0.5,0.26011220692389747,0.0,2.35034965,0.45004995004994974,45.38789999787696,0.043599982745945454,0.06029999349266291,51.0,False,55.212886810302734,12.5647478610646,3.2223858374414354,31.415532936019126,0.37142169833036903,3,0.0,0.0,False,0.0,0.0,0.0,0.0,0.0,0.0,False,0.0,0.0,0.0,True,0.37142169833036903,0.0,0.25,False,0.04995004995004995,12.5647478610646,25.07339555528048,3.2223858374414354,True,1.8749008243988636,-2.2478376284444987,True,0.42710504026342927,1.6980037251844564,8,0.0392523082999187,11.588578652890533,1.8749008243988636,ground_x_z,0.0,False,25.07339555528048,0.0,0,136,48.45354801719961,8,2,55.212886810302734,-5.730812072753906,-60.94369888305664,-9.637806593893659,1.0,-0.16217017279756443,-0.3507493024126075,-5.8093553366207145,1.0001310616858559,False,1.0,0,False,False,False,0.0,0.0,0.0,False,True,True,True,False,left,0.0,0.0,ground_x_z,12.5647478610646,25.07339555528048,-2.2478376284444987,-15.155677941857617,3.624405167549141,3.624405167549141,,-2.2478376284444987,False,False,minimum_hold,0.45004995004994974,0.26011220692389747
WIN_20260919_18_13_14_Pro_flip.mp4,136,6.793206793206793,0.04995004995004995,20.02,0.2096733227674187,-48.221197387420794,-46.46742756225332,0.5,0.0,0.5,0.26011220692389747,0.0,2.3003996,0.4000999000998995,54.44320000242442,0.04529999569058418,0.052099989261478186,60.0,False,61.79587173461914,14.067162257253969,-48.221197387420794,31.415532936019126,0.2096733227674187,3,0.0,0.0,False,0.0,0.0,0.0,0.0,0.0,0.0,False,0.0,0.0,0.0,True,0.2096733227674187,0.0,0.25,False,0.04995004995004995,14.067162257253969,25.07339555528048,-48.221197387420794,True,2.017613392899417,-46.46742756225332,True,0.4578803099534203,1.6980037251844564,8,1.0525810590427127,-12.51838391006961,2.017613392899417,ground_x_z,0.0,False,25.07339555528048,0.0,0,137,48.517661253999286,8,2,61.79587173461914,9.207103729248047,-52.588768005371094,-16.080450805615275,1.0,-0.20415452895705907,-0.3931441220735406,-7.30489081013145,0.9989751006107928,False,1.0,0,False,False,False,0.0,0.0,0.0,False,True,True,True,False,left,0.0,0.0,ground_x_z,14.067162257253969,25.07339555528048,-46.46742756225332,-38.871894212176144,-15.155677941857617,-15.155677941857617,,-46.46742756225332,False,False,minimum_hold,0.4000999000998995,0.26011220692389747
WIN_20260919_18_13_14_Pro_flip.mp4,137,6.8431568431568435,0.04995004995004995,20.02,0.0,0.0,0.0,0.37512487512487513,0.0,0.5,0.26011220692389747,0.0,2.25044955,0.35014985014984923,45.546799985459074,0.09290000889450312,0.024500011932104826,48.0,False,61.79587173461914,14.067162257253969,0.0,31.415532936019126,0.0,3,0.0,0.0,False,0.0,0.0,0.0,0.0,0.0,0.0,False,0.0,0.0,0.0,False,0.0,0.04995004995005026,0.25,False,0.04995004995004995,0.0,0.0,0.0,False,0.0,0.0,False,0.0,0.0,0,0.0,0.0,0.0,ground_x_z,0.0,False,0.0,0.0,1,138,48.517661253999286,8,0,0.0,0.0,0.0,-16.080450805615275,0.0,-0.20415452895705907,0.0,-7.30489081013145,0.9989751006107928,False,1.0,0,False,False,False,0.0,0.0,0.0,False,False,False,False,False,,0.0,0.0,,,,,,,,,,,,brief_loss_hold,0.35014985014984923,0.26011220692389747
WIN_20260919_18_13_14_Pro_flip.mp4,138,6.893106893106893,0.04995004995004995,20.02,0.35,0.0,0.0,0.5,0.0,0.5,0.26011220692389747,0.0,2.2004995,0.30019980019979897,47.911500005284324,0.041799998143687844,0.022299995180219412,54.0,False,18.282272338867188,4.343195543870863,0.0,31.415532936019126,0.35,2,0.0,0.0,False,0.0,0.0,0.0,0.0,0.0,0.0,False,0.0,0.0,0.0,True,0.35,0.0,0.25,False,0.04995004995004995,4.343195543870863,31.415532936019126,0.0,False,0.0,0.0,False,0.0,0.0,0,0.0,0.0,0.0,ground_x_z,0.0,False,31.415532936019126,0.0,0,139,52.23157684803916,8,1,18.282272338867188,18.282272338867188,0.0,-13.668383184772983,0.0,-0.18916397590278852,-0.1213821073406843,-6.768511069724312,0.9989751006107928,False,1.0,0,False,False,False,0.0,0.0,0.0,False,False,True,False,True,left,0.0,0.0,,,,,,,,,,,,brief_loss_hold,0.30019980019979897,0.26011220692389747
WIN_20260919_18_13_14_Pro_flip.mp4,139,6.943056943056943,0.04995004995004995,20.02,0.0,0.0,0.0,0.37512487512487513,0.0,0.5,0.26011220692389747,0.0,2.15054945,0.2502497502497487,48.222700017504394,0.05210001836530864,0.019799976143985987,41.0,False,18.282272338867188,4.343195543870863,0.0,31.415532936019126,0.0,2,0.0,0.0,False,0.0,0.0,0.0,0.0,0.0,0.0,False,0.0,0.0,0.0,False,0.0,0.04995004995005026,0.25,False,0.04995004995004995,0.0,0.0,0.0,False,0.0,0.0,False,0.0,0.0,0,0.0,0.0,0.0,ground_x_z,0.0,False,0.0,0.0,1,140,52.23157684803916,8,0,0.0,0.0,0.0,-13.668383184772983,0.0,-0.18916397590278852,0.0,-6.768511069724312,0.9989751006107928,False,1.0,0,False,False,False,0.0,0.0,0.0,False,False,False,False,False,,0.0,0.0,,,,,,,,,,,,brief_loss_hold,0.2502497502497487,0.26011220692389747
WIN_20260919_18_13_14_Pro_flip.mp4,140,6.993006993006993,0.04995004995004995,20.02,0.35,0.0,0.0,0.5,0.0,0.5,0.26011220692389747,0.0,2.1005994,0.20029970029969846,49.067000014474615,0.04849999095313251,0.020700012100860476,61.0,False,48.45710372924805,11.007422891143534,0.0,25.07339555528048,0.35,1,0.0,0.0,False,0.0,0.0,0.0,0.0,0.0,0.0,False,0.0,0.0,0.0,True,0.35,0.0,0.25,False,0.04995004995004995,11.007422891143534,25.07339555528048,0.0,False,0.0,0.0,False,0.0,0.0,0,0.0,0.0,0.0,ground_x_z,0.0,False,25.07339555528048,0.0,0,141,53.73201289659828,8,1,48.45710372924805,48.45710372924805,0.0,-11.618125707057036,0.0,-0.2106191314264657,-0.307631598306138,-7.53620194200379,0.9989751006107928,False,1.0,0,False,False,False,0.0,0.0,0.0,False,True,True,False,True,left,0.0,0.0,,,,,,,,,,,,brief_loss_hold,0.20029970029969846,0.26011220692389747
WIN_20260919_18_13_14_Pro_flip.mp4,141,7.042957042957043,0.04995004995004995,20.02,0.35,0.0,0.0,0.5,0.0,0.0,0.0,0.0,2.05064935,0.0,55.96589998458512,0.0425000034738332,0.021599989850074053,50.0,False,62.70710372924805,14.244533974890956,0.0,31.415532936019126,0.35,3,0.0,0.0,False,0.0,0.0,0.0,0.0,0.0,0.0,False,0.0,0.0,0.0,True,0.35,0.0,0.25,False,0.04995004995004995,14.244533974890956,25.07339555528048,0.0,False,0.0,0.0,False,0.0,0.0,0,0.0,0.0,0.0,ground_x_z,0.0,False,25.07339555528048,0.0,0,142,29.771960008146984,8,2,62.70710372924805,8.457103729248047,-54.25,-18.012906850998483,1.0,-0.2445732010399901,-0.39810124469257563,-8.751118761892549,0.9989751006107928,False,1.0,0,False,False,False,0.0,0.0,0.0,False,True,True,False,True,left,0.0,0.0,,,,,,,,,,,,geometry_lost,0.0,0.0
WIN_20260919_18_13_14_Pro_flip.mp4,142,7.092907092907093,0.04995004995004995,20.02,0.5453660664585708,36.17794647645775,27.62197251673505,0.5,0.0,0.5,0.0,0.0,2.0006993,0.5,42.525700002443045,0.04329998046159744,0.05440000677481294,50.0,False,61.28465270996094,13.921525054657266,36.17794647645775,31.415532936019126,0.5453660664585708,3,0.0,0.0,False,0.0,0.0,0.0,0.0,0.0,0.0,False,0.0,0.0,0.0,True,0.5453660664585708,0.0,0.25,False,0.04995004995004995,13.921525054657266,25.07339555528048,36.17794647645775,True,0.372979383217274,27.62197251673505,True,0.08470467430551087,1.4528681616659966,6,-0.5232757680364409,26.936877431168988,0.372979383217274,ground_x_z,0.0,False,25.07339555528048,0.0,0,143,24.70779366608013,8,2,61.28465270996094,7.558647155761719,-53.72600555419922,-23.369871656478594,1.0,-0.27151475305962847,-0.3901828236074747,-9.687508544023686,0.9961359635501017,False,1.007251655749095,0,False,False,False,0.0,0.0,0.0,False,True,True,True,False,left,0.0,0.0,ground_x_z,13.921525054657266,25.07339555528048,27.62197251673505,-1.0060528450763764,-1.0060528450763764,-1.0060528450763764,,27.62197251673505,False,False,new_block,0.5,0.0
WIN_20260919_18_13_14_Pro_flip.mp4,143,7.142857142857143,0.04995004995004995,20.02,0.30625,0.0,0.0,0.5,0.0,0.5,0.0,0.0,1.95074925,0.45004995004994974,47.342600009869784,0.044599990360438824,0.026699999580159783,60.0,False,59.21534729003906,13.425019793822537,0.0,31.415532936019126,0.30625,3,0.0,0.0,False,0.0,0.0,0.0,0.0,0.0,0.0,False,0.0,0.0,0.0,True,0.30625,0.0,0.25,False,0.04995004995004995,13.425019793822537,25.194677059615437,0.0,False,0.0,0.0,False,0.0,0.0,0,0.0,0.0,0.0,ground_x_z,0.0,False,25.194677059615437,0.0,0,144,24.549222690892222,8,2,59.21534729003906,17.965347290039062,-41.25,-26.051890908006804,1.0,-0.2904859982485835,-0.3762671194121466,-10.364392940866788,0.9961359635501017,False,1.0,0,False,False,False,0.0,0.0,0.0,False,True,True,False,True,left,0.0,0.0,,,,,,,,,,,,brief_loss_hold,0.45004995004994974,0.0
WIN_20260919_18_13_14_Pro_flip.mp4,144,7.192807192807193,0.04995004995004995,20.02,0.35,0.0,0.0,0.5,0.0,0.5,0.0,0.0,1.9007992,0.4000999000998995,49.76229998283088,0.055199983762577176,0.02780000795610249,37.0,False,61.21534729003906,13.878492967207016,0.0,31.415532936019126,0.35,3,0.0,0.0,False,0.0,0.0,0.0,0.0,0.0,0.0,False,0.0,0.0,0.0,True,0.35,0.0,0.25,False,0.04995004995004995,13.878492967207016,25.07339555528048,0.0,False,0.0,0.0,False,0.0,0.0,0,0.0,0.0,0.0,ground_x_z,0.0,False,25.07339555528048,0.0,0,145,14.99258711004277,8,2,61.21534729003906,25.715347290039062,-35.5,-27.469107271805782,1.0,-0.3083232297008773,-0.3889767501836837,-11.000816303312492,0.9961359635501017,False,1.0,0,False,False,False,0.0,0.0,0.0,False,True,True,False,True,left,0.0,0.0,,,,,,,,,,,,brief_loss_hold,0.4000999000998995,0.0
WIN_20260919_18_13_14_Pro_flip.mp4,145,7.242757242757243,0.04995004995004995,20.02,0.7272075156028383,45.49732562954846,37.899156653491644,0.5,0.0,0.5,0.0,0.0,1.85084915,0.35014985014984923,48.44349998165853,0.049200025387108326,0.0543000060133636,80,False,53.36656951904297,12.088279638442469,45.49732562954846,31.415532936019126,0.7272075156028383,3,0.0,0.0,False,0.0,0.0,0.0,0.0,0.0,0.0,False,0.0,0.0,0.0,True,0.7272075156028383,0.0,0.25,False,0.04995004995004995,12.088279638442469,25.07339555528048,45.49732562954846,True,0.3213561559474615,37.899156653491644,True,0.07263414126152955,1.6980037251844564,8,-0.7784551211038819,31.52143671060613,0.3213561559474615,ground_x_z,0.0,False,25.07339555528048,0.0,0,146,7.415810196083384,7,2,53.36656951904297,20.07343292236328,-33.29313659667969,-28.34271167053687,1.0,-0.3144312464361457,-0.33943682810994796,-11.197762055309374,0.9942726452864897,False,1.0,0,False,False,False,0.0,0.0,0.0,False,True,True,True,False,left,0.0,0.0,ground_x_z,12.088279638442469,25.07339555528048,37.899156653491644,8.32440511061928,8.32440511061928,8.32440511061928,,37.899156653491644,False,False,minimum_hold,0.35014985014984923,0.0
WIN_20260919_18_13_14_Pro_flip.mp4,146,7.292707292707293,0.04995004995004995,20.02,0.35,0.0,0.0,0.5,0.0,0.5,0.0,0.0,1.8008991,0.30019980019979897,51.960500015411526,0.04080001963302493,0.021700019715353847,62.0,False,46.57343292236328,10.529822438353689,0.0,25.07339555528048,0.35,1,0.0,0.0,False,0.0,0.0,0.0,0.0,0.0,0.0,False,0.0,0.0,0.0,True,0.35,0.0,0.25,False,0.04995004995004995,10.529822438353689,25.07339555528048,0.0,False,0.0,0.0,False,0.0,0.0,0,0.0,0.0,0.0,ground_x_z,0.0,False,25.07339555528048,0.0,0,147,4.859123565887582,6,1,46.57343292236328,46.57343292236328,0.0,-24.091304919956336,0.0,-0.31103449584052817,-0.29567561604624315,-11.076794418148417,0.9942726452864897,False,1.0,0,False,False,False,0.0,0.0,0.0,False,True,True,False,True,left,0.0,0.0,,,,,,,,,,,,brief_loss_hold,0.30019980019979897,0.0
WIN_20260919_18_13_14_Pro_flip.mp4,147,7.3426573426573425,0.04995004995004995,20.02,0.35,0.0,0.0,0.5,0.0,0.5,0.0,0.0,1.75094905,0.2502497502497487,49.5068000163883,0.04189999890513718,0.0219999928958714,38.0,False,-5.291494369506836,-1.2513881894818264,0.0,31.415532936019126,0.35,2,0.0,0.0,False,0.0,0.0,0.0,0.0,0.0,0.0,False,0.0,0.0,0.0,True,0.35,0.0,0.25,False,0.04995004995004995,-1.2513881894818264,31.415532936019126,0.0,False,0.0,0.0,False,0.0,0.0,0,0.0,0.0,0.0,ground_x_z,0.0,False,31.415532936019126,0.0,0,148,23.689671695620955,8,1,-5.291494369506836,-5.291494369506836,0.0,-20.477609181962887,0.0,-0.24834056280776506,0.03513876667951499,-8.844090918196006,0.9942726452864897,False,1.0,0,False,False,False,0.0,0.0,0.0,False,False,True,False,True,left,0.0,0.0,,,,,,,,,,,,brief_loss_hold,0.2502497502497487,0.0
WIN_20260919_18_13_14_Pro_flip.mp4,148,7.392607392607393,0.04995004995004995,20.02,0.35,0.0,0.0,0.5,0.0,0.5,0.0,0.0,1.700999,0.20029970029969846,52.11259998031892,0.04020001506432891,0.02120001590810716,56.0,False,24.07343292236328,5.442633523742664,0.0,31.415532936019126,0.35,3,0.0,0.0,False,0.0,0.0,0.0,0.0,0.0,0.0,False,0.0,0.0,0.0,True,0.35,0.0,0.25,False,0.04995004995004995,5.442633523742664,25.07339555528048,0.0,False,0.0,0.0,False,0.0,0.0,0,0.0,0.0,0.0,ground_x_z,0.0,False,25.07339555528048,0.0,0,149,27.070351512928028,8,2,24.07343292236328,-20.92656707763672,-45.0,-24.155967804668453,1.0,-0.23104273806840175,-0.15282821998830876,-8.228067772591837,0.9942726452864897,False,1.0,0,False,False,False,0.0,0.0,0.0,False,True,True,False,True,left,0.0,0.0,,,,,,,,,,,,brief_loss_hold,0.20029970029969846,0.0
WIN_20260919_18_13_14_Pro_flip.mp4,149,7.442557442557443,0.04995004995004995,20.02,0.35,0.0,0.0,0.5,0.0,0.5,0.0,0.0,1.65104895,0.1503496503496482,46.147000015480444,0.03880000440403819,0.02239999594166875,80,False,10.073432922363281,2.277333209405465,0.0,25.07339555528048,0.35,1,0.0,0.0,False,0.0,0.0,0.0,0.0,0.0,0.0,False,0.0,0.0,0.0,True,0.35,0.0,0.25,False,0.04995004995004995,2.277333209405465,25.07339555528048,0.0,False,0.0,0.0,False,0.0,0.0,0,0.0,0.0,0.0,ground_x_z,0.0,False,25.07339555528048,0.0,0,150,27.77055870942255,8,1,10.073432922363281,10.073432922363281,0.0,-20.532572633968183,0.0,-0.20078077926441318,-0.06394712765344653,-7.150356133384709,0.9942726452864897,False,1.0,0,False,False,False,0.0,0.0,0.0,False,False,True,False,True,left,0.0,0.0,,,,,,,,,,,,brief_loss_hold,0.1503496503496482,0.0
WIN_20260919_18_13_14_Pro_flip.mp4,150,7.492507492507492,0.04995004995004995,20.02,0.0,0.0,0.0,0.37512487512487513,0.0,0.0,0.0,0.0,1.6010989,0.0,52.662999980384484,0.0543000060133636,0.021599989850074053,33.0,False,10.073432922363281,2.277333209405465,0.0,25.07339555528048,0.0,1,0.0,0.0,False,0.0,0.0,0.0,0.0,0.0,0.0,False,0.0,0.0,0.0,False,0.0,0.04995004995005026,0.25,False,0.04995004995004995,0.0,0.0,0.0,False,0.0,0.0,False,0.0,0.0,0,0.0,0.0,0.0,ground_x_z,0.0,False,0.0,0.0,1,151,27.77055870942255,8,0,0.0,0.0,0.0,-20.532572633968183,0.0,-0.20078077926441318,0.0,-7.150356133384709,0.9942726452864897,False,1.0,0,False,False,False,0.0,0.0,0.0,False,False,False,False,False,,0.0,0.0,,,,,,,,,,,,geometry_lost,0.0,0.0
WIN_20260919_18_13_14_Pro_flip.mp4,151,7.542457542457543,0.04995004995004995,20.02,0.35,0.0,0.0,0.5,0.0,0.0,0.0,0.0,1.55114885,0.0,50.78910000156611,0.036500015994533896,0.020100007532164454,80,False,36.57343292236328,8.268794518686594,0.0,31.415532936019126,0.35,3,0.0,0.0,False,0.0,0.0,0.0,0.0,0.0,0.0,False,0.0,0.0,0.0,True,0.35,0.0,0.25,False,0.04995004995004995,8.268794518686594,25.07339555528048,0.0,False,0.0,0.0,False,0.0,0.0,0,0.0,0.0,0.0,ground_x_z,0.0,False,25.07339555528048,0.0,0,152,29.98888575012063,8,2,36.57343292236328,-11.176567077636719,-47.75,-24.615186738872957,1.0,-0.20646850335652625,-0.2321863381444358,-7.352911641915147,0.9942726452864897,False,1.0,0,False,False,False,0.0,0.0,0.0,False,True,True,False,True,left,0.0,0.0,,,,,,,,,,,,geometry_lost,0.0,0.0
WIN_20260919_18_13_14_Pro_flip.mp4,152,7.592407592407593,0.04995004995004995,20.02,0.35,0.0,0.0,0.5,0.0,0.0,0.0,0.0,1.5011988,0.0,48.16350000328384,0.0399000127799809,0.02099998528137803,54.0,False,39.57343292236328,8.94717228118509,0.0,31.415532936019126,0.35,3,0.0,0.0,False,0.0,0.0,0.0,0.0,0.0,0.0,False,0.0,0.0,0.0,True,0.35,0.0,0.25,False,0.04995004995004995,8.94717228118509,25.07339555528048,0.0,False,0.0,0.0,False,0.0,0.0,0,0.0,0.0,0.0,ground_x_z,0.0,False,25.07339555528048,0.0,0,153,29.86476063137889,8,2,39.57343292236328,-4.176567077636719,-43.75,-27.485408728042014,1.0,-0.2145759813957709,-0.251235069878812,-7.641641248088509,0.9942726452864897,False,1.0,0,False,False,False,0.0,0.0,0.0,False,True,True,False,True,left,0.0,0.0,,,,,,,,,,,,geometry_lost,0.0,0.0
WIN_20260919_18_13_14_Pro_flip.mp4,153,7.642357642357642,0.04995004995004995,20.02,0.35,0.0,0.0,0.5,0.0,0.0,0.0,0.0,1.45124875,0.0,45.61659999308176,0.03270001616328955,0.017600017599761486,57.0,False,45.32343292236328,10.247156777003319,0.0,31.415532936019126,0.35,3,0.0,0.0,False,0.0,0.0,0.0,0.0,0.0,0.0,False,0.0,0.0,0.0,True,0.35,0.0,0.25,False,0.04995004995004995,10.247156777003319,25.07339555528048,0.0,False,0.0,0.0,False,0.0,0.0,0,0.0,0.0,0.0,ground_x_z,0.0,False,25.07339555528048,0.0,0,154,18.987424548141426,8,2,45.32343292236328,7.323432922363281,-38.0,-29.062597418835715,1.0,-0.22782611089859864,-0.2877384125421775,-8.113514826355264,0.9942726452864897,False,1.0,0,False,False,False,0.0,0.0,0.0,False,True,True,False,True,left,0.0,0.0,,,,,,,,,,,,geometry_lost,0.0,0.0
WIN_20260919_18_13_14_Pro_flip.mp4,154,7.6923076923076925,0.04995004995004995,20.02,0.35,0.0,0.0,0.5,0.0,0.0,0.0,0.0,1.4012987,0.0,46.24989998410456,0.04290000651963055,0.021400017431005836,48.0,False,44.32343292236328,10.020964773695852,0.0,31.415532936019126,0.35,3,0.0,0.0,False,0.0,0.0,0.0,0.0,0.0,0.0,False,0.0,0.0,0.0,True,0.35,0.0,0.25,False,0.04995004995004995,10.020964773695852,25.07339555528048,0.0,False,0.0,0.0,False,0.0,0.0,0,0.0,0.0,0.0,ground_x_z,0.0,False,25.07339555528048,0.0,0,155,13.720878251773827,8,2,44.32343292236328,3.5734329223632812,-40.75,-30.81570780601036,1.0,-0.23752628675322165,-0.28138697971278165,-8.458964785116866,0.9942726452864897,False,1.0,0,False,False,False,0.0,0.0,0.0,False,True,True,False,True,left,0.0,0.0,,,,,,,,,,,,geometry_lost,0.0,0.0
WIN_20260919_18_13_14_Pro_flip.mp4,155,7.742257742257743,0.04995004995004995,20.02,0.35,0.0,0.0,0.5,0.0,0.0,0.0,0.0,1.35134865,0.0,53.150499996263534,0.05220001912675798,0.02649999805726111,63.0,False,44.32343292236328,10.021063897407807,0.0,31.415532936019126,0.35,3,0.0,0.0,False,0.0,0.0,0.0,0.0,0.0,0.0,False,0.0,0.0,0.0,True,0.35,0.0,0.25,False,0.04995004995004995,10.021063897407807,25.07339555528048,0.0,False,0.0,0.0,False,0.0,0.0,0,0.0,0.0,0.0,ground_x_z,0.0,False,25.07339555528048,0.0,0,156,12.20911544707478,8,2,44.32343292236328,3.0734329223632812,-41.25,-32.380851635108804,1.0,-0.24547021005915104,-0.28138976308968744,-8.741869757105674,0.9942726452864897,False,1.0,0,False,False,False,0.0,0.0,0.0,False,True,True,False,True,left,0.0,0.0,,,,,,,,,,,,geometry_lost,0.0,0.0
WIN_20260919_18_13_14_Pro_flip.mp4,156,7.792207792207792,0.04995004995004995,20.02,0.35,0.0,0.0,0.5,0.0,0.0,0.0,0.0,1.3013986,0.0,58.20030000177212,0.04430001717992127,0.022599997464567423,49.0,False,36.57343292236328,8.268794518686594,0.0,31.415532936019126,0.35,3,0.0,0.0,False,0.0,0.0,0.0,0.0,0.0,0.0,False,0.0,0.0,0.0,True,0.35,0.0,0.25,False,0.04995004995004995,8.268794518686594,25.07339555528048,0.0,False,0.0,0.0,False,0.0,0.0,0,0.0,0.0,0.0,ground_x_z,0.0,False,25.07339555528048,0.0,0,157,4.541475531146237,7,2,36.57343292236328,-11.926567077636719,-48.5,-34.798723889842485,1.0,-0.24306442582794185,-0.2321863381444358,-8.656193159493844,0.9942726452864897,False,1.0,0,False,False,False,0.0,0.0,0.0,False,True,True,False,True,left,0.0,0.0,,,,,,,,,,,,geometry_lost,0.0,0.0
WIN_20260919_18_13_14_Pro_flip.mp4,157,7.842157842157842,0.04995004995004995,20.02,0.35,0.0,0.0,0.5,0.0,0.0,0.0,0.0,1.25144855,0.0,61.48930001654662,0.03850000211969018,0.021500018192455173,34.0,False,28.82343292236328,6.516624263677334,0.0,31.415532936019126,0.35,3,0.0,0.0,False,0.0,0.0,0.0,0.0,0.0,0.0,False,0.0,0.0,0.0,True,0.35,0.0,0.25,False,0.04995004995004995,6.516624263677334,25.07339555528048,0.0,False,0.0,0.0,False,0.0,0.0,0,0.0,0.0,0.0,ground_x_z,0.0,False,25.07339555528048,0.0,0,158,5.5531522579522345,6,2,28.82343292236328,-35.42656707763672,-64.25,-39.21641530636611,1.0,-0.23218382863510972,-0.18298569657608993,-8.268705148152884,0.9942726452864897,False,1.0,0,False,False,False,0.0,0.0,0.0,False,True,True,False,True,left,0.0,0.0,,,,,,,,,,,,geometry_lost,0.0,0.0
WIN_20260919_18_13_14_Pro_flip.mp4,158,7.892107892107893,0.04995004995004995,20.02,0.0,0.0,0.0,0.37512487512487513,0.0,0.0,0.0,0.0,1.2014985,0.0,55.40910002309829,0.05470000905916095,0.021099986042827368,35.0,False,28.82343292236328,6.516624263677334,0.0,31.415532936019126,0.0,3,0.0,0.0,False,0.0,0.0,0.0,0.0,0.0,0.0,False,0.0,0.0,0.0,False,0.0,0.04995004995005026,0.25,False,0.04995004995004995,0.0,0.0,0.0,False,0.0,0.0,False,0.0,0.0,0,0.0,0.0,0.0,ground_x_z,0.0,False,0.0,0.0,1,159,5.5531522579522345,6,0,0.0,0.0,0.0,-39.21641530636611,0.0,-0.23218382863510972,0.0,-8.268705148152884,0.9942726452864897,False,1.0,0,False,False,False,0.0,0.0,0.0,False,False,False,False,False,,0.0,0.0,,,,,,,,,,,,geometry_lost,0.0,0.0
WIN_20260919_18_13_14_Pro_flip.mp4,159,7.942057942057942,0.04995004995004995,20.02,0.46839669773141096,0.0,0.0,0.5,0.0,0.0,0.0,0.0,1.15154845,0.0,58.74459998449311,0.04159999662078917,0.021499989088624716,63.0,False,3.6818199157714844,0.8650485446108215,0.0,31.282874366720808,0.46839669773141096,2,0.0,0.0,False,0.0,0.0,0.0,0.0,0.0,0.0,False,0.0,0.0,0.0,True,0.46839669773141096,0.0,0.25,False,0.04995004995004995,0.8650485446108215,31.282874366720808,0.0,False,0.0,0.0,False,0.0,1.5890338309879617,5,0.0,0.0,0.0,ground_x_z,0.0,False,31.282874366720808,0.0,0,160,12.273758222917916,8,1,3.6818199157714844,3.6818199157714844,0.0,-33.33395301041119,0.0,-0.19509935009124588,-0.02436111317699859,-6.927861121317722,0.9913871923807599,False,1.0,0,False,False,False,0.0,0.0,0.0,False,False,True,True,False,left,0.0,0.0,,,,,,,,,,,,geometry_lost,0.0,0.0
WIN_20260919_18_13_14_Pro_flip.mp4,160,7.992007992007992,0.04995004995004995,20.02,0.4867664398577161,0.0,0.0,0.5,0.0,0.0,0.0,0.0,1.1015984,0.0,57.56889999611303,0.043800013372674584,0.022499996703118086,64.0,False,2.7462615966796875,0.6469020597175982,0.0,31.548191505317444,0.4867664398577161,2,0.0,0.0,False,0.0,0.0,0.0,0.0,0.0,0.0,False,0.0,0.0,0.0,True,0.4867664398577161,0.0,0.25,False,0.04995004995004995,0.6469020597175982,31.548191505317444,0.0,False,0.0,0.0,False,0.0,1.857294943112013,5,0.0,0.0,0.0,ground_x_z,0.0,False,31.548191505317444,0.0,0,161,12.272741942546073,8,1,2.7462615966796875,2.7462615966796875,0.0,-28.333860058849513,0.0,-0.16353153935576117,-0.018269880055948814,-5.7903439603362745,0.9885594485331447,False,1.0,0,False,False,False,0.0,0.0,0.0,False,False,True,True,False,left,0.0,0.0,,,,,,,,,,,,geometry_lost,0.0,0.0
WIN_20260919_18_13_14_Pro_flip.mp4,161,8.041958041958042,0.04995004995004995,20.02,0.30625,0.0,0.0,0.5,0.0,0.0,0.0,0.0,1.05164835,0.0,55.82969999522902,0.03710002056322992,0.021499989088624716,52.0,False,44.74626159667969,10.049859000476204,0.0,31.81448456064901,0.30625,3,0.0,0.0,False,0.0,0.0,0.0,0.0,0.0,0.0,False,0.0,0.0,0.0,True,0.30625,0.0,0.25,False,0.04995004995004995,10.049859000476204,24.952114050945525,0.0,False,0.0,0.0,False,0.0,1.857294943112013,5,0.0,0.0,0.0,ground_x_z,0.0,False,24.952114050945525,0.0,0,162,22.437027316209463,8,2,44.74626159667969,1.7727203369140625,-42.973541259765625,-30.52981223898693,1.0,-0.18531813198029448,-0.28382923776444885,-6.561766191893278,0.9885594485331447,False,0.9999106300979126,0,False,False,False,0.0,0.0,0.0,False,True,True,False,True,left,0.0,0.0,,,,,,,,,,,,geometry_lost,0.0,0.0
WIN_20260919_18_13_14_Pro_flip.mp4,162,8.091908091908092,0.04995004995004995,20.02,0.35,12.302901719381694,9.72726631594062,0.5,0.0,0.5,0.0,0.0,1.0016983,0.5,54.780000005848706,0.13050000416114926,0.05699999746866524,53.0,False,47.49626159667969,10.676615219365015,12.302901719381694,31.548191505317444,0.35,3,0.0,0.0,False,0.0,0.0,0.0,0.0,0.0,0.0,False,0.0,0.0,0.0,True,0.35,0.0,0.25,False,0.04995004995004995,10.676615219365015,25.07339555528048,12.302901719381694,True,0.8469862803924566,9.72726631594062,True,0.1984867135137773,1.857294943112013,7,-0.17142296174732238,6.105622151122548,0.8469862803924566,ground_x_z,0.0,False,25.07339555528048,0.0,0,163,22.201806115456677,8,2,47.49626159667969,2.93243408203125,-44.56382751464844,-32.63491453033616,1.0,-0.2063647860308548,-0.30153015673882555,-7.306988591480845,0.9885594485331447,False,1.0084527254310793,0,False,False,False,0.0,0.0,0.0,False,True,True,False,True,left,0.0,0.0,ground_x_z,10.676615219365015,25.07339555528048,9.72726631594062,-7.2982808404589345,-7.2982808404589345,-7.2982808404589345,,9.72726631594062,False,False,new_block,0.5,0.0
WIN_20260919_18_13_14_Pro_flip.mp4,163,8.141858141858142,0.04995004995004995,20.02,0.35,-14.474461149415864,-11.925347835932927,0.5,0.0,0.5,0.0,0.0,0.95174825,0.45004995004994974,56.36359998607077,0.04099999205209315,0.046600005589425564,66.0,False,48.24626159667969,10.8452597907646,-14.474461149415864,31.548191505317444,0.35,3,0.0,0.0,False,0.0,0.0,0.0,0.0,0.0,0.0,False,0.0,0.0,0.0,True,0.35,0.0,0.25,False,0.04995004995004995,10.8452597907646,25.07339555528048,-14.474461149415864,True,1.0171257924643853,-11.925347835932927,True,0.23940233084276713,1.857294943112013,7,0.21119514530146047,-6.011868577871129,1.0171257924643853,ground_x_z,0.0,False,25.07339555528048,0.0,0,164,21.932172596173174,8,2,48.24626159667969,2.471292495727539,-45.77496910095215,-34.60592271592856,1.0,-0.22446235640858064,-0.306293035516646,-7.947789489865672,0.9885594485331447,False,1.002584379675997,0,False,False,False,0.0,0.0,0.0,False,True,True,False,True,left,0.0,0.0,ground_x_z,10.8452597907646,25.07339555528048,-11.925347835932927,-17.858564401898906,-12.57842262117892,-12.57842262117892,,-11.925347835932927,False,False,minimum_hold,0.45004995004994974,0.0
WIN_20260919_18_13_14_Pro_flip.mp4,164,8.191808191808192,0.04995004995004995,20.02,0.35,0.0,0.0,0.5,0.0,0.5,0.0,0.0,0.9017982,0.4000999000998995,57.97220001113601,0.04370001261122525,0.0467000063508749,64.0,False,47.49626159667969,10.676615219365015,0.0,25.07339555528048,0.35,1,0.0,0.0,False,0.0,0.0,0.0,0.0,0.0,0.0,False,0.0,0.0,0.0,True,0.35,0.0,0.25,False,0.04995004995004995,10.676615219365015,25.07339555528048,0.0,False,0.0,0.0,False,0.0,0.0,0,0.0,0.0,0.0,ground_x_z,0.0,False,25.07339555528048,0.0,0,165,18.833814108504,8,1,47.49626159667969,47.49626159667969,0.0,-29.415034308539273,0.0,-0.23841977032816947,-0.30153015673882555,-8.44199524191565,0.9885594485331447,False,1.0,0,False,False,False,0.0,0.0,0.0,False,True,True,False,True,left,0.0,0.0,,,,,,,,,,,,brief_loss_hold,0.4000999000998995,0.0
WIN_20260919_18_13_14_Pro_flip.mp4,165,8.241758241758243,0.04995004995004995,20.02,0.35,31.099939452233922,25.67963857873832,0.5,0.0,0.5,0.0,0.0,0.85184815,0.35014985014984923,57.14999997871928,0.041099992813542485,0.04499999340623617,64.0,False,46.74626159667969,10.50797064796543,31.099939452233922,31.4165061752393,0.35,3,0.0,0.0,False,0.0,0.0,0.0,0.0,0.0,0.0,False,0.0,0.0,0.0,True,0.35,0.0,0.25,False,0.04995004995004995,10.50797064796543,25.07339555528048,31.099939452233922,True,2.636958070342462,25.67963857873832,True,0.6212551046732577,1.857294943112013,6,-0.4808298890057087,15.811223762949425,2.636958070342462,ground_x_z,0.0,False,25.07339555528048,0.0,0,166,18.832153355365392,8,2,46.74626159667969,3.637096405029297,-43.10916519165039,-31.469153941005942,1.0,-0.24898683350783904,-0.29676727796100505,-8.816155056603018,0.9885594485331447,False,1.0064484496146522,0,False,False,False,0.0,0.0,0.0,False,True,True,False,True,left,0.0,0.0,ground_x_z,10.50797064796543,25.07339555528048,25.67963857873832,1.6925814818270248,1.6925814818270248,1.6925814818270248,,25.67963857873832,False,False,minimum_hold,0.35014985014984923,0.0
WIN_20260919_18_13_14_Pro_flip.mp4,166,8.291708291708291,0.04995004995004995,20.02,0.35,0.0,0.0,0.5,0.0,0.5,0.0,0.0,0.8018981,0.30019980019979897,61.18429999332875,0.042100000428035855,0.02190002123825252,68.0,False,46.24626159667969,10.395672339214403,0.0,31.81448456064901,0.35,3,0.0,0.0,False,0.0,0.0,0.0,0.0,0.0,0.0,False,0.0,0.0,0.0,True,0.35,0.0,0.25,False,0.04995004995004995,10.395672339214403,25.07339555528048,0.0,False,0.0,0.0,False,0.0,1.857294943112013,5,0.0,0.0,0.0,ground_x_z,0.0,False,25.07339555528048,0.0,0,167,1.378404875209022,7,2,46.24626159667969,2.93243408203125,-43.31382751464844,-33.24585497705232,1.0,-0.257065757811516,-0.2935957366116657,-9.102214557614875,0.9885594485331447,False,1.0134329259645507,0,False,False,False,0.0,0.0,0.0,False,True,True,False,True,left,0.0,0.0,,,,,,,,,,,,brief_loss_hold,0.30019980019979897,0.0
WIN_20260919_18_13_14_Pro_flip.mp4,167,8.341658341658341,0.04995004995004995,20.02,0.35,0.0,0.0,0.5,0.0,0.5,0.0,0.0,0.75194805,0.2502497502497487,56.212600000435486,0.0577000027988106,0.024200009647756815,68.0,False,47.24626159667969,10.620466064989502,0.0,31.81448456064901,0.35,3,0.0,0.0,False,0.0,0.0,0.0,0.0,0.0,0.0,False,0.0,0.0,0.0,True,0.35,0.0,0.25,False,0.04995004995004995,10.620466064989502,25.07339555528048,0.0,False,0.0,0.0,False,0.0,1.857294943112013,5,0.0,0.0,0.0,ground_x_z,0.0,False,25.07339555528048,0.0,0,168,0.7664854858377946,6,2,47.24626159667969,4.93243408203125,-42.31382751464844,-34.606050857691734,1.0,-0.2648313195670317,-0.29994438606415585,-9.377178480701584,0.9885594485331447,False,1.0161280575884981,0,False,False,False,0.0,0.0,0.0,False,True,True,False,True,left,0.0,0.0,,,,,,,,,,,,brief_loss_hold,0.2502497502497487,0.0
WIN_20260919_18_13_14_Pro_flip.mp4,168,8.391608391608392,0.04995004995004995,20.02,0.35,0.0,0.0,0.5,0.0,0.5,0.0,0.0,0.701998,0.20029970029969846,59.52079998678528,0.04749998333863914,0.025200017262250185,71.0,False,48.24626159667969,10.8452597907646,0.0,31.81448456064901,0.35,3,0.0,0.0,False,0.0,0.0,0.0,0.0,0.0,0.0,False,0.0,0.0,0.0,True,0.35,0.0,0.25,False,0.04995004995004995,10.8452597907646,25.07339555528048,0.0,False,0.0,0.0,False,0.0,1.857294943112013,5,0.0,0.0,0.0,ground_x_z,0.0,False,25.07339555528048,0.0,0,169,0.8215838362577492,5,2,48.24626159667969,1.3611106872558594,-46.88515090942383,-36.44791586545155,1.0,-0.27234027050173326,-0.306293035516646,-9.643056297693336,0.9885594485331447,False,1.0083028064087514,0,False,False,False,0.0,0.0,0.0,False,True,True,False,True,left,0.0,0.0,,,,,,,,,,,,brief_loss_hold,0.20029970029969846,0.0
WIN_20260919_18_13_14_Pro_flip.mp4,169,8.441558441558442,0.04995004995004995,20.02,0.35,0.0,0.0,0.5,0.0,0.5,0.0,0.0,0.65204795,0.1503496503496482,60.276999982306734,0.035200006095692515,0.021099986042827368,61.0,False,49.24626159667969,11.070053516539698,0.0,31.81448456064901,0.35,3,0.0,0.0,False,0.0,0.0,0.0,0.0,0.0,0.0,False,0.0,0.0,0.0,True,0.35,0.0,0.25,False,0.04995004995004995,11.070053516539698,25.07339555528048,0.0,False,0.0,0.0,False,0.0,1.5948735806151753,5,0.0,0.0,0.0,ground_x_z,0.0,False,25.07339555528048,0.0,0,170,0.873212459828649,4,2,49.24626159667969,1.9500007629394531,-47.296260833740234,-38.07516761069485,1.0,-0.2796390842846109,-0.3126416849691362,-9.901493553722355,0.9885594485331447,False,1.0057518576126183,0,False,False,False,0.0,0.0,0.0,False,True,True,False,True,left,0.0,0.0,,,,,,,,,,,,brief_loss_hold,0.1503496503496482,0.0
WIN_20260919_18_13_14_Pro_flip.mp4,170,8.491508491508492,0.04995004995004995,20.02,0.35,0.0,0.0,0.5,0.0,0.0,0.0,0.0,0.6020979,0.0,63.74549999600276,0.0425000034738332,0.022199994418770075,62.0,False,49.74626159667969,11.182450379427246,0.0,31.150701078275198,0.35,3,0.0,0.0,False,0.0,0.0,0.0,0.0,0.0,0.0,False,0.0,0.0,0.0,True,0.35,0.0,0.25,False,0.04995004995004995,11.182450379427246,25.07339555528048,0.0,False,0.0,0.0,False,0.0,1.0593381019276578,5,0.0,0.0,0.0,ground_x_z,0.0,False,25.07339555528048,0.0,0,171,0.8366600265340756,3,2,49.74626159667969,1.4555377960205078,-48.29072380065918,-39.6075010391895,1.0,-0.2861909298041729,-0.31581600969538126,-10.133482069715711,0.9885594485331447,False,1.0180342650030263,0,False,False,False,0.0,0.0,0.0,False,True,True,False,True,left,0.0,0.0,,,,,,,,,,,,geometry_lost,0.0,0.0
WIN_20260919_18_13_14_Pro_flip.mp4,171,8.541458541458542,0.04995004995004995,20.02,0.35,0.0,0.0,0.5,0.0,0.0,0.0,0.0,0.55214785,0.0,61.99459999334067,0.04369998350739479,0.025300018023699522,69.0,False,50.24626159667969,11.294847242314795,0.0,25.07339555528048,0.35,1,0.0,0.0,False,0.0,0.0,0.0,0.0,0.0,0.0,False,0.0,0.0,0.0,True,0.35,0.0,0.25,False,0.04995004995004995,11.294847242314795,25.07339555528048,0.0,False,0.0,0.0,False,0.0,0.0,0,0.0,0.0,0.0,ground_x_z,0.0,False,25.07339555528048,0.0,0,172,0.8366600265340756,2,1,50.24626159667969,50.24626159667969,0.0,-33.666375883311076,0.0,-0.29213108723179065,-0.31899033442162633,-10.343811861876636,0.9885594485331447,False,1.0,0,False,False,False,0.0,0.0,0.0,False,True,True,False,True,left,0.0,0.0,,,,,,,,,,,,geometry_lost,0.0,0.0
WIN_20260919_18_13_14_Pro_flip.mp4,172,8.591408591408591,0.04995004995004995,20.02,0.35,0.0,0.0,0.5,0.0,0.0,0.0,0.0,0.5021978,0.0,65.80789998406544,0.04789998638443649,0.023500004317611456,68.0,False,50.24626159667969,11.294847242314795,0.0,31.150701078275198,0.35,3,0.0,0.0,True,41.537754793973875,-6.261774798854039,806.5,449.0,0.0,0.0,False,0.0,0.0,0.0,True,0.35,0.0,0.25,False,0.04995004995004995,11.294847242314795,25.07339555528048,0.0,False,0.0,0.0,False,0.0,1.5948735806151753,5,0.0,0.0,0.0,ground_x_z,0.0,False,25.07339555528048,0.0,0,173,0.7071067811865476,1,2,50.24626159667969,2.967741012573242,-47.278520584106445,-35.70819758843038,1.0,-0.29699544859919264,-0.31899033442162633,-10.516049740732246,0.9885594485331447,True,0.9728298648009498,-1,False,True,False,0.0,65.53775479397387,19.537754793973875,,True,True,False,True,left,0.0,0.0,,,,,,,,,,,,geometry_lost,0.0,0.0
WIN_20260919_18_13_53_Pro_flip.mp4,0,0.0,0.04993009786299182,20.028,0.9788362170691416,24.960533537882135,23.605707814352222,0.5,0.5,0.5,0.14724144188319038,1.0,0.0,0.5,63.78329999279231,0.02340000355616212,0.05229999078437686,80,False,-23.780366322893766,-5.405846301050706,24.960533537882135,25.438093068530485,0.9788362170691416,0,0.0,0.0,False,0.0,0.0,0.0,0.0,1.0,-23.5,True,0.7196336771062317,0.0037494903142933677,0.1585922922197516,True,0.9788362170691416,0.0,0.25,False,0.04993009786299182,-5.405846301050706,25.438093068530485,24.960533537882135,True,0.15859229221974994,23.605707814352222,True,0.03598339083977194,2.1755637053852546,10,-0.4370078975789181,5.527057076141091,0.15859229221974994,ground_x_z,0.0,False,25.438093068530485,0.9994912182030997,0,1,0.0,0,1,-24.5,-24.5,-0.7196336771062342,-0.10794505156593515,0.03997964872812412,0.15088979009846812,0.15088979009846812,5.405846301050706,1.0002390206049365,False,1.0,0,False,False,False,0.0,0.0,0.0,False,False,True,True,False,left,0.0,0.0,ground_x_z,-5.405846301050706,25.438093068530485,23.605707814352222,17.889657675327616,17.889657675327616,17.889657675327616,,23.605707814352222,False,False,new_block,0.5,0.14724144188319038
WIN_20260919_18_13_53_Pro_flip.mp4,1,0.04993009786299182,0.04993009786299182,20.028,0.9788362170691416,24.960533537882135,23.610631045859265,0.5,0.5,0.5,0.14724144188319038,0.950069902,0.0,0.4500699021370082,56.119500019121915,0.04909999552182853,0.10340000153519213,80,False,-23.780366322893766,-5.407119839159993,24.960533537882135,25.438093068530485,0.9788362170691416,0,0.0,0.0,False,0.0,0.0,0.0,0.0,1.0,-23.5,True,0.7196336771062317,0.003749490314293356,0.1585922922197516,True,0.9788362170691416,0.0,0.25,False,0.04993009786299182,-5.407119839159993,25.438093068530485,24.960533537882135,True,0.15859229221974994,23.610631045859265,True,0.03599181758201654,2.1755637053852546,10,-0.437110237931666,5.528351425680231,0.15859229221974994,ground_x_z,0.0,False,25.438093068530485,0.9994912182030997,0,2,0.0,0,1,-24.5,-24.5,-0.7196336771062342,-0.19969834539698,0.03997964872812412,0.1508630713788398,0.15089000146315235,5.406154803758412,1.0004732607977742,False,1.0,0,False,False,False,0.0,0.0,0.0,False,False,True,True,False,left,0.0,0.0,ground_x_z,-5.407119839159993,25.438093068530485,23.610631045859265,17.89358789702987,17.891622786178743,17.891622786178743,,23.610631045859265,False,False,minimum_hold,0.4500699021370082,0.14724144188319038
WIN_20260919_18_13_53_Pro_flip.mp4,2,0.09986019572598363,0.04993009786299182,20.028,0.9788362170691416,24.960533537882135,23.615455453956947,0.5,0.5,0.5,0.14724144188319038,0.900139804,0.0,0.4001398042740164,55.04710000241175,0.03819999983534217,0.043800013372674584,80,False,-23.780366322893766,-5.408367906507095,24.960533537882135,25.438093068530485,0.9788362170691416,0,0.0,0.0,False,0.0,0.0,0.0,0.0,1.0,-23.5,True,0.7196336771062317,0.0037494903142933356,0.1585922922197516,True,0.9788362170691416,0.0,0.25,False,0.04993009786299182,-5.408367906507095,25.438093068530485,24.960533537882135,True,0.15859229221974994,23.615455453956947,True,0.03600007578941565,2.1755637053852546,10,-0.4372105314773585,5.529619888228579,0.15859229221974994,ground_x_z,0.0,False,25.438093068530485,0.9994912182030997,0,3,0.0,0,1,-24.5,-24.5,-0.7196336771062342,-0.2776886451533681,0.03997964872812412,0.15084342123409586,0.150890208504541,5.406690907221215,1.0007028161867553,False,1.0,0,False,False,False,0.0,0.0,0.0,False,False,True,True,False,left,0.0,0.0,ground_x_z,-5.408367906507095,25.438093068530485,23.615455453956947,17.897439345406664,17.89358789702987,17.89358789702987,,23.615455453956947,False,False,minimum_hold,0.4001398042740164,0.14724144188319038
WIN_20260919_18_13_53_Pro_flip.mp4,3,0.14979029358897544,0.04993009786299182,20.028,0.977302579334145,23.535355220895784,22.428806862778973,0.5,0.5,0.5,0.14724144188319038,0.850209706,0.0,0.35020970641102456,51.82540000532754,0.03809999907389283,0.04469999112188816,67.0,False,-24.120375331511127,-5.486965232615694,23.535355220895784,25.438093068530485,0.977302579334145,0,0.0,0.0,True,98.16331999854755,-53.488769642095036,405.1605613701237,67.0,1.0,-23.875,True,0.7195710497015669,0.0036960008979901923,0.1934534632004443,True,0.977302579334145,0.0,0.25,False,0.04993009786299182,-5.486965232615694,25.438093068530485,23.535355220895784,True,0.19345346320043852,22.428806862778973,True,0.04403105875290837,2.1755637053852546,10,-0.41275856716239095,4.796288102116582,0.19345346320043852,ground_x_z,0.0,False,25.438093068530485,0.9994042356966207,0,4,0.1963042926521313,0,1,-24.75,-24.75,-0.6296246684888729,-0.3304790486536938,0.03497914824938183,0.1513519198417275,0.15304862029220004,5.426136612507052,1.0009277804679566,False,1.0,0,False,True,False,0.0,122.16331999854755,76.16331999854755,,True,True,True,False,left,0.0,0.0,ground_x_z,-5.486965232615694,25.438093068530485,22.428806862778973,17.354131897864946,17.89358789702987,17.89358789702987,,22.428806862778973,False,False,minimum_hold,0.35020970641102456,0.14724144188319038
WIN_20260919_18_13_53_Pro_flip.mp4,4,0.19972039145196727,0.04993009786299182,20.028,0.9998282546384984,25.194943911714788,24.319559257118243,0.5,0.5,0.5,0.14724144188319038,0.800279608,0.0,0.3002796085480327,49.57410000497475,0.03429999924264848,0.0399000127799809,65.0,False,-29.780222276972037,-6.778156401994237,25.194943911714788,25.438093068530485,0.9998282546384984,0,0.0,0.0,True,90.54371644959028,-48.65343732487304,412.8465204957102,99.0,1.0,-29.5,True,0.7197777230279643,0.0030078488094700483,0.11742179860604797,True,0.9998282546384984,0.0,0.25,False,0.04993009786299182,-6.778156401994237,25.438093068530485,25.194943911714788,True,0.11742179860604351,24.319559257118243,True,0.02670243685007408,2.1755637053852546,10,-0.45192834497377343,4.52034324439542,0.11742179860604351,ground_x_z,0.0,False,25.438093068530485,0.9996912819832837,0,5,2.835025289657226,0,1,-30.5,-30.5,-0.7197777230279634,-0.38887384980983425,0.0399876512793313,0.1603768237147578,0.18893381560719252,5.753650773950196,1.0016173618351716,False,1.0,0,False,True,False,0.0,114.54371644959028,68.54371644959028,,True,True,True,False,left,0.0,0.0,ground_x_z,-6.778156401994237,25.438093068530485,24.319559257118243,19.675402513258355,17.897439345406664,17.897439345406664,,24.319559257118243,False,False,minimum_hold,0.3002796085480327,0.14724144188319038
WIN_20260919_18_13_53_Pro_flip.mp4,5,0.24965048931495906,0.04993009786299182,20.028,0.8269068310330915,0.0,0.0,0.5,0.5,0.5,0.14724144188319038,0.75034951,0.0,0.25034951068504097,41.639900009613484,0.046600005589425564,0.026900001103058457,45.0,False,-23.29798698425293,-5.320411563982747,0.0,25.438093068530485,0.8269068310330915,0,0.0,0.0,True,90.54371644959028,-48.65343732487304,412.8465204957102,99.0,0.0,0.0,False,0.0,0.0,0.0,True,0.8269068310330915,0.0,0.25,False,0.04993009786299182,-5.320411563982747,25.438093068530485,0.0,False,0.0,0.0,False,0.0,0.9753880976967402,5,0.0,0.0,0.0,ground_x_z,0.0,False,25.438093068530485,0.0,0,6,3.8514633053466136,0,1,-23.29798698425293,-23.29798698425293,0.0,-0.3305427723383591,0.0,0.15737179304696994,0.14822566585802857,5.648702623294355,1.0021247134359081,False,1.0,0,False,True,False,0.0,114.54371644959028,68.54371644959028,,False,True,True,False,left,0.0,0.0,,,,,,,,,,,,brief_loss_hold,0.25034951068504097,0.14724144188319038
WIN_20260919_18_13_53_Pro_flip.mp4,6,0.2995805871779509,0.04993009786299182,20.028,0.836828889837798,0.0,0.0,0.5,0.5,0.5,0.14724144188319038,0.700419412,0.0,0.20041941282204911,41.5944000124,0.0433000095654279,0.022199994418770075,25,False,-0.4784049987792969,-0.10930561391913189,0.0,25.438093068530485,0.836828889837798,0,0.0,0.0,True,90.54371644959028,-48.65343732487304,412.8465204957102,99.0,0.0,0.0,False,0.0,0.0,0.0,True,0.836828889837798,0.0,0.25,False,0.04993009786299182,-0.10930561391913189,25.438093068530485,0.0,False,0.0,0.0,False,0.0,0.9753880976967402,5,0.0,0.0,0.0,ground_x_z,0.0,False,25.438093068530485,0.0,0,7,10.907815271207246,8,1,-0.4784049987792969,-0.4784049987792969,0.0,-0.28096135648760523,0.0,0.11995561607738843,0.0030444214540934047,4.3068354549784855,1.0023921287000728,False,1.0,0,False,True,False,0.0,114.54371644959028,68.54371644959028,,False,True,True,False,left,0.0,0.0,,,,,,,,,,,,brief_loss_hold,0.20041941282204911,0.14724144188319038
WIN_20260919_18_13_53_Pro_flip.mp4,7,0.3495106850409427,0.04993009786299182,20.028,0.9885752979223204,8.602338644593688,5.29946792256283,0.5,0.5,0.5,0.14724144188319038,0.650489314,0.0,0.15048931495905732,44.05680001946166,0.03940000897273421,0.04370001261122525,27.0,False,22.712500000000002,5.157422556341888,8.602338644593688,25.438093068530485,0.9885752979223204,0,0.0,0.0,True,90.54371644959028,-48.65343732487304,412.8465204957102,99.0,1.0,22.75,True,0.95,0.002846833135979087,0.13706888336846748,True,0.9885752979223204,0.0,0.25,False,0.04993009786299182,5.157422556341888,25.438093068530485,8.602338644593688,True,0.13706888336846748,5.29946792256283,True,0.03125432144822703,2.1755637053852546,10,-0.09275782879219792,7.444807431236567,0.13706888336846748,ground_x_z,0.0,False,25.438093068530485,0.9996731740294588,0,8,15.051380299602538,8,1,22.0,22.0,-0.7125000000000021,-0.34569215301446476,0.03958333333333345,0.07216546587446171,-0.14351216112112486,2.5934234324277337,1.0033303846728008,False,1.0,0,False,True,False,0.0,114.54371644959028,68.54371644959028,,False,True,True,False,left,0.0,0.0,ground_x_z,5.157422556341888,25.438093068530485,5.29946792256283,-3.2955817382337864,-3.2955817382337864,-3.2955817382337864,,5.29946792256283,False,False,minimum_hold,0.15048931495905732,0.14724144188319038
WIN_20260919_18_13_53_Pro_flip.mp4,8,0.39944078290393453,0.04993009786299182,20.028,0.9586394772842801,5.507357140471155,0.9904552443312661,0.5,0.5,0.5,0.14724144188319038,0.600559216,0.0,0.10055921709606552,40.89569998905063,0.04759998410008848,0.052000017603859305,54.0,False,39.5,9.040803353907663,5.507357140471155,25.438093068530485,0.9586394772842801,0,0.0,0.0,False,0.0,0.0,0.0,0.0,1.0,39.5,True,0.95,0.002775793890633328,0.1621353717973884,True,0.9586394772842801,0.0,0.25,False,0.04993009786299182,9.040803353907663,25.438093068530485,5.507357140471155,True,0.1621353717973884,0.9904552443312661,True,0.03694937422044715,2.1755637053852546,10,-0.017288427242771486,9.464245032511194,0.1621353717973884,ground_x_z,0.0,False,25.438093068530485,0.9996234739235275,0,9,16.819184253348173,8,1,39.5,39.5,0.0,-0.29383833006229504,0.0,0.013549042991887732,-0.25144577941298707,0.48715963182705524,1.003835676212652,False,1.0,0,False,False,False,0.0,0.0,0.0,False,True,True,True,False,left,0.0,0.0,ground_x_z,9.040803353907663,25.438093068530485,0.9904552443312661,-9.777373556436846,-6.536477647335316,-6.536477647335316,,0.9904552443312661,False,False,minimum_hold,0.10055921709606552,0.14724144188319038
WIN_20260919_18_13_53_Pro_flip.mp4,9,0.44937088076692633,0.04993009786299182,20.028,0.7755829215563361,0.0,0.0,0.5,0.5,0.5,0.14724144188319038,0.550629118,0.0,0.05062911923307373,42.80049999943003,0.043899985030293465,0.024999986635521054,46.0,False,31.72319793701172,7.286089660718901,0.0,25.438093068530485,0.7755829215563361,0,0.0,0.0,False,0.0,0.0,0.0,0.0,0.0,0.0,False,0.0,0.0,0.0,True,0.7755829215563361,0.0,0.25,False,0.04993009786299182,7.286089660718901,25.438093068530485,0.0,False,0.0,0.0,False,0.0,0.9753880976967402,5,0.0,0.0,0.0,ground_x_z,0.0,False,25.438093068530485,0.0,0,10,16.987463481174764,8,1,31.72319793701172,31.72319793701172,0.0,-0.24976258055295078,0.0,-0.025572075001471253,-0.20249762633469767,-0.9201116805358931,1.004556870032759,False,1.0,0,False,False,False,0.0,0.0,0.0,False,True,True,True,False,left,0.0,0.0,,,,,,,,,,,,brief_loss_hold,0.05062911923307373,0.14724144188319038
WIN_20260919_18_13_53_Pro_flip.mp4,10,0.4993009786299181,0.04993009786299182,20.028,0.9507994729238807,6.637504164257528,4.018604232233463,0.5,0.5,0.5,0.14724144188319038,0.50069902,0.0,0.0006990213700818759,40.260399982798845,0.036699988413602114,0.040300015825778246,54.0,False,18.2375,4.159097541906611,6.637504164257528,25.438093068530485,0.9507994729238807,0,0.0,0.0,False,0.0,0.0,0.0,0.0,1.0,18.25,True,0.95,0.0035723138835569586,0.13113721705515424,True,0.9507994729238807,0.0,0.25,False,0.04993009786299182,4.159097541906611,25.438093068530485,6.637504164257528,True,0.13113721705514816,4.018604232233463,True,0.02997490421343409,2.1755637053852546,10,-0.07025311220082843,5.901345084633988,0.13113721705514816,ground_x_z,0.0,False,25.438093068530485,0.9995821487432353,0,11,17.791651143608792,8,1,18.0,18.0,-0.2375000000000007,-0.2479231934700083,0.013194444444444484,-0.0418015888885304,-0.11540460971331785,-1.5064986227670087,1.0061805151561503,False,1.0,0,False,False,False,0.0,0.0,0.0,False,False,True,True,False,left,0.0,0.0,ground_x_z,4.159097541906611,25.438093068530485,4.018604232233463,-2.7864407636874673,-2.7864407636874673,-2.7864407636874673,,4.018604232233463,False,False,minimum_hold,0.0006990213700818759,0.14724144188319038
WIN_20260919_18_13_53_Pro_flip.mp4,11,0.5492310764929099,0.04993009786299182,20.028,0.9787696205728311,8.042829140977522,5.731857785889684,0.5,0.5,0.5,0.0,0.450768922,0.0,0.5,45.36359998746775,0.03789999755099416,0.04949999856762588,78.0,False,12.9875,2.978313674553864,8.042829140977522,25.438093068530485,0.9787696205728311,0,0.0,0.0,False,0.0,0.0,0.0,0.0,1.0,13.0,True,0.95,0.002415212230454414,0.16213537179739498,True,0.9787696205728311,0.0,0.25,False,0.04993009786299182,2.978313674553864,25.438093068530485,8.042829140977522,True,0.16213537179739498,5.731857785889684,True,0.037149433195690675,2.1755637053852546,10,-0.1003748634397952,5.48259284486244,0.16213537179739498,ground_x_z,0.0,False,25.438093068530485,0.9996650542734153,0,12,14.761730454710433,8,1,12.75,12.75,-0.2375000000000007,-0.24635971444950716,0.013194444444444484,-0.04913195859003794,-0.08253467495642712,-1.7729564477424429,1.0074742246027717,False,1.0,0,False,False,False,0.0,0.0,0.0,False,False,True,True,False,left,0.0,0.0,ground_x_z,2.978313674553864,25.438093068530485,5.731857785889684,-0.5877373901318238,-1.6870890769096456,-1.6870890769096456,,5.731857785889684,False,False,new_block,0.5,0.0
WIN_20260919_18_13_53_Pro_flip.mp4,12,0.5991611743559018,0.04993009786299182,20.028,0.9672240859877711,6.919266765642491,4.626576094972739,0.5,0.5,0.5,0.0,0.400838824,0.0,0.45006990213700815,51.922200014814734,0.04469999112188816,0.28310000197961926,80,False,14.2375,3.2644480137209313,6.919266765642491,25.438093068530485,0.9672240859877711,0,0.0,0.0,False,0.0,0.0,0.0,0.0,1.0,14.25,True,0.95,0.0014946496734833644,0.11043989178268081,True,0.9672240859877711,0.0,0.25,False,0.04993009786299182,3.2644480137209313,25.438093068530485,6.919266765642491,True,0.11043989178267956,4.626576094972739,True,0.025338712110838185,2.1755637053852546,10,-0.0809249501033708,5.287312339678028,0.11043989178267956,ground_x_z,0.0,False,25.438093068530485,0.9998550777287907,0,13,10.519390243024743,8,1,14.0,14.0,-0.2375000000000007,-0.24503075728208118,0.013194444444444484,-0.056583346707908426,-0.0904138605867831,-2.042976514569009,1.0080328770872904,False,1.0,0,False,False,False,0.0,0.0,0.0,False,False,True,True,False,left,0.0,0.0,ground_x_z,3.2644480137209313,25.438093068530485,4.626576094972739,-1.462760696423272,-1.0252490432775478,-1.0252490432775478,,4.626576094972739,False,False,minimum_hold,0.45006990213700815,0.0
WIN_20260919_18_13_53_Pro_flip.mp4,13,0.6490912722188936,0.04993009786299182,20.028,0.8405353271203183,0.0,0.0,0.5,0.5,0.5,0.0,0.350908726,0.0,0.4001398042740163,48.01020000013523,0.043400010326877236,0.022799998987466097,70.0,False,23.12955093383789,5.297742027483476,0.0,25.438093068530485,0.8405353271203183,0,0.0,0.0,False,0.0,0.0,0.0,0.0,0.0,0.0,False,0.0,0.0,0.0,True,0.8405353271203183,0.0,0.25,False,0.04993009786299182,5.297742027483476,25.438093068530485,0.0,False,0.0,0.0,False,0.0,0.9753880976967402,5,0.0,0.0,0.0,ground_x_z,0.0,False,25.438093068530485,0.0,0,14,8.37300745234576,8,1,23.12955093383789,23.12955093383789,0.0,-0.208276143689769,0.0,-0.07285891908064955,-0.14663961483802535,-2.632220209504286,1.008647575604576,False,1.0,0,False,False,False,0.0,0.0,0.0,False,False,True,True,False,left,0.0,0.0,,,,,,,,,,,,brief_loss_hold,0.4001398042740163,0.0
WIN_20260919_18_13_53_Pro_flip.mp4,14,0.6990213700818854,0.04993009786299182,20.028,0.9775294403261763,8.509198842520378,4.260948534808205,0.5,0.5,0.5,0.0,0.300978628,0.0,0.35020970641102445,42.86610000417568,0.03399999695830047,0.039399979868903756,68.0,False,32.975,7.558701471413435,8.509198842520378,25.438093068530485,0.9775294403261763,0,0.0,0.0,False,0.0,0.0,0.0,0.0,1.0,33.0,True,0.95,0.0021076687085638235,0.09534625892455652,True,0.9775294403261763,0.0,0.25,False,0.04993009786299182,7.558701471413435,25.438093068530485,8.509198842520378,True,0.0953462589245572,4.260948534808205,True,0.021849030067481044,2.1755637053852546,10,-0.07450498271653506,9.4118147328976,0.0953462589245572,ground_x_z,0.0,False,25.438093068530485,0.9998302746247074,0,15,8.797618836624848,8,1,32.5,32.5,-0.4750000000000014,-0.24828472213630387,0.02638888888888897,-0.09746758533113142,-0.2090536340576599,-3.5241118097680983,1.009460722639214,False,1.0,0,False,False,False,0.0,0.0,0.0,False,True,True,True,False,left,0.0,0.0,ground_x_z,7.558701471413435,25.438093068530485,4.260948534808205,-6.5361250684707715,-6.5361250684707715,-6.5361250684707715,,4.260948534808205,False,False,minimum_hold,0.35020970641102445,0.0
WIN_20260919_18_13_53_Pro_flip.mp4,15,0.7489514679448772,0.04993009786299182,20.028,0.8253597030080094,0.0,0.0,0.5,0.5,0.5,0.0,0.25104853,0.0,0.3002796085480326,48.84110001148656,0.04110002191737294,0.020199979189783335,38.0,False,43.84573745727539,10.073464002411209,0.0,25.438093068530485,0.8253597030080094,0,0.0,0.0,False,0.0,0.0,0.0,0.0,0.0,0.0,False,0.0,0.0,0.0,True,0.8253597030080094,0.0,0.25,False,0.04993009786299182,10.073464002411209,25.438093068530485,0.0,False,0.0,0.0,False,0.0,0.9753880976967402,5,0.0,0.0,0.0,ground_x_z,0.0,False,25.438093068530485,0.0,0,16,8.041136362347922,8,1,43.84573745727539,43.84573745727539,0.0,-0.2110420138158583,0.0,-0.1302867559472143,-0.27866079142412964,-4.709808435258581,1.0092596863654877,False,1.0,0,False,False,False,0.0,0.0,0.0,False,True,True,True,False,left,0.0,0.0,,,,,,,,,,,,brief_loss_hold,0.3002796085480326,0.0
WIN_20260919_18_13_53_Pro_flip.mp4,16,0.7988815658078691,0.04993009786299182,20.028,0.8220990624422683,0.0,0.0,0.5,0.0,0.5,0.0,0.0,2.5,0.25034951068504074,42.09350000019185,0.027900008717551827,0.022100022761151195,76.0,False,55.93976593017578,12.884488785816163,0.0,25.438093068530485,0.8220990624422683,0,0.0,0.0,False,0.0,0.0,0.0,0.0,0.0,0.0,False,0.0,0.0,0.0,True,0.8220990624422683,0.0,0.25,False,0.04993009786299182,12.884488785816163,25.438093068530485,0.0,False,0.0,0.0,False,0.0,0.9753880976967402,5,0.0,0.0,0.0,ground_x_z,0.0,False,25.438093068530485,0.0,0,17,9.402152888489905,8,1,55.93976593017578,55.93976593017578,0.0,-0.17938571174347956,0.0,-0.17137045869385947,-0.356721836899686,-6.189754943099049,1.0084107106063165,False,1.0,0,False,False,False,0.0,0.0,0.0,False,True,True,True,False,left,0.0,0.0,,,,,,,,,,,,brief_loss_hold,0.25034951068504074,0.0
WIN_20260919_18_13_53_Pro_flip.mp4,17,0.8488116636708608,0.04993009786299182,20.028,0.8326869495540461,0.0,0.0,0.5,0.0,0.5,0.0,0.0,2.450069902,0.2004194128220489,44.72239999449812,0.04749998333863914,0.021599989850074053,80,False,65.38984680175781,15.021328899095172,0.0,25.438093068530485,0.8326869495540461,0,0.0,0.0,False,0.0,0.0,0.0,0.0,0.0,0.0,False,0.0,0.0,0.0,True,0.8326869495540461,0.0,0.25,False,0.04993009786299182,15.021328899095172,25.438093068530485,0.0,False,0.0,0.0,False,0.0,0.9753880976967402,5,0.0,0.0,0.0,ground_x_z,0.0,False,25.438093068530485,0.0,0,18,10.29314260245272,8,1,65.38984680175781,65.38984680175781,0.0,-0.15247785498195762,0.0,-0.2158167794657922,-0.41622937957169887,-7.788625660291041,1.0075708101881702,False,1.0,0,False,False,False,0.0,0.0,0.0,False,True,True,True,False,left,0.0,0.0,,,,,,,,,,,,brief_loss_hold,0.2004194128220489,0.0
WIN_20260919_18_13_53_Pro_flip.mp4,18,0.8987417615338527,0.04993009786299182,20.028,0.35,0.0,0.0,0.5,0.0,0.5,0.0,0.0,2.400139804,0.15048931495905704,38.23750000447035,0.040399987483397126,0.02169999061152339,56.0,False,60.5,13.898116201152268,0.0,25.438093068530485,0.35,0,0.0,0.0,False,0.0,0.0,0.0,0.0,0.0,0.0,False,0.0,0.0,0.0,True,0.35,0.0,0.25,False,0.04993009786299182,13.898116201152268,25.438093068530485,0.0,False,0.0,0.0,False,0.0,0.0,0,0.0,0.0,0.0,ground_x_z,0.0,False,25.438093068530485,0.0,0,19,9.742545407713836,8,1,60.5,60.5,0.0,-0.12960617673466399,0.0,-0.24646495396014617,-0.38510602640285974,-8.89468960443232,1.0075708101881702,False,1.0,0,False,False,False,0.0,0.0,0.0,False,True,True,False,True,left,0.0,0.0,,,,,,,,,,,,brief_loss_hold,0.15048931495905704,0.0
WIN_20260919_18_13_53_Pro_flip.mp4,19,0.9486718593968445,0.04993009786299182,20.028,0.35,0.0,0.0,0.5,0.0,0.0,0.0,0.0,2.350209706,0.0,38.31969999009743,0.04700000863522291,0.023200002033263445,78.0,False,64.0,14.702139452458598,0.0,25.438093068530485,0.35,0,0.0,0.0,False,0.0,0.0,0.0,0.0,0.0,0.0,False,0.0,0.0,0.0,True,0.35,0.0,0.25,False,0.04993009786299182,14.702139452458598,25.438093068530485,0.0,False,0.0,0.0,False,0.0,0.0,0,0.0,0.0,0.0,ground_x_z,0.0,False,25.438093068530485,0.0,0,20,8.830663483481151,8,1,64.0,64.0,0.0,-0.11016525022446438,0.0,-0.2755979455114235,-0.40738488743443013,-9.946072013710124,1.0075708101881702,False,1.0,0,False,False,False,0.0,0.0,0.0,False,True,True,False,True,left,0.0,0.0,,,,,,,,,,,,geometry_lost,0.0,0.0
WIN_20260919_18_13_53_Pro_flip.mp4,20,0.9986019572598362,0.04993009786299182,20.028,0.0,0.0,0.0,0.3751747553425205,0.0,0.0,0.0,0.0,2.300279608,0.0,41.3647000095807,0.0475000124424696,0.01960000372491777,67.0,False,64.0,14.702139452458598,0.0,25.438093068530485,0.0,0,0.0,0.0,False,0.0,0.0,0.0,0.0,0.0,0.0,False,0.0,0.0,0.0,False,0.0,0.04993009786299174,0.25,False,0.04993009786299182,0.0,0.0,0.0,False,0.0,0.0,False,0.0,0.0,0,0.0,0.0,0.0,ground_x_z,0.0,False,0.0,0.0,1,21,8.830663483481151,8,0,0.0,0.0,0.0,-0.11016525022446438,0.0,-0.2755979455114235,0.0,-9.946072013710124,1.0075708101881702,False,1.0,0,False,False,False,0.0,0.0,0.0,False,False,False,False,False,,0.0,0.0,,,,,,,,,,,,geometry_lost,0.0,0.0
WIN_20260919_18_13_53_Pro_flip.mp4,21,1.048532055122828,0.04993009786299182,20.028,0.988649970047544,13.282062531491018,4.798303731129965,0.5,0.0,0.5,0.0,0.0,2.25034951,0.5,37.817200005520135,0.038300000596791506,0.04569999873638153,73.0,False,72.09375,16.492666123965517,13.282062531491018,25.438093068530485,0.988649970047544,0,0.0,0.0,False,0.0,0.0,0.0,0.0,1.0,72.125,True,0.95,0.0028222885956960017,0.1249242194534731,True,0.988649970047544,0.0,0.25,False,0.04993009786299182,16.492666123965517,25.438093068530485,13.282062531491018,True,0.1249242194534731,4.798303731129965,True,0.028479906638667143,2.1755637053852546,10,-0.08394253200808614,18.581790854996882,0.1249242194534731,ground_x_z,0.0,False,25.438093068530485,0.9997011153727074,0,22,8.212660275330121,8,1,71.5,71.5,-0.59375,-0.18270296269079472,0.03298611111111111,-0.3087353944173446,-0.4574383780149755,-11.131269315163092,1.0066030055393926,False,1.0,0,False,False,False,0.0,0.0,0.0,False,True,True,True,False,left,0.0,0.0,ground_x_z,16.492666123965517,25.438093068530485,4.798303731129965,-16.09906811066738,-16.09906811066738,-16.09906811066738,,4.798303731129965,False,False,new_block,0.5,0.0
WIN_20260919_18_13_53_Pro_flip.mp4,22,1.0984621529858198,0.04993009786299182,20.028,0.8257122211896064,0.0,0.0,0.5,0.0,0.5,0.0,0.0,2.200419412,0.45006990213700826,42.2672999848146,0.03789999755099416,0.020800012862309813,48.0,False,59.86835479736328,13.739803859539139,0.0,25.438093068530485,0.8257122211896064,0,0.0,0.0,False,0.0,0.0,0.0,0.0,0.0,0.0,False,0.0,0.0,0.0,True,0.8257122211896064,0.0,0.25,False,0.04993009786299182,13.739803859539139,25.438093068530485,0.0,False,0.0,0.0,False,0.0,0.9753880976967402,5,0.0,0.0,0.0,ground_x_z,0.0,False,25.438093068530485,0.0,0,23,8.25146904674864,8,1,59.86835479736328,59.86835479736328,0.0,-0.1552975182871755,0.0,-0.3220324054508632,-0.381320703089203,-11.603519167631909,1.005981748936842,False,1.0,0,False,False,False,0.0,0.0,0.0,False,True,True,True,False,left,0.0,0.0,,,,,,,,,,,,brief_loss_hold,0.45006990213700826,0.0
WIN_20260919_18_13_53_Pro_flip.mp4,23,1.1483922508488118,0.04993009786299182,20.028,0.8456180143277637,0.0,0.0,0.5,0.0,0.5,0.0,0.0,2.150489314,0.4001398042740165,40.5509999836795,0.039300008211284876,0.021099986042827368,48.0,False,41.77449035644531,9.58133992745234,0.0,25.438093068530485,0.8456180143277637,0,0.0,0.0,False,0.0,0.0,0.0,0.0,0.0,0.0,False,0.0,0.0,0.0,True,0.8456180143277637,0.0,0.25,False,0.04993009786299182,9.58133992745234,25.438093068530485,0.0,False,0.0,0.0,False,0.0,0.9753880976967402,5,0.0,0.0,0.0,ground_x_z,0.0,False,25.438093068530485,0.0,0,24,10.756557154351292,8,1,41.77449035644531,41.77449035644531,0.0,-0.13200289054409917,0.0,-0.31170498994982954,-0.26576835270549615,-11.237423249945401,1.0065212248939672,False,1.0,0,False,False,False,0.0,0.0,0.0,False,True,True,True,False,left,0.0,0.0,,,,,,,,,,,,brief_loss_hold,0.4001398042740165,0.0
WIN_20260919_18_13_53_Pro_flip.mp4,24,1.1983223487118035,0.04993009786299182,20.028,0.9650646684073123,23.088935443913886,17.81768527683451,0.5,0.0,0.5,0.0,0.0,2.100559216,0.3502097064110248,39.65219997917302,0.04069998976774514,0.04529999569058418,47.0,False,27.974999999999998,6.397751460159041,23.088935443913886,31.415532936019126,0.9650646684073123,3,0.0,0.0,False,0.0,0.0,0.0,0.0,1.0,28.0,True,0.95,0.002049038860647027,0.13734495390671525,True,0.9650646684073123,0.0,0.25,False,0.04993009786299182,6.397751460159041,25.07339555528048,23.088935443913886,True,0.2882772044051099,17.81768527683451,True,0.0684360743391119,8.598081596079517,18,-0.32140539373281257,14.38225656936171,0.2882772044051099,ground_x_z,-1.1043915827571893,True,28.2444642456498,0.9997593554615088,0,25,12.20682547943646,8,2,27.5,17.5,-10.474999999999998,-1.683452456962484,0.5819444444444444,-0.2815964220873329,-0.14669284308493288,-10.161308288462138,1.0074475592072845,False,1.0241379310344827,0,False,False,False,0.0,0.0,0.0,False,True,True,True,False,left,0.0,0.0,ground_x_z,6.397751460159041,25.07339555528048,17.81768527683451,1.8486295623791202,1.8486295623791202,1.8486295623791202,,17.81768527683451,False,False,minimum_hold,0.3502097064110248,0.0
WIN_20260919_18_13_53_Pro_flip.mp4,25,1.2482524465747953,0.04993009786299182,20.028,0.9658148404418612,25.518273078971596,20.652399410717006,0.5,0.0,0.5,0.0,0.0,2.050629118,0.30027960854803304,50.375500024529174,0.03640001523308456,0.045400025555863976,80,False,21.10625,4.833283208360016,25.518273078971596,31.415532936019126,0.9658148404418612,3,0.0,0.0,False,0.0,0.0,0.0,0.0,1.0,21.125,True,0.95,0.0030959534618580442,0.14898647487933497,True,0.9658148404418612,0.0,0.25,False,0.04993009786299182,4.833283208360016,25.07339555528048,25.518273078971596,True,0.16126242666242366,20.652399410717006,True,0.03726982598038954,8.598081596079517,18,-0.3769193989010496,14.196188365852766,0.16126242666242366,ground_x_z,-1.233664625857891,True,28.2444642456498,0.9996136624254301,0,26,12.48969709792512,8,2,20.75,9.875,-11.23125,-3.115622088418111,0.6239583333333333,-0.24855467053870767,-0.09970626482734114,-8.973378075973047,1.0079384013133215,False,1.0253807106598984,0,False,False,False,0.0,0.0,0.0,False,False,True,True,False,left,0.0,0.0,ground_x_z,4.833283208360016,25.07339555528048,20.652399410717006,5.213275313240728,3.530952437809924,3.530952437809924,,20.652399410717006,False,False,minimum_hold,0.30027960854803304,0.0
WIN_20260919_18_13_53_Pro_flip.mp4,26,1.2981825444377872,0.04993009786299182,20.028,0.8332462678224453,29.419604846064466,24.588732847121157,0.5,0.0,0.5,0.0,0.0,2.00069902,0.2503495106850413,55.89329998474568,0.03339999238960445,0.04270000499673188,47.0,False,17.397777557373047,3.987532907608065,29.419604846064466,31.415532936019126,0.8332462678224453,3,0.0,0.0,False,0.0,0.0,0.0,0.0,0.0,0.0,False,0.0,0.0,0.0,True,0.8332462678224453,0.0,0.25,False,0.04993009786299182,3.987532907608065,25.07339555528048,29.419604846064466,True,0.17525107644621185,24.588732847121157,True,0.041000622546949916,8.120521615878719,16,-0.4575978981979894,15.452528514946943,0.17525107644621185,ground_x_z,-1.4403707624310862,True,28.2444642456498,0.0,0,27,12.068194950238576,8,2,17.397777557373047,4.617399215698242,-12.780378341674805,-4.565335526406615,0.7100210189819336,-0.21608240619046565,-0.0704735918444892,-7.809974075135053,1.009090548865224,False,1.0318980638959798,0,False,False,False,0.0,0.0,0.0,False,False,True,True,False,left,0.0,0.0,ground_x_z,3.987532907608065,25.07339555528048,24.588732847121157,8.439775572581866,5.213275313240728,5.213275313240728,,24.588732847121157,False,False,minimum_hold,0.2503495106850413,0.0
WIN_20260919_18_13_53_Pro_flip.mp4,27,1.348112642300779,0.04993009786299182,20.028,0.7503203946944363,7.968594682751424,4.340878268913649,0.5,0.0,0.5,0.0,0.0,1.950768922,0.20041941282204956,55.800999980419874,0.04429998807609081,0.04640000406652689,25,False,27.58881950378418,6.336039428103621,7.968594682751424,25.07339555528048,0.7503203946944363,1,0.0,0.0,False,0.0,0.0,0.0,0.0,0.0,0.0,False,0.0,0.0,0.0,True,0.7503203946944363,0.0,0.25,False,0.04993009786299182,6.336039428103621,25.07339555528048,7.968594682751424,True,1.481871981926784,4.340878268913649,True,0.34025600675414164,1.2171025820192227,6,-0.07590791031341373,8.42993134298252,1.481871981926784,ground_x_z,0.0,False,25.07339555528048,0.0,0,28,11.684208958056832,8,1,27.58881950378418,27.58881950378418,0.0,-3.880535197445623,0.0,-0.20870920430136128,-0.1753104223348106,-7.543132518020168,1.0090439638556556,False,1.0,0,False,False,False,0.0,0.0,0.0,False,True,True,True,False,left,0.0,0.0,ground_x_z,6.336039428103621,25.07339555528048,4.340878268913649,-5.0790036128962015,5.213275313240728,5.213275313240728,,4.340878268913649,False,False,minimum_hold,0.20041941282204956,0.0
WIN_20260919_18_13_53_Pro_flip.mp4,28,1.3980427401637707,0.04993009786299182,20.028,0.8167128076109961,22.614724259823895,15.797785711056012,0.5,0.0,0.5,0.0,0.0,1.900838824,0.15048931495905782,57.13319999631494,0.04149999585933983,0.045599997974932194,73.0,False,45.968610763549805,10.547541879057706,22.614724259823895,31.415532936019126,0.8167128076109961,3,0.0,0.0,True,113.27238810109739,18.2176609854801,1123.765536723164,13.0,0.0,0.0,False,0.0,0.0,0.0,True,0.8167128076109961,0.0,0.25,False,0.04993009786299182,10.547541879057706,25.07339555528048,22.614724259823895,True,0.2166596122820027,15.797785711056012,True,0.050898369736693844,8.120521615878719,16,-0.28292973650158276,17.657407777058257,0.2166596122820027,ground_x_z,-0.8854398214238346,True,28.2444642456498,0.0,0,29,11.773126103324628,8,2,45.968610763549805,36.573768615722656,-9.394842147827148,-4.707681240002852,0.521935674879286,-0.21937309141940067,-0.2673989755035203,-7.926751379662596,1.0088157061956025,False,1.0331006313359063,0,False,True,False,0.0,137.2723881010974,91.27238810109739,,True,True,True,False,left,0.0,0.0,ground_x_z,10.547541879057706,25.07339555528048,15.797785711056012,-3.9985445300450766,-3.9985445300450766,-3.9985445300450766,,15.797785711056012,False,False,minimum_hold,0.15048931495905782,0.0
WIN_20260919_18_13_53_Pro_flip.mp4,29,1.4479728380267627,0.04993009786299182,20.028,0.8195690572785727,21.973700955296696,14.019033791856016,0.5,0.0,0.5,0.0,0.0,1.850908726,0.10055921709606608,61.390799994114786,0.039799982914701104,0.047200010158121586,57.0,False,59.135765075683594,13.565680782954166,21.973700955296696,31.415532936019126,0.8195690572785727,3,0.0,0.0,True,100.73128870511147,28.511596893542848,1248.2113672922253,57.0,0.0,0.0,False,0.0,0.0,0.0,True,0.8195690572785727,0.0,0.25,False,0.04993009786299182,13.565680782954166,25.07339555528048,21.973700955296696,True,0.22456109929466295,14.019033791856016,True,0.05372322772864516,8.120521615878719,16,-0.24968088559809756,19.838369787096113,0.22456109929466295,ground_x_z,-0.7532330342443663,True,28.2444642456498,0.0,0,30,11.627385861025127,8,2,59.135765075683594,50.35615921020508,-8.779605865478516,-5.318469933824202,0.4877558814154731,-0.2438596886236773,-0.35459625263424277,-8.811259271062543,1.008783381732973,False,1.0221260488754917,0,False,True,False,0.0,124.73128870511147,78.73128870511147,,True,True,True,False,left,0.0,0.0,ground_x_z,13.565680782954166,25.07339555528048,14.019033791856016,-8.353595652524872,-5.0790036128962015,-5.0790036128962015,,14.019033791856016,False,False,minimum_hold,0.10055921709606608,0.0
WIN_20260919_18_13_53_Pro_flip.mp4,30,1.4979029358897544,0.04993009786299182,20.028,0.8249921264182986,28.770401820036916,20.03536528848668,0.5,0.0,0.5,0.0,0.0,1.800978628,0.05062911923307434,56.95710002328269,0.03950000973418355,0.04700000863522291,58.0,False,65.719482421875,15.07550665653812,28.770401820036916,31.415532936019126,0.8249921264182986,3,0.0,0.0,True,87.46949685968625,31.46103846543001,1326.2438822827235,113.0,0.0,0.0,False,0.0,0.0,0.0,True,0.8249921264182986,0.0,0.25,False,0.04993009786299182,15.07550665653812,25.07339555528048,28.770401820036916,True,0.1795650639604096,20.03536528848668,True,0.04202364568998556,8.120521615878719,16,-0.36466940070519205,24.218083709390754,0.1795650639604096,ground_x_z,-1.1564064854895406,True,28.2444642456498,0.0,0,31,11.594361710226886,8,2,65.719482421875,53.197818756103516,-12.521663665771484,-6.398948993616295,0.6956479814317491,-0.26934801956815924,-0.38507478649712346,-9.7359842729427,1.009173948130114,False,1.0416200457543954,0,False,True,False,0.0,111.46949685968625,65.46949685968625,,True,True,True,False,left,0.0,0.0,ground_x_z,15.07550665653812,25.07339555528048,20.03536528848668,-6.826434465472712,-6.826434465472712,-6.826434465472712,,20.03536528848668,False,False,minimum_hold,0.05062911923307434,0.0
WIN_20260919_18_13_53_Pro_flip.mp4,31,1.5478330337527462,0.04993009786299182,20.028,0.7104314741978547,35.93206562142756,27.669644878615472,0.5,0.0,0.5,0.0,0.0,1.75104853,0.0006990213700825976,55.73910000384785,0.03759999526664615,0.06910000229254365,31.0,False,60.60196304321289,13.931453863581943,35.93206562142756,31.415532936019126,0.7104314741978547,3,0.0,0.0,True,81.7380700339787,27.515869534548035,1302.7779018716783,141.0,0.0,0.0,False,0.0,0.0,0.0,True,0.7104314741978547,0.0,0.25,False,0.04993009786299182,13.931453863581943,25.194677059615437,35.93206562142756,True,0.7520059880495938,27.669644878615472,True,0.17686812881111474,8.120521615878719,14,-0.5243360966593275,27.13994950131059,0.7520059880495938,ground_x_z,-1.6633680102791306,True,28.30510499781728,0.0,0,32,11.701131176695144,8,2,60.60196304321289,44.188629150390625,-16.413333892822266,-7.90110672849719,0.9118518829345703,-0.28193661889989785,-0.33928664487326654,-10.194396679379567,1.009508534974601,False,1.0644426601197534,0,False,True,False,0.0,105.7380700339787,59.7380700339787,,True,True,True,False,left,0.0,0.0,ground_x_z,13.931453863581943,25.194677059615437,27.669644878615472,-1.059997254374132,-6.826434465472712,-23.578847905628823,-33.50482688031222,32.60552415667762,True,False,minimum_hold,0.0006990213700825976,0.0
WIN_20260919_18_13_53_Pro_flip.mp4,32,1.5977631316157381,0.04993009786299182,20.028,0.8269444546925013,32.13028241314418,24.545144513120295,0.5,0.0,0.5,0.0,0.0,1.701118432,0.0,53.03300000377931,0.04889999399892986,0.08979998528957367,58.0,False,51.434852600097656,11.807187158859634,32.13028241314418,31.415532936019126,0.8269444546925013,3,0.0,0.0,True,92.83249372637943,26.723746748209344,1253.1239363887096,89.0,0.0,0.0,False,0.0,0.0,0.0,True,0.8269444546925013,0.0,0.25,False,0.04993009786299182,11.807187158859634,25.07339555528048,32.13028241314418,True,0.16272472315321682,24.545144513120295,True,0.037874375769156955,8.120521615878719,16,-0.45667815829386155,23.252723539755067,0.16272472315321682,ground_x_z,-1.4384331755596467,True,28.2444642456498,0.0,0,33,11.530489425812736,8,2,51.434852600097656,37.19692420959473,-14.23792839050293,-8.851629977798051,0.7909960216946073,-0.28271643832387117,-0.28666418749837136,-10.225962376383965,1.0098411952316702,False,1.0340353204747488,0,False,True,False,0.0,116.83249372637943,70.83249372637943,,True,True,True,False,left,0.0,0.0,ground_x_z,11.807187158859634,25.07339555528048,24.545144513120295,-0.4855716513227042,-1.059997254374132,-13.534384143291103,-24.948773777833942,30.41479478256346,True,False,continue_block,0.0,0.0
WIN_20260919_18_13_53_Pro_flip.mp4,33,1.6476932294787299,0.04993009786299182,20.028,0.8045980368331576,30.968599977163787,24.31264502636755,0.5,0.0,0.5,0.0,0.0,1.651188334,0.0,55.62999998801388,0.043100008042529225,0.08670001989230514,34.0,False,39.829750061035156,9.154170938620833,30.968599977163787,31.415532936019126,0.8045980368331576,3,0.0,0.0,True,92.83249372637943,23.07372713920275,1213.088078925733,89.0,0.0,0.0,False,0.0,0.0,0.0,True,0.8045980368331576,0.0,0.25,False,0.04993009786299182,9.154170938620833,25.07339555528048,30.968599977163787,True,0.6320632530137242,24.31264502636755,True,0.14966929195879886,8.120521615878719,15,-0.45178303001430453,20.464275244834916,0.6320632530137242,ground_x_z,-1.4740606102926788,True,28.2444642456498,0.0,0,34,9.608565035253646,8,2,39.829750061035156,25.91217803955078,-13.917572021484375,-9.611521284351,0.7731984456380209,-0.26993418388053353,-0.2123001999152613,-9.765060581276868,1.009989850263284,False,1.0365888291773289,0,False,True,False,0.0,116.83249372637943,70.83249372637943,,True,True,True,False,left,0.0,0.0,ground_x_z,9.154170938620833,25.07339555528048,24.31264502636755,2.4132978289405065,-0.4855716513227042,-8.638179294628175,-16.30521528661094,30.483095643044372,True,False,continue_block,0.0,0.0
WIN_20260919_18_13_53_Pro_flip.mp4,34,1.6976233273417216,0.04993009786299182,20.028,0.8009327659037642,22.60368175996588,18.714237207117215,0.5,0.0,0.5,0.0,0.0,1.601258236,0.0,58.260399993741885,0.0337999954354018,0.0872999953571707,28.0,False,3.730304718017578,0.895950536399037,22.60368175996588,31.415532936019126,0.8009327659037642,2,0.0,0.0,True,82.13021327849012,17.45630918051605,1176.4230077890952,139.0,0.0,0.0,False,0.0,0.0,0.0,True,0.8009327659037642,0.0,0.25,False,0.04993009786299182,0.895950536399037,31.415532936019126,22.60368175996588,True,0.11496476657877235,18.714237207117215,True,0.027656849277015158,1.857294943112013,8,-0.33875830416268404,11.509472815651094,0.11496476657877235,ground_x_z,0.0,False,31.415532936019126,0.0,0,35,17.840507905199697,8,1,3.730304718017578,3.730304718017578,0.0,-8.169793091698349,0.0,-0.22488180423572798,-0.024693373703786683,-8.159394319638336,1.0129862688340772,False,1.0,0,False,True,False,0.0,106.13021327849012,60.13021327849012,,True,True,True,False,left,0.0,0.0,ground_x_z,0.895950536399037,31.415532936019126,18.714237207117215,6.163703581133797,2.4132978289405065,-0.5085385403107563,-5.8436727385025256,24.283087129326727,True,False,continue_block,0.0,0.0
WIN_20260919_18_13_53_Pro_flip.mp4,35,1.7475534252047136,0.04993009786299182,20.028,0.8331477454290339,35.126208759431904,30.859888361263085,0.5,0.0,0.5,0.0,0.0,1.551328138,0.0,54.82419999316335,0.03960001049563289,0.09049999061971903,46.0,False,7.765789031982422,1.788767035659383,35.126208759431904,31.415532936019126,0.8331477454290339,3,0.0,0.0,True,75.79134247066672,15.337693342286233,1166.0603363381563,173.0,0.0,0.0,False,0.0,0.0,0.0,True,0.8331477454290339,0.0,0.25,False,0.04993009786299182,1.788767035659383,25.07339555528048,35.126208759431904,True,0.3956988756931412,30.859888361263085,True,0.09323614298692483,8.120521615878719,16,-0.5975372115558752,16.746564993306393,0.3956988756931412,ground_x_z,-1.9032643612042575,True,28.2444642456498,0.0,0,36,17.688179166500884,8,2,7.765789031982422,-8.375,-16.140789031982422,-9.36544248274096,0.8967105017768012,-0.1833147679437712,0.0031508058210962214,-6.661486570168461,1.0145504712433884,False,1.0090128938916703,0,False,True,False,0.0,99.79134247066672,53.79134247066672,,False,True,True,False,left,0.0,0.0,ground_x_z,1.788767035659383,25.07339555528048,30.859888361263085,14.68772585577685,6.163703581133797,15.36342911377321,18.399451065278825,40.263441761348226,True,False,continue_block,0.0,0.0
WIN_20260919_18_13_53_Pro_flip.mp4,36,1.7974835230677053,0.04993009786299182,20.028,0.9262765666145097,40.262593583732404,35.89868088865918,0.5,0.0,0.5,0.06719314639442127,0.0,1.50139804,0.5,51.7861999978777,0.03540000761859119,0.08990001515485346,53.0,False,7.125,1.643689862838096,40.262593583732404,31.415532936019126,0.9262765666145097,3,0.0,0.0,True,68.81940617609612,16.764537124997254,1208.0473545966229,215.0,0.5,6.0,False,0.0,0.0033730820063291992,0.18708286933870313,True,0.9262765666145097,0.0,0.25,False,0.04993009786299182,1.643689862838096,25.07339555528048,40.262593583732404,True,0.31721063739997474,35.89868088865918,True,0.07450059481361904,8.120521615878719,16,-0.7238441903967121,19.76651622358282,0.31721063739997474,ground_x_z,-2.314820545651311,True,28.2444642456498,0.0,0,37,17.541835805432143,8,2,7.125,-12.375,-19.5,-10.885626110329817,1.0,-0.14657647352062292,0.01844248236633685,-5.333987410382867,1.015985877429098,True,0.9960062099575584,-1,False,True,False,0.0,92.81940617609612,46.81940617609612,,True,True,True,False,left,0.0,0.0,ground_x_z,1.643689862838096,25.07339555528048,35.89868088865918,18.15875377166205,14.68772585577685,31.648517953334416,33.92158419511513,56.46079751825499,True,False,new_block,0.5,0.06719314639442127
WIN_20260919_18_13_53_Pro_flip.mp4,37,1.847413620930697,0.04993009786299182,20.028,0.8438088843206812,43.31446397288307,38.792801411133304,0.5,0.0,0.5,0.06719314639442127,0.0,1.451467942,0.45006990213700826,52.84560000291094,0.042400002712383866,0.04369998350739479,51.0,False,9.949825286865234,2.298651911755554,43.31446397288307,31.415532936019126,0.8438088843206812,3,0.0,0.0,True,65.20203999592346,19.636661856238202,1266.662330256264,239.0,0.0,0.0,False,0.0,0.0,0.0,True,0.8438088843206812,0.0,0.25,False,0.04993009786299182,2.298651911755554,25.07339555528048,43.31446397288307,True,0.45480799890901663,38.792801411133304,True,0.1087691333943311,8.120521615878719,16,-0.8038138051325228,22.417861869141923,0.45480799890901663,ground_x_z,-2.553777293931697,True,28.2444642456498,0.0,0,38,17.10277019168969,8,2,9.949825286865234,-11.625,-21.574825286865234,-12.489005986810131,1.0,-0.11859382005235998,0.007000315591588147,-4.322132805118699,1.017503712318061,True,0.9892258191149881,-1,False,True,False,0.0,89.20203999592346,43.20203999592346,,True,True,True,False,left,0.0,0.0,ground_x_z,2.298651911755554,25.07339555528048,38.792801411133304,19.53234088342314,18.845547327542594,18.845547327542594,,38.792801411133304,False,False,minimum_hold,0.45006990213700826,0.06719314639442127
WIN_20260919_18_13_53_Pro_flip.mp4,38,1.897343718793689,0.04993009786299182,20.028,0.5876034757896511,38.56159829675367,33.1969129568262,0.5,0.0,0.5,0.06719314639442127,0.0,1.401537844,0.4001398042740165,54.09619997953996,0.0399000127799809,0.04429998807609081,34.0,False,23.496337890625,5.441244179728073,38.56159829675367,31.415532936019126,0.5876034757896511,3,0.0,0.0,True,76.86142503041786,26.68108743897549,1313.4671414170975,167.0,0.0,0.0,False,0.0,0.0,0.0,True,0.5876034757896511,0.0,0.25,False,0.04993009786299182,5.441244179728073,25.194677059615437,38.56159829675367,True,1.0872344290112828,33.1969129568262,True,0.2533873111347767,7.880490877326114,15,-0.6543047154131458,21.7735820798486,1.0872344290112828,ground_x_z,-2.1160640622519162,True,28.30510499781728,0.0,0,39,17.385933049050973,8,2,23.496337890625,4.996913909912109,-18.49942398071289,-13.390568685895545,1.0,-0.11360371142530916,-0.0912084148717716,-4.1416442006366765,1.017841655528503,False,1.0179844195013823,0,False,True,False,0.0,100.86142503041786,54.86142503041786,,True,True,True,False,left,0.0,0.0,ground_x_z,5.441244179728073,25.194677059615437,33.1969129568262,12.176584639248615,18.15875377166205,18.15875377166205,,33.1969129568262,False,False,minimum_hold,0.4001398042740165,0.06719314639442127
WIN_20260919_18_13_53_Pro_flip.mp4,39,1.9472738166566808,0.04993009786299182,20.028,0.8380062858082492,40.86236322923803,35.238484827518256,0.5,0.0,0.5,0.06719314639442127,0.0,1.351607746,0.3502097064110248,56.51719999150373,0.038700003642588854,0.06989997928030789,47.0,False,27.72881507873535,6.417825147520395,40.86236322923803,31.415532936019126,0.8380062858082492,3,0.0,0.0,True,73.03187407268774,28.852261531453102,1362.2734486266531,189.0,0.0,0.0,False,0.0,0.0,0.0,True,0.8380062858082492,0.0,0.25,False,0.04993009786299182,6.417825147520395,25.07339555528048,40.86236322923803,True,0.39442004440651746,35.238484827518256,True,0.09369646398773784,8.120521615878719,16,-0.7064288103638825,24.10643792904037,0.39442004440651746,ground_x_z,-2.257555085183853,True,28.2444642456498,0.0,0,40,6.724540861720973,7,2,27.72881507873535,7.860877990722656,-19.867937088012695,-14.362173946213117,1.0,-0.11365715901598862,-0.11407542203761087,-4.145016232055172,1.018191326256798,False,0.9911636486402983,0,False,True,False,0.0,97.03187407268774,51.03187407268774,,True,True,True,False,left,0.0,0.0,ground_x_z,6.417825147520395,25.07339555528048,35.238484827518256,12.616066623015481,12.616066623015481,12.616066623015481,,35.238484827518256,False,False,minimum_hold,0.3502097064110248,0.06719314639442127
WIN_20260919_18_13_53_Pro_flip.mp4,40,1.9972039145196725,0.04993009786299182,20.028,0.8274043487620647,43.165841178667726,37.10792257997219,0.5,0.0,0.5,0.06719314639442127,0.0,1.301677648,0.30027960854803304,54.956999985734,0.034199998481199145,0.0425000034738332,61.0,False,35.78201866149902,8.284591374074875,43.165841178667726,31.415532936019126,0.8274043487620647,3,0.0,0.0,True,72.36256170601013,33.12625873882771,1426.1357481486073,193.0,0.0,0.0,False,0.0,0.0,0.0,True,0.8274043487620647,0.0,0.25,False,0.04993009786299182,8.284591374074875,25.07339555528048,43.165841178667726,True,0.36374318620448065,37.10792257997219,True,0.0852065938701172,8.120521615878719,16,-0.7565114485626411,27.270081983941083,0.36374318620448065,ground_x_z,-2.3964110218444086,True,28.2444642456498,0.0,0,41,7.411696206698661,6,2,35.78201866149902,14.42051887512207,-21.361499786376953,-15.412072822237693,1.0,-0.1222860324794792,-0.16142275648394272,-4.460599171279243,1.0183950935194541,False,0.9893692446107192,0,False,True,False,0.0,96.36256170601013,50.362561706010126,,True,True,True,False,left,0.0,0.0,ground_x_z,8.284591374074875,25.07339555528048,37.10792257997219,11.939512476722216,12.176584639248615,12.176584639248615,,37.10792257997219,False,False,minimum_hold,0.30027960854803304,0.06719314639442127
WIN_20260919_18_13_53_Pro_flip.mp4,41,2.0471340123826645,0.04993009786299182,20.028,0.7663641546853671,44.86757277302111,38.89720779095743,0.5,0.0,0.5,0.06719314639442127,0.0,1.25174755,0.2503495106850413,53.52399998810142,0.040099985199049115,0.05040000542066991,53.0,False,37.10394287109375,8.56991471236396,44.86757277302111,31.415532936019126,0.7663641546853671,3,0.0,0.0,True,68.19921829373124,33.24040111385534,1456.2960431879173,219.0,0.0,0.0,False,0.0,0.0,0.0,True,0.7663641546853671,0.0,0.25,False,0.04993009786299182,8.56991471236396,25.07339555528048,44.86757277302111,True,0.3730901333373404,38.89720779095743,True,0.08896777281299706,8.120521615878719,13,-0.806817820039664,28.527336552283888,0.3730901333373404,ground_x_z,-2.6857746749586564,True,28.2444642456498,0.0,0,42,7.429711654355911,5,2,37.10394287109375,13.20611572265625,-23.8978271484375,-16.684935971167665,1.0,-0.12930862881424982,-0.16125877334471028,-4.718317423644641,1.0187311871721032,True,0.9898878165901633,-1,False,True,False,0.0,92.19921829373124,46.199218293731235,,True,True,True,False,left,0.0,0.0,ground_x_z,8.56991471236396,25.07339555528048,38.89720779095743,12.997720104955077,12.616066623015481,12.616066623015481,,38.89720779095743,False,False,minimum_hold,0.2503495106850413,0.06719314639442127
WIN_20260919_18_13_53_Pro_flip.mp4,42,2.097064110245656,0.04993009786299182,20.028,0.8320835639774448,47.47317756139227,41.78031316166589,0.5,0.0,0.5,0.06719314639442127,0.0,1.201817452,0.20041941282204956,54.89160001161508,0.03809999907389283,0.045199994929134846,46.0,False,8.429248809814453,2.042125948283291,47.47317756139227,31.415532936019126,0.8320835639774448,2,0.0,0.0,True,65.78802877821066,31.891156655978357,1453.602500223767,235.0,0.0,0.0,False,0.0,0.0,0.0,True,0.8320835639774448,0.0,0.25,False,0.04993009786299182,2.042125948283291,31.415532936019126,47.47317756139227,True,0.120958964371286,41.78031316166589,True,0.02937782384091761,1.857294943112013,8,-0.8934850998655267,30.105340575376438,0.120958964371286,ground_x_z,0.0,False,31.415532936019126,0.0,0,43,14.766594176999739,8,1,8.429248809814453,8.429248809814453,0.0,-14.182195575492514,0.0,-0.11599775708699388,-0.055949966922762155,-4.233818940715787,1.019019848404666,True,1.0,-1,False,True,False,0.0,89.78802877821066,43.78802877821066,,True,True,True,False,left,0.0,0.0,ground_x_z,2.042125948283291,31.415532936019126,41.78031316166589,16.238537060688838,12.997720104955077,12.997720104955077,,41.78031316166589,False,False,minimum_hold,0.20041941282204956,0.06719314639442127
WIN_20260919_18_13_53_Pro_flip.mp4,43,2.146994208108648,0.04993009786299182,20.028,0.8043279263795762,51.47933509544006,46.43667834281726,0.5,0.0,0.5,0.06719314639442127,0.0,1.151887354,0.15048931495905782,54.26870001247153,0.042100000428035855,0.07169999298639596,56.0,False,-3.288066864013672,-0.7969898106393003,51.47933509544006,31.415532936019126,0.8043279263795762,2,0.0,0.0,True,66.08349483057331,29.17081205190817,1409.479066431581,233.0,0.0,0.0,False,0.0,0.0,0.0,True,0.8043279263795762,0.0,0.25,False,0.04993009786299182,-0.7969898106393003,31.415532936019126,51.47933509544006,True,0.07060828233416515,46.43667834281726,True,0.017116788538230638,1.857294943112013,8,-1.0514504257044872,32.23330979983337,0.07060828233416515,ground_x_z,0.0,False,31.415532936019126,0.0,0,44,14.450252598604145,8,1,-3.288066864013672,-3.288066864013672,0.0,-12.054866239168637,0.0,-0.0910429562895474,0.02183552154626977,-3.323039861424523,1.0190351230949646,True,1.0,-1,False,True,False,0.0,90.08349483057331,44.083494830573315,,True,True,True,False,left,0.0,0.0,ground_x_z,-0.7969898106393003,31.415532936019126,46.43667834281726,22.134167038426277,16.238537060688838,16.807340141731814,1.1376061620859503,57.723715774131634,True,False,minimum_hold,0.15048931495905782,0.06719314639442127
WIN_20260919_18_13_53_Pro_flip.mp4,44,2.1969243059716397,0.04993009786299182,20.028,0.8233635616621201,43.35051351338052,38.63416644163814,0.5,0.0,0.5,0.06719314639442127,0.0,1.101957256,0.10055921709606608,57.37559997942299,0.03440000000409782,0.07780001033097506,48.0,False,13.994161605834961,3.242720766461203,43.35051351338052,31.415532936019126,0.8233635616621201,3,0.0,0.0,True,72.03088798141947,29.521178990225522,1377.319696567195,195.0,0.0,0.0,False,0.0,0.0,0.0,True,0.8233635616621201,0.0,0.25,False,0.04993009786299182,3.242720766461203,25.07339555528048,43.35051351338052,True,0.5279375825524507,38.63416644163814,True,0.12280750674694402,8.120521615878719,14,-0.7992663067854925,23.244955833294675,0.5279375825524507,ground_x_z,-2.6858825881737327,True,28.2444642456498,0.0,0,45,16.277656824945666,8,2,13.994161605834961,-8.768627166748047,-22.762788772583008,-13.661054619180792,1.0,-0.07731225806571217,-0.015253956742369703,-2.8222459043052246,1.0191695676207666,False,0.9651714371246477,0,False,True,False,0.0,96.03088798141947,50.03088798141947,,True,True,True,False,left,0.0,0.0,ground_x_z,3.242720766461203,25.07339555528048,38.63416644163814,18.4489815652385,18.4489815652385,20.801851811893286,4.705740493309569,46.57199004309337,True,False,minimum_hold,0.10055921709606608,0.06719314639442127
WIN_20260919_18_13_53_Pro_flip.mp4,45,2.246854403834632,0.04993009786299182,20.028,0.9776186386344067,40.61294926043496,36.26617211132752,0.5,0.0,0.5,0.06719314639442127,0.0,1.052027158,0.05062911923307434,50.830099993618205,0.034500000765547156,0.07229999755509198,33.0,False,9.3375,2.1617497312725096,40.61294926043496,31.415532936019126,0.9776186386344067,3,0.0,0.0,True,65.20203999592346,28.51183170344309,1405.2643129501482,239.0,1.0,9.375,True,0.95,0.0024329975244644715,0.13734495390671392,True,0.9776186386344067,0.0,0.25,False,0.04993009786299182,2.1617497312725096,25.07339555528048,40.61294926043496,True,0.4276754518409313,36.26617211132752,True,0.10041529325503108,8.598081596079517,18,-0.733664431389151,20.34867483859897,0.4276754518409313,ground_x_z,-2.4291597710286688,True,28.2444642456498,0.9997211228020737,0,46,16.010252764521372,8,2,8.625,-11.125,-20.4625,-14.681271426303674,1.0,-0.06194634587982936,0.007320306234615873,-2.2628936937285378,1.019878443947695,True,0.9916387959866221,-1,False,True,False,0.0,89.20203999592346,43.20203999592346,,True,True,True,False,left,0.0,0.0,ground_x_z,2.1617497312725096,25.07339555528048,36.26617211132752,17.87556317388831,18.4489815652385,22.791429417938744,8.684895705400487,42.24956064529419,True,False,minimum_hold,0.05062911923307434,0.06719314639442127
WIN_20260919_18_13_53_Pro_flip.mp4,46,2.2967845016976236,0.04993009786299182,20.028,0.8210790343751457,40.580701117018144,36.4371130342923,0.5,0.0,0.5,0.06719314639442127,0.0,1.00209706,0.0006990213700825976,72.0564000075683,0.03969998215325177,0.10410000686533749,55.0,False,5.358417510986328,1.2427177443403559,40.580701117018144,31.415532936019126,0.8210790343751457,3,0.0,0.0,True,64.91148977441777,29.98747488733028,1430.4053736980657,241.0,0.0,0.0,False,0.0,0.0,0.0,True,0.8210790343751457,0.0,0.25,False,0.04993009786299182,1.2427177443403559,25.07339555528048,40.580701117018144,True,1.027718115825177,36.4371130342923,True,0.24829867946197484,8.120521615878719,16,-0.7382638940356657,19.688429296607403,1.027718115825177,ground_x_z,-2.4294215213035812,True,28.2444642456498,0.0,0,47,16.097991065706204,8,2,5.358417510986328,-14.922277450561523,-20.28069496154785,-15.5211849565903,1.0,-0.04479873136981205,0.03244845685855103,-1.6383775645006389,1.0210528696369,True,0.9726140444141114,-1,False,True,False,0.0,88.91148977441777,42.911489774417774,,True,True,True,False,left,0.0,0.0,ground_x_z,1.2427177443403559,25.07339555528048,36.4371130342923,18.941907151808866,18.4489815652385,24.13609420143522,11.374225272393439,39.86125707523372,True,False,minimum_hold,0.0006990213700825976,0.06719314639442127
WIN_20260919_18_13_53_Pro_flip.mp4,47,2.3467145995606153,0.04993009786299182,20.028,0.6403322864984766,45.10411354786008,40.93677130017045,0.5,0.0,0.5,0.17354767879522165,0.0,0.952166962,0.5,60.28750000405125,0.03860000288113952,0.09889999637380242,43.0,False,6.8470458984375,1.5855925928200885,45.10411354786008,31.415532936019126,0.6403322864984766,3,0.0,0.0,True,64.33521008206633,29.97613864976151,1434.4395868787042,245.0,0.0,0.0,False,0.0,0.0,0.0,True,0.6403322864984766,0.0,0.25,False,0.04993009786299182,1.5855925928200885,25.07339555528048,45.10411354786008,True,0.7472336567525232,40.93677130017045,True,0.1809281016649856,8.120521615878719,13,-0.867351137652498,22.991440086342063,0.7472336567525232,ground_x_z,-2.8409886842193783,True,28.2444642456498,0.0,0,48,9.754019855687634,8,2,6.8470458984375,-16.868942260742188,-23.715988159179688,-16.75040543697871,1.0,-0.030473592120523623,0.034326462453699205,-1.1144879403347556,1.0210609725343334,True,0.9723722185846984,-1,False,True,False,0.0,88.33521008206633,42.335210082066325,,True,True,True,False,left,0.0,0.0,ground_x_z,1.5855925928200885,25.07339555528048,40.93677130017045,21.835508286101373,18.941907151808866,29.410537621286004,20.93726093895427,44.34080279704698,True,False,new_block,0.5,0.17354767879522165
WIN_20260919_18_13_53_Pro_flip.mp4,48,2.396644697423607,0.04993009786299182,20.028,0.7705065015274138,46.02338040815653,42.141839809720025,0.5,0.0,0.5,0.17354767879522165,0.0,0.902236864,0.45006990213700826,65.08479997864924,0.0357000099029392,0.0439999857917428,56.0,False,-1.016754150390625,-0.23611061814012949,46.02338040815653,31.415532936019126,0.7705065015274138,3,0.0,0.0,True,59.9447259904894,29.500533534309643,1461.1097407912687,277.0,0.0,0.0,False,0.0,0.0,0.0,True,0.7705065015274138,0.0,0.25,False,0.04993009786299182,-0.23611061814012949,25.07339555528048,46.02338040815653,True,0.744777621011012,42.141839809720025,True,0.17534058044648299,8.120521615878719,16,-0.9048966531631037,22.5710663341612,0.744777621011012,ground_x_z,-2.8015080720868086,True,28.2444642456498,0.0,0,49,8.947048466768848,8,2,-1.016754150390625,-24.04535961151123,-23.028605461120605,-17.692135440599994,1.0,-0.009927672901410372,0.08312395300226912,-0.3627893485161904,1.0202509828512292,True,0.9812050687349759,-1,False,True,False,0.0,83.9447259904894,37.9447259904894,,True,True,True,False,left,0.0,0.0,ground_x_z,-0.23611061814012949,25.07339555528048,42.141839809720025,24.50550194113754,23.170505113619456,23.170505113619456,,42.141839809720025,False,False,minimum_hold,0.45006990213700826,0.17354767879522165
WIN_20260919_18_13_53_Pro_flip.mp4,49,2.446574795286599,0.04993009786299182,20.028,0.7779505056875295,47.661583929914634,43.87524361372502,0.5,0.0,0.5,0.17354767879522165,0.0,0.852306766,0.4001398042740165,65.6217000214383,0.03170000854879618,0.03860000288113952,50.0,False,-1.9731101989746094,-0.4577818328368669,47.661583929914634,31.415532936019126,0.7779505056875295,3,0.0,0.0,True,57.88610860230634,30.691753459915407,1499.885047514713,293.0,0.0,0.0,False,0.0,0.0,0.0,True,0.7779505056875295,0.0,0.25,False,0.04993009786299182,-0.4577818328368669,25.07339555528048,47.661583929914634,True,0.7272492539787844,43.87524361372502,True,0.170264928636234,8.120521615878719,16,-0.9614896341093103,23.54501030565973,0.7272492539787844,ground_x_z,-3.0922860977960926,True,28.2444642456498,0.0,0,50,4.527418190120514,7,2,-1.9731101989746094,-27.375,-25.40188980102539,-18.848598594663805,1.0,0.009456584107466278,0.09714107613036482,0.34559547114956646,1.0203136733431841,True,0.9593327640551413,-1,False,True,False,0.0,81.88610860230634,35.88610860230634,,True,True,True,False,left,0.0,0.0,ground_x_z,-0.4577818328368669,25.07339555528048,43.87524361372502,26.03500363751168,24.50550194113754,24.50550194113754,,43.87524361372502,False,False,minimum_hold,0.4001398042740165,0.17354767879522165
WIN_20260919_18_13_53_Pro_flip.mp4,50,2.4965048931495906,0.04993009786299182,20.028,0.7448272309490669,44.2008705040206,39.722537950608974,0.5,0.0,0.5,0.17354767879522165,0.0,0.802376668,0.3502097064110248,61.156999989179894,0.03749999450519681,0.04220000118948519,50.0,False,10.472864151000977,2.4320415026666593,44.2008705040206,31.415532936019126,0.7448272309490669,3,0.0,0.0,True,63.48264410310142,37.56504859716131,1562.5358633407745,251.0,0.0,0.0,False,0.0,0.0,0.0,True,0.7448272309490669,0.0,0.25,False,0.04993009786299182,2.4320415026666593,25.07339555528048,44.2008705040206,True,1.0099226786316364,39.722537950608974,True,0.23508679409568528,8.120521615878719,16,-0.8308807017945027,23.245014500880785,1.0099226786316364,ground_x_z,-2.657888306372503,True,28.2444642456498,0.0,0,51,6.86593558883512,6,2,10.472864151000977,-11.883745193481445,-22.356609344482422,-19.374800207136598,1.0,0.00886729655837875,0.006182620601206078,0.32391613757295773,1.0198617540317185,True,0.9660297798616104,-1,False,True,False,0.0,87.48264410310142,41.48264410310142,,True,True,True,False,left,0.0,0.0,ground_x_z,2.4320415026666593,25.07339555528048,39.722537950608974,20.081394444162285,24.50550194113754,24.50550194113754,,39.722537950608974,False,False,minimum_hold,0.3502097064110248,0.17354767879522165
WIN_20260919_18_13_53_Pro_flip.mp4,51,2.5464349910125827,0.04993009786299182,20.028,0.7418824254831471,47.7434775291706,43.18958006955244,0.5,0.0,0.5,0.17354767879522165,0.0,0.75244657,0.30027960854803304,57.54109998815693,0.21379999816417694,0.1632999919820577,63.0,False,12.779315948486328,2.9584880228069217,47.7434775291706,31.415532936019126,0.7418824254831471,3,0.0,0.0,True,63.20156452059858,39.22414845737823,1591.9455332838406,253.0,0.0,0.0,False,0.0,0.0,0.0,True,0.7418824254831471,0.0,0.25,False,0.04993009786299182,2.9584880228069217,25.07339555528048,47.7434775291706,True,1.1611408707348718,43.18958006955244,True,0.2703334740566302,8.120521615878719,16,-0.9387203291801975,26.404158059773415,1.1611408707348718,ground_x_z,-3.055872665619389,True,28.2444642456498,0.0,0,52,6.711065191009718,5,2,12.779315948486328,-13.0,-25.779315948486328,-20.33547756833906,1.0,0.0077513589612483455,0.002668259065848157,0.28290480988675626,1.0189724347818354,True,0.9555305446846475,-1,False,True,False,0.0,87.20156452059858,41.20156452059858,,True,True,True,False,left,0.0,0.0,ground_x_z,2.9584880228069217,25.07339555528048,43.18958006955244,22.235354890055724,22.235354890055724,22.235354890055724,,43.18958006955244,False,False,minimum_hold,0.30027960854803304,0.17354767879522165
WIN_20260919_18_13_53_Pro_flip.mp4,52,2.5963650888755745,0.04993009786299182,20.028,0.7405165444525305,51.48707209626897,47.06382633127848,0.5,0.0,0.5,0.17354767879522165,0.0,0.702516472,0.2503495106850413,51.436200010357425,0.04800001624971628,0.052700022934004664,71.0,False,10.572481155395508,2.4564995389722553,51.48707209626897,31.415532936019126,0.7405165444525305,3,0.0,0.0,True,63.48264410310142,40.7586029101506,1613.7598355426385,251.0,0.1,7.75,False,0.0,inf,inf,True,0.7405165444525305,0.0,0.25,False,0.04993009786299182,2.4564995389722553,25.07339555528048,51.48707209626897,True,1.2747894163932547,47.06382633127848,True,0.2997146475511579,8.120521615878719,16,-1.0747666034986618,29.50497121066819,1.2747894163932547,ground_x_z,-3.3487549299164088,True,28.2444642456498,0.0,0,53,6.750497541929517,4,2,10.572481155395508,-17.5,-28.072481155395508,-21.496028106397524,1.0,0.010792807541720774,0.024489843426418828,0.3932218162789321,1.0171924446747345,True,0.9392141842975297,-1,False,True,False,0.0,87.48264410310142,41.48264410310142,,True,True,True,False,left,0.0,0.0,ground_x_z,2.4564995389722553,25.07339555528048,47.06382633127848,25.951058880941655,22.235354890055724,22.235354890055724,,47.06382633127848,False,False,minimum_hold,0.2503495106850413,0.17354767879522165
WIN_20260919_18_13_53_Pro_flip.mp4,53,2.6462951867385662,0.04993009786299182,20.028,0.9648728669880192,50.83241837107836,46.401100768559466,0.5,0.0,0.5,0.17354767879522165,0.0,0.652586374,0.20041941282204956,60.5259999865666,0.033400021493434906,0.0425000034738332,71.0,False,8.841632515343795,2.043499220238721,50.83241837107836,31.415532936019126,0.9648728669880192,3,0.0,0.0,True,61.27624958907347,41.313384179846594,1646.5189804154031,267.0,0.7,8.75,True,0.7556466257498811,0.004403684399232337,0.06843859108291694,True,0.9648728669880192,0.0,0.25,False,0.04993009786299182,2.043499220238721,25.07339555528048,50.83241837107836,True,0.7061220746603911,46.401100768559466,True,0.1682790840266621,8.120521615878719,16,-1.0501438473850133,28.477414669739247,0.7061220746603911,ground_x_z,-3.2595058711167186,True,28.2444642456498,0.6996728016202602,0,54,5.813820966022291,3,2,9.125,-18.5,-27.341632515343797,-22.372868767739465,1.0,0.014909839271275663,0.03343999487580011,0.5421790219984105,1.0152422939192556,True,0.9497206703910615,-1,False,True,False,0.0,85.27624958907347,39.27624958907347,,True,True,True,False,left,0.0,0.0,ground_x_z,2.043499220238721,25.07339555528048,46.401100768559466,25.76476447588957,25.76476447588957,25.76476447588957,,46.401100768559466,False,False,minimum_hold,0.20041941282204956,0.17354767879522165
WIN_20260919_18_13_53_Pro_flip.mp4,54,2.696225284601558,0.04993009786299182,20.028,0.824010041945362,48.02051261820429,43.487008717163405,0.5,0.0,0.5,0.17354767879522165,0.0,0.602656276,0.15048931495905782,60.72680000215769,0.038300000596791506,0.06829999620094895,53.0,False,8.79378890991211,2.030063650686323,48.02051261820429,31.415532936019126,0.824010041945362,3,0.0,0.0,True,57.88610860230634,40.35541090476847,1669.8741674128105,293.0,0.0,0.0,False,0.0,0.0,0.0,True,0.824010041945362,0.0,0.25,False,0.04993009786299182,2.030063650686323,25.07339555528048,48.02051261820429,True,0.31628855810942025,43.487008717163405,True,0.07503632667782167,8.120521615878719,16,-0.9485337311341635,25.804582242474243,0.31628855810942025,ground_x_z,-3.0155642423755946,True,28.2444642456498,0.0,0,55,5.798107333323856,2,2,8.79378890991211,-16.57067584991455,-25.36446475982666,-22.821608166552547,1.0,0.017140193772181987,0.027137913686100294,0.6224380878919892,1.0138655959883256,True,0.968371445936062,-1,False,True,False,0.0,81.88610860230634,35.88610860230634,,True,True,True,False,left,0.0,0.0,ground_x_z,2.030063650686323,25.07339555528048,43.487008717163405,23.377535960108265,25.76476447588957,28.128780344440617,4.728031737102095,49.576381033757194,True,False,minimum_hold,0.15048931495905782,0.17354767879522165
WIN_20260919_18_13_53_Pro_flip.mp4,55,2.7461553824645497,0.04993009786299182,20.028,0.8336558934616134,43.120637161531775,38.50793891568982,0.5,0.0,0.5,0.17354767879522165,0.0,0.552726178,0.10055921709606608,62.65949999215081,0.04430001717992127,0.08019999950192869,60.0,False,9.02271842956543,2.080124366382088,43.120637161531775,31.415532936019126,0.8336558934616134,3,0.0,0.0,True,60.208202378521065,43.29746734845202,1692.2523704879338,275.0,0.0,0.0,False,0.0,0.0,0.0,True,0.8336558934616134,0.0,0.25,False,0.04993009786299182,2.080124366382088,25.07339555528048,43.120637161531775,True,0.2296880366592041,38.50793891568982,True,0.054696036666422324,8.120521615878719,16,-0.7956621714090708,22.025867806291163,0.2296880366592041,ground_x_z,-2.534627402630577,True,28.2444642456498,0.0,0,56,1.6272906592516212,1,2,9.02271842956543,-12.39639949798584,-21.41911792755127,-22.611234630702356,1.0,0.016319242658310563,0.012528219394046311,0.592035077307379,1.012855270445401,True,0.9770509871364055,-1,False,True,False,0.0,84.20820237852107,38.208202378521065,,True,True,True,False,left,0.0,0.0,ground_x_z,2.080124366382088,25.07339555528048,38.50793891568982,19.547947675539763,23.377535960108265,21.90205475484074,-2.9509624105350483,39.241703943534525,True,False,minimum_hold,0.10055921709606608,0.17354767879522165
WIN_20260919_18_13_53_Pro_flip.mp4,56,2.7960854803275415,0.04993009786299182,20.028,0.8463171395631617,37.47012708506123,32.820895450896366,0.5,0.0,0.5,0.17354767879522165,0.0,0.50279608,0.05062911923307434,65.8815000206232,0.035900011425837874,0.0751999905332923,74.0,False,10.996664047241211,2.532662838099066,37.47012708506123,31.415532936019126,0.8463171395631617,3,0.0,0.0,True,55.91116964875998,41.9052494243214,1723.1744211295131,309.0,0.0,0.0,False,0.0,0.0,0.0,True,0.8463171395631617,0.0,0.25,False,0.04993009786299182,2.532662838099066,25.07339555528048,37.47012708506123,True,0.14559471511356872,32.820895450896366,True,0.03449822206534667,8.120521615878719,16,-0.644972304880226,18.70577577993822,0.14559471511356872,ground_x_z,-2.045748598159851,True,28.2444642456498,0.0,0,57,1.5373428931670314,0,2,10.996664047241211,-6.471136093139648,-17.46780014038086,-21.839719457154132,0.97043334113227,0.010938395421897184,-0.013425854817994035,0.396701779157435,1.0125360225080209,True,0.9916524010032344,-1,False,True,False,0.0,79.91116964875998,33.91116964875998,,False,True,True,False,left,0.0,0.0,ground_x_z,2.532662838099066,25.07339555528048,32.820895450896366,15.156886510391715,19.547947675539763,14.2255714112362,-10.64475252860713,29.780604513622734,True,False,minimum_hold,0.05062911923307434,0.17354767879522165
WIN_20260919_18_13_53_Pro_flip.mp4,57,2.8460155781905336,0.04993009786299182,20.028,0.8439366499570293,36.38668498428412,32.19942749984078,0.5,0.0,0.5,0.17354767879522165,0.0,0.452865982,0.0006990213700825976,59.68359997496009,0.035200006095692515,0.09139999747276306,80,False,5.020246505737305,1.1558263717745612,36.38668498428412,31.415532936019126,0.8439366499570293,3,0.0,0.0,True,51.08955344989741,38.95189868411016,1736.3373465277928,351.0,0.0,0.0,False,0.0,0.0,0.0,True,0.8439366499570293,0.0,0.25,False,0.04993009786299182,1.1558263717745612,25.07339555528048,36.38668498428412,True,0.2686763215521996,32.19942749984078,True,0.0637575639444198,8.120521615878719,16,-0.6297196541895485,16.93896185940802,0.2686763215521996,ground_x_z,-2.022760008233454,True,28.2444642456498,0.0,0,58,2.9211149474902656,0,2,5.020246505737305,-12.0,-17.020246505737305,-21.11679851444161,0.9455692503187392,0.014071721047209128,0.023891469303794308,0.5106110529901453,1.0130781484745444,True,0.9861300359006788,-1,False,True,False,0.0,75.08955344989741,29.08955344989741,,False,True,True,False,left,0.0,0.0,ground_x_z,1.1558263717745612,25.07339555528048,32.19942749984078,16.21543065677672,16.21543065677672,9.123295168820123,-14.184270975913197,23.24139595882002,True,False,minimum_hold,0.0006990213700825976,0.17354767879522165
WIN_20260919_18_13_53_Pro_flip.mp4,58,2.8959456760535254,0.04993009786299182,20.028,0.9813317353704208,37.75631000945835,33.3970707675125,0.5,0.0,0.5,0.0,0.0,0.402935884,0.5,58.8846999744419,0.03950000973418355,0.09789998875930905,69.0,False,7.414435695340729,1.7059061160994338,37.75631000945835,31.415532936019126,0.9813317353704208,3,0.0,0.0,True,51.08955344989741,40.267519589816104,1762.558549536541,351.0,1.0,7.625,True,0.7192475937876384,0.006326035596816489,0.1414213562373085,True,0.9813317353704208,0.0,0.25,False,0.04993009786299182,1.7059061160994338,25.07339555528048,37.75631000945835,True,0.19327364516919426,33.3970707675125,True,0.04513376214275696,8.598081596079517,18,-0.6593051596165,18.10089724484972,0.19327364516919426,ground_x_z,-2.163062956167667,True,28.2444642456498,0.99895499137172,0,59,3.0133326249553107,0,2,6.875,-10.875,-18.289435695340728,-20.692694091576477,1.0,0.013713391186640205,0.01259723906655408,0.4976622693577965,1.0131874564070906,True,0.9871382636655949,-1,False,True,False,0.0,75.08955344989741,29.08955344989741,,True,True,True,False,left,0.0,0.0,ground_x_z,1.7059061160994338,25.07339555528048,33.3970707675125,16.41321550501657,16.21543065677672,6.991344674377906,-18.44817196479763,21.878229435492145,True,True,new_block,0.5,0.0
WIN_20260919_18_13_53_Pro_flip.mp4,59,2.945875773916517,0.04993009786299182,20.028,0.8394715311615921,40.894712579962665,36.70444816135226,0.5,0.0,0.5,0.0,0.0,0.353005786,0.45006990213700826,60.168900003191084,0.03840000135824084,0.041799998143687844,80,False,2.6792163848876953,0.6172021516265186,40.894712579962665,31.415532936019126,0.8394715311615921,3,0.0,0.0,True,47.329302280286754,38.32455028452777,1784.5194764479975,387.0,0.0,0.0,False,0.0,0.0,0.0,True,0.8394715311615921,0.0,0.25,False,0.04993009786299182,0.6172021516265186,25.07339555528048,40.894712579962665,True,0.255994399869644,36.70444816135226,True,0.0601054785904093,8.120521615878719,16,-0.745497803257054,19.306889394761736,0.255994399869644,ground_x_z,-2.3565629925697715,True,28.2444642456498,0.0,0,60,3.6829575194565285,0,2,2.6792163848876953,-16.998111724853516,-19.67732810974121,-20.540389194301188,1.0,0.022004996965848383,0.04793603498089241,0.7984521465475454,1.0130421915753394,True,0.9864682071835073,-1,False,True,False,0.0,71.32930228028675,25.329302280286754,,True,True,True,False,left,0.0,0.0,ground_x_z,0.6172021516265186,25.07339555528048,36.70444816135226,19.76389745597076,18.088556480493665,18.088556480493665,,36.70444816135226,False,False,minimum_hold,0.45006990213700826,0.0
WIN_20260919_18_13_53_Pro_flip.mp4,60,2.995805871779509,0.04993009786299182,20.028,0.8391036431974062,41.566260631055094,37.327210187297034,0.5,0.0,0.5,0.0,0.0,0.303075688,0.4001398042740165,66.19499999214895,0.04270000499673188,0.050499977078288794,80,False,3.0369300842285156,0.6994949551471361,41.566260631055094,31.415532936019126,0.8391036431974062,3,0.0,0.0,True,47.731584251588316,39.83384233828826,1809.7678667222983,383.0,0.0,0.0,False,0.0,0.0,0.0,True,0.8391036431974062,0.0,0.25,False,0.04993009786299182,0.6994949551471361,25.07339555528048,41.566260631055094,True,0.2136287960709941,37.327210187297034,True,0.05069846086325687,8.120521615878719,16,-0.7625466381447338,19.817034950122466,0.2136287960709941,ground_x_z,-2.4181924241336263,True,28.2444642456498,0.0,0,61,3.6850082989413826,0,2,3.0369300842285156,-17.170583724975586,-20.2075138092041,-20.490457886536625,1.0,0.028156880873743195,0.04738049757784205,1.0213729776212412,1.012744221309314,True,0.9780823950660337,-1,False,True,False,0.0,71.73158425158832,25.731584251588316,,True,True,True,False,left,0.0,0.0,ground_x_z,0.6994949551471361,25.07339555528048,37.327210187297034,20.11091533158617,19.76389745597076,19.76389745597076,,37.327210187297034,False,False,minimum_hold,0.4001398042740165,0.0
WIN_20260919_18_13_53_Pro_flip.mp4,61,3.0457359696425006,0.04993009786299182,20.028,0.9813087657367716,43.31569584651028,38.801072709904325,0.5,0.0,0.5,0.0,0.0,0.25314559,0.3502097064110248,53.08399998466484,0.037299992982298136,0.046600005589425564,47.0,False,7.719149551191858,1.774159969707266,43.31569584651028,31.415532936019126,0.9813087657367716,3,0.0,0.0,True,47.731584251588316,39.83384233828826,1809.7678667222983,383.0,1.0,8.0,True,0.7191495511918577,0.006237699792333768,0.20150945537632042,True,0.9813087657367716,0.0,0.25,False,0.04993009786299182,1.774159969707266,25.07339555528048,43.31569584651028,True,0.36824849126261555,38.801072709904325,True,0.08731071894563835,8.598081596079517,18,-0.8040514684093081,21.759722346453174,0.36824849126261555,ground_x_z,-2.6232342575697194,True,28.2444642456498,0.9988188210998025,0,62,4.145434805942638,0,2,7.0,-14.416333198547363,-22.13548274973922,-20.737211616017014,1.0,0.02702849864428736,0.023426273921204735,0.979635229895296,1.011911254171716,True,0.9858850169221444,-1,False,True,False,0.0,71.73158425158832,25.731584251588316,,True,True,True,False,left,0.0,0.0,ground_x_z,1.774159969707266,25.07339555528048,38.801072709904325,20.070395785609414,20.070395785609414,20.070395785609414,,38.801072709904325,False,False,minimum_hold,0.3502097064110248,0.0
WIN_20260919_18_13_53_Pro_flip.mp4,62,3.0956660675054923,0.04993009786299182,20.028,0.8456370801079438,39.59385944005438,34.052424747491145,0.5,0.0,0.5,0.0,0.0,0.203215492,0.30027960854803304,58.236699987901375,0.04029998672194779,0.049299997044727206,80,False,23.429935455322266,5.391237575479009,39.59385944005438,31.415532936019126,0.8456370801079438,3,0.0,0.0,True,47.731584251588316,39.83384233828826,1809.7678667222983,383.0,0.0,0.0,False,0.0,0.0,0.0,True,0.8456370801079438,0.0,0.25,False,0.04993009786299182,5.391237575479009,25.07339555528048,39.59385944005438,True,0.24611661359781037,34.052424747491145,True,0.05814863889704588,8.120521615878719,16,-0.6758406067046715,22.350432306353078,0.24611661359781037,ground_x_z,-2.1236467976989024,True,28.2444642456498,0.0,0,63,7.7075855590013465,0,2,23.429935455322266,4.753927230834961,-18.676008224487305,-20.42803110728756,1.0,-0.0013587661160989494,-0.09021312016657515,-0.0492155866233972,1.0112485489512124,True,0.991860864569159,-1,False,True,False,0.0,71.73158425158832,25.731584251588316,,True,True,True,False,left,0.0,0.0,ground_x_z,5.391237575479009,25.07339555528048,34.052424747491145,12.903968824115498,20.070395785609414,20.070395785609414,,34.052424747491145,False,False,minimum_hold,0.30027960854803304,0.0
WIN_20260919_18_13_53_Pro_flip.mp4,63,3.1455961653684845,0.04993009786299182,20.028,0.9834173249466329,40.92998586843682,34.96747339202379,0.5,0.0,0.5,0.0,0.0,0.153285394,0.2503495106850413,46.352599980309606,0.04600000102072954,0.05259999306872487,80,False,30.754608275524937,7.060215920924996,40.92998586843682,31.415532936019126,0.9834173249466329,3,0.0,0.0,True,47.731584251588316,39.83384233828826,1809.7678667222983,383.0,1.0,31.0,True,0.7195523148856436,0.0044481341172114865,0.15275252316519436,True,0.9834173249466329,0.0,0.25,False,0.04993009786299182,7.060215920924996,25.07339555528048,40.92998586843682,True,0.3349363395635105,34.96747339202379,True,0.07832550614123517,8.598081596079517,18,-0.6993618416755915,24.436453881251907,0.3349363395635105,ground_x_z,-2.2976159014798547,True,28.2444642456498,0.9993782151189495,0,64,8.306058822257791,8,2,30.125,10.25,-20.504608275524937,-20.439517682523167,1.0,-0.032899537744964534,-0.13156070192660735,-1.1909889260952264,1.0106897961071737,True,0.9906542056074766,-1,False,True,False,0.0,71.73158425158832,25.731584251588316,,True,True,True,False,left,0.0,0.0,ground_x_z,7.060215920924996,25.07339555528048,34.96747339202379,11.719774486426637,12.903968824115498,12.903968824115498,,34.96747339202379,False,False,minimum_hold,0.2503495106850413,0.0
WIN_20260919_18_13_53_Pro_flip.mp4,64,3.1955262632314763,0.04993009786299182,20.028,0.9863332074232143,46.38991842859207,40.580741357471524,0.5,0.0,0.5,0.0,0.0,0.103355296,0.20041941282204956,51.504100003512576,0.041300023440271616,0.07329997606575489,80,False,31.09375,7.128913540748616,46.38991842859207,31.415532936019126,0.9863332074232143,3,0.0,0.0,False,0.0,0.0,0.0,0.0,1.0,31.125,True,0.95,0.005228500564894697,0.17773831632742865,True,0.9863332074232143,0.0,0.25,False,0.04993009786299182,7.128913540748616,25.07339555528048,46.38991842859207,True,0.5126557711393048,40.580741357471524,True,0.12079137448051301,8.598081596079517,18,-0.8565207745988008,28.381321381625153,0.5126557711393048,ground_x_z,-2.8092924254206606,True,28.2444642456498,0.9991460670943025,0,65,8.033004182561154,8,2,30.5,6.284088134765625,-24.809661865234375,-21.095039309929845,1.0,-0.04858390941638875,-0.11941754329027206,-1.7573974074319232,1.0098979174736185,False,0.9707432753694444,0,False,False,False,0.0,0.0,0.0,False,True,True,True,False,left,0.0,0.0,ground_x_z,7.128913540748616,25.07339555528048,40.580741357471524,15.877067643501961,12.903968824115498,12.903968824115498,,40.580741357471524,False,False,minimum_hold,0.20041941282204956,0.0
WIN_20260919_18_13_53_Pro_flip.mp4,65,3.245456361094468,0.04993009786299182,20.028,0.8306554303123208,49.34476752648766,44.02519370411335,0.5,0.0,0.5,0.0,0.0,0.053425198,0.15048931495905782,45.74479997972958,0.03819999983534217,0.06829999620094895,41.0,False,22.797433853149414,5.235233695400034,49.34476752648766,31.415532936019126,0.8306554303123208,3,0.0,0.0,False,0.0,0.0,0.0,0.0,0.0,0.0,False,0.0,0.0,0.0,True,0.8306554303123208,0.0,0.25,False,0.04993009786299182,5.235233695400034,25.07339555528048,49.34476752648766,True,0.5999278804174383,44.02519370411335,True,0.14213552784657182,8.120521615878719,16,-0.966538905491724,29.47482915180201,0.5999278804174383,ground_x_z,-3.08446402179447,True,28.2444642456498,0.0,0,66,8.84699591390233,8,2,22.797433853149414,-3.887277603149414,-26.684711456298828,-21.93349013188519,1.0,-0.050601334370781494,-0.059516025262531795,-1.8286136368916184,1.0089274506699282,False,0.9494164007305561,0,False,False,False,0.0,0.0,0.0,False,True,True,True,False,left,0.0,0.0,ground_x_z,5.235233695400034,25.07339555528048,44.02519370411335,20.66376606358045,15.877067643501961,15.983276976087092,0.21241866517026187,56.129128966868294,True,False,minimum_hold,0.15048931495905782,0.0
WIN_20260919_18_13_53_Pro_flip.mp4,66,3.2953864589574597,0.04993009786299182,20.028,0.9767799964616192,53.515299217438965,49.24023011437239,0.5,0.0,0.5,0.0,0.0,0.0034951,0.10055921709606608,45.7831000094302,0.036299985367804766,0.07110001752153039,77.0,False,4.449999999999999,1.0180464935593567,53.515299217438965,31.415532936019126,0.9767799964616192,3,0.0,0.0,False,0.0,0.0,0.0,0.0,1.0,4.5,True,0.95,0.0076453449756028555,0.09885710532241676,True,0.9767799964616192,0.0,0.25,False,0.04993009786299182,1.0180464935593567,25.07339555528048,53.515299217438965,True,0.9217234201979057,49.24023011437239,True,0.2174465685059887,8.598081596079517,18,-1.1601570240301096,29.832267626806274,0.9217234201979057,ground_x_z,-3.7791946953032913,True,28.2444642456498,0.9986256780415087,0,67,11.88319682040069,8,2,3.5,-27.256961822509766,-31.706961822509765,-23.399510885478875,1.0,-0.027638276734498615,0.07649069739115037,-0.9976818189343793,1.0078155399703266,False,0.9165705678869709,0,False,False,False,0.0,0.0,0.0,False,True,True,True,False,left,0.0,0.0,ground_x_z,1.0180464935593567,25.07339555528048,49.24023011437239,29.1621540121071,20.66376606358045,24.455064509020648,7.582596890880398,63.54973531433518,True,False,minimum_hold,0.10055921709606608,0.0
WIN_20260919_18_13_53_Pro_flip.mp4,67,3.3453165568204515,0.04993009786299182,20.028,0.8146997507773356,51.56487638807994,47.8867028399918,0.5,0.0,0.5,0.0,0.0,0.0,0.05062911923307434,60.164399998029694,0.03640001523308456,0.07749997894279659,44.0,False,-13.500555038452148,-3.094068219799987,51.56487638807994,31.415532936019126,0.8146997507773356,3,0.0,0.0,False,0.0,0.0,0.0,0.0,0.0,0.0,False,0.0,0.0,0.0,True,0.8146997507773356,0.0,0.25,False,0.04993009786299182,-3.094068219799987,25.07339555528048,51.56487638807994,True,0.507883796348159,47.8867028399918,True,0.12024033280900973,8.120521615878719,16,-1.106205723945528,24.657904483254384,0.507883796348159,ground_x_z,-3.5524551645966365,True,28.2444642456498,0.0,0,68,12.501563628802458,8,2,-13.500555038452148,-42.55170488357544,-29.05114984512329,-24.247256729425537,1.0,0.010716035176321755,0.1844105163132585,0.3862273139914122,1.0062567506352649,False,0.9378108121991415,0,False,False,False,0.0,0.0,0.0,False,True,True,True,False,left,0.0,0.0,ground_x_z,-3.094068219799987,25.07339555528048,47.8867028399918,31.523304738712433,29.1621540121071,43.88199207827901,29.43967613234382,63.05061952710781,True,False,minimum_hold,0.05062911923307434,0.0
WIN_20260919_18_13_53_Pro_flip.mp4,68,3.395246654683443,0.04993009786299182,20.028,0.8223605409219275,49.925121599713535,46.65801631991685,0.5,0.0,0.5,0.0,0.0,0.0,0.0006990213700825976,57.46990002808161,0.019500002963468432,0.0850000069476664,80,False,-23.30001449584961,-5.331556297838048,49.925121599713535,31.415532936019126,0.8223605409219275,3,0.0,0.0,False,0.0,0.0,0.0,0.0,0.0,0.0,False,0.0,0.0,0.0,True,0.8223605409219275,0.0,0.25,False,0.04993009786299182,-5.331556297838048,25.07339555528048,49.925121599713535,True,0.4562450183145992,46.65801631991685,True,0.10759291615109522,8.120521615878719,16,-1.0596175326647201,21.224463302233843,0.4562450183145992,ground_x_z,-3.3736757604472665,True,28.2444642456498,0.0,0,69,12.836074474379956,8,2,-23.30001449584961,-50.473369121551514,-27.173354625701904,-24.68617141386699,1.0,0.05257870728404611,0.24187987069725053,1.8923023520430573,1.004802203081232,False,0.9353168864587852,0,False,False,False,0.0,0.0,0.0,False,True,True,True,False,left,0.0,0.0,ground_x_z,-5.331556297838048,25.07339555528048,46.65801631991685,32.410829736302176,31.523304738712433,46.91972259481572,30.792835712206564,61.76412480907192,True,False,minimum_hold,0.0006990213700825976,0.0
WIN_20260919_18_13_53_Pro_flip.mp4,69,3.4451767525464354,0.04993009786299182,20.028,0.8238007561632573,52.00070280177552,48.85225320972422,0.5,0.0,0.5,0.5,0.0,0.0,0.5,54.895699984626845,0.022799998987466097,0.10730000212788582,61.0,False,-28.122748374938965,-6.4257889024605825,52.00070280177552,31.018527789829587,0.8238007561632573,3,0.0,0.0,False,0.0,0.0,0.0,0.0,0.0,0.0,False,0.0,0.0,0.0,True,0.8238007561632573,0.0,0.25,False,0.04993009786299182,-6.4257889024605825,25.07339555528048,52.00070280177552,True,0.41286773611058214,48.85225320972422,True,0.0949622459381858,7.318693081859635,13,-1.1443949720247555,22.25296495530727,0.41286773611058214,ground_x_z,-3.429922650878996,True,28.045961672555034,0.0,0,70,13.015128001816805,8,2,-28.122748374938965,-55.74981927871704,-27.627070903778076,-25.12730633735365,1.0,0.09276662718433326,0.27422946771956946,3.334000269584209,1.0033993548863536,False,0.9344423256110332,0,False,False,False,0.0,0.0,0.0,False,True,True,True,False,left,0.0,0.0,ground_x_z,-6.4257889024605825,25.07339555528048,48.85225320972422,34.95483389038262,32.410829736302176,48.92716311938972,33.03266676617509,63.958361698879294,True,False,new_block,0.5,0.5
WIN_20260919_18_13_53_Pro_flip.mp4,70,3.495106850409427,0.04993009786299182,20.028,0.7622196139383075,53.2366992289995,50.288921140072944,0.5,0.0,0.5,0.5,0.0,0.0,0.45006990213700826,57.392100017750636,0.018999999156221747,0.045100023271515965,63.0,False,-35.931936264038086,-8.198663151176802,53.2366992289995,31.415532936019126,0.7622196139383075,3,0.0,0.0,False,0.0,0.0,0.0,0.0,0.0,0.0,False,0.0,0.0,0.0,True,0.7622196139383075,0.0,0.25,False,0.04993009786299182,-8.198663151176802,25.07339555528048,53.2366992289995,True,0.14539857807503126,50.288921140072944,True,0.03318496845384217,1.6980037251844564,8,-1.2040320326074418,21.994169386409137,0.14539857807503126,ground_x_z,0.0,False,25.07339555528048,0.0,0,71,12.954708320893515,8,2,-35.931936264038086,-61.403066635131836,-25.47113037109375,-25.178879942414667,1.0,0.11758535436387409,0.22873339839893192,4.21470025229889,1.0007219240871854,False,1.0,0,False,False,False,0.0,0.0,0.0,False,True,True,True,False,left,0.0,0.0,ground_x_z,-8.198663151176802,25.07339555528048,50.288921140072944,37.38785351974983,36.17134370506623,36.17134370506623,,50.288921140072944,False,False,minimum_hold,0.45006990213700826,0.5
WIN_20260919_18_13_53_Pro_flip.mp4,71,3.545036948272419,0.04993009786299182,20.028,0.6640991610151292,59.13855222735105,56.34160595073761,0.5,0.5,0.5,0.5,1.0,0.0,0.4001398042740165,51.13409998011775,0.029099988751113415,0.2894999925047159,69.0,False,-44.76401329040527,-10.177540763325954,59.13855222735105,24.952114050945525,0.6640991610151292,1,0.0,0.0,False,0.0,0.0,0.0,0.0,0.0,0.0,False,0.0,0.0,0.0,True,0.6640991610151292,0.0,0.25,False,0.04993009786299182,-10.177540763325954,24.952114050945525,59.13855222735105,True,0.11548365211500869,56.34160595073761,True,0.026145746670865014,1.4528681616659966,7,-1.5017981121715702,27.29093453759038,0.11548365211500869,ground_x_z,0.0,False,24.952114050945525,0.0,0,72,10.774967229659014,8,1,-44.76401329040527,-44.76401329040527,0.0,-21.402047951052467,0.0,0.14814884398629785,0.2847997301591229,5.294214632393551,0.9977074856054418,False,1.0,0,False,False,False,0.0,0.0,0.0,False,True,True,True,False,left,0.0,0.0,ground_x_z,-10.177540763325954,24.952114050945525,56.34160595073761,43.70800733095344,37.38785351974983,37.38785351974983,,56.34160595073761,False,False,minimum_hold,0.4001398042740165,0.5
WIN_20260919_18_13_53_Pro_flip.mp4,72,3.5949670461354106,0.04993009786299182,20.028,0.8758135701934805,50.85759629067956,47.75043303564748,0.5,0.5,0.5,0.5,0.950069902,0.0,0.3502097064110248,57.20800001290627,0.03980001201853156,0.048699992476031184,37.0,False,-35.50035634308353,-8.050079990861144,50.85759629067956,25.07339555528048,0.8758135701934805,1,0.0,0.0,False,0.0,0.0,0.0,0.0,0.6,-35.75,True,0.6458303267513053,0.01171941119719052,0.19653867553332247,True,0.8758135701934805,0.0,0.25,False,0.04993009786299182,-8.050079990861144,25.07339555528048,50.85759629067956,True,0.32602090250182314,47.75043303564748,True,0.07361977419921753,2.1755637053852546,10,-1.1009308611480828,19.783014124799784,0.32602090250182314,ground_x_z,0.0,False,25.07339555528048,0.5979910432882456,0,73,8.295691747531253,8,1,-35.04512977600098,-35.04512977600098,0.4552265670825548,-18.12345677333221,0.025290364837919712,0.16252196797194682,0.22583874247772004,5.793137298288914,0.9951801445732625,False,1.0,0,False,False,False,0.0,0.0,0.0,False,True,True,True,False,left,0.0,0.0,ground_x_z,-8.050079990861144,25.07339555528048,47.75043303564748,35.36907412080387,37.38785351974983,37.38785351974983,,47.75043303564748,False,False,minimum_hold,0.3502097064110248,0.5
WIN_20260919_18_13_53_Pro_flip.mp4,73,3.6448971439984024,0.04993009786299182,20.028,0.7658418893857294,57.801643431894426,54.32293104224419,0.5,0.5,0.5,0.5,0.900139804,0.0,0.30027960854803304,50.172099989140406,0.04040001658722758,0.04579999949783087,59.0,False,-27.989888191223145,-6.334229609126328,57.801643431894426,31.415532936019126,0.7658418893857294,3,0.0,0.0,False,0.0,0.0,0.0,0.0,0.0,0.0,False,0.0,0.0,0.0,True,0.7658418893857294,0.0,0.25,False,0.04993009786299182,-6.334229609126328,25.07339555528048,57.801643431894426,True,0.1972226691329408,54.32293104224419,True,0.04455274153306048,1.6980037251844564,8,-1.3928232386838675,28.577403712398038,0.1972226691329408,ground_x_z,0.0,False,25.07339555528048,0.0,0,74,7.803463770060361,7,2,-27.989888191223145,-54.19541645050049,-26.205528259277344,-19.33576749622398,1.0,0.16575375997691183,0.17822188440645997,5.891096807591139,0.9922765416817972,False,1.0,0,False,False,False,0.0,0.0,0.0,False,True,True,True,False,left,0.0,0.0,ground_x_z,-6.334229609126328,25.07339555528048,54.32293104224419,39.38776388953673,39.38776388953673,39.38776388953673,,54.32293104224419,False,False,minimum_hold,0.30027960854803304,0.5
WIN_20260919_18_13_53_Pro_flip.mp4,74,3.694827241861394,0.04993009786299182,20.028,0.0,0.0,0.0,0.3751747553425205,0.3751747553425205,0.5,0.5,0.850209706,0.0,0.2503495106850413,45.70710001280531,0.048999994760379195,0.021099986042827368,61.0,False,-27.989888191223145,-6.334229609126328,0.0,31.415532936019126,0.0,3,0.0,0.0,False,0.0,0.0,0.0,0.0,0.0,0.0,False,0.0,0.0,0.0,False,0.0,0.04993009786299174,0.25,False,0.04993009786299182,0.0,0.0,0.0,False,0.0,0.0,False,0.0,0.0,0,0.0,0.0,0.0,ground_x_z,0.0,False,0.0,0.0,1,75,7.803463770060361,7,0,0.0,0.0,0.0,-19.33576749622398,0.0,0.16575375997691183,0.0,5.891096807591139,0.9922765416817972,False,1.0,0,False,False,False,0.0,0.0,0.0,False,False,False,False,False,,0.0,0.0,,,,,,,,,,,,brief_loss_hold,0.2503495106850413,0.5
WIN_20260919_18_13_53_Pro_flip.mp4,75,3.7447573397243863,0.04993009786299182,20.028,0.35,0.0,0.0,0.5,0.5,0.5,0.5,0.800279608,0.0,0.20041941282204956,47.930500004440546,0.04539999645203352,0.024100008886307478,50.0,False,-34.19541645050049,-7.715917646115351,0.0,31.415532936019126,0.35,3,0.0,0.0,False,0.0,0.0,0.0,0.0,0.0,0.0,False,0.0,0.0,0.0,True,0.35,0.0,0.25,False,0.04993009786299182,-7.715917646115351,25.07339555528048,0.0,False,0.0,0.0,False,0.0,0.0,0,0.0,0.0,0.0,ground_x_z,0.0,False,25.07339555528048,0.0,0,76,7.99649989634711,6,2,-34.19541645050049,-65.44541645050049,-31.25,-21.12290237179038,1.0,0.17504904475097868,0.2170974953030487,6.221462902850657,0.9922765416817972,False,1.0,0,False,False,False,0.0,0.0,0.0,False,True,False,True,True,right,0.0,0.0,,,,,,,,,,,,brief_loss_hold,0.20041941282204956,0.5
WIN_20260919_18_13_53_Pro_flip.mp4,76,3.794687437587378,0.04993009786299182,20.028,0.30625,0.0,0.0,0.5,0.5,0.5,0.5,0.75034951,0.0,0.15048931495905782,44.65749999508262,0.03779999678954482,0.020100007532164454,64.0,False,-55.69541645050049,-13.155338947067293,0.0,31.548191505317444,0.30625,2,0.0,0.0,False,0.0,0.0,0.0,0.0,0.0,0.0,False,0.0,0.0,0.0,True,0.30625,0.0,0.25,False,0.04993009786299182,-13.155338947067293,31.548191505317444,0.0,False,0.0,0.0,False,0.0,0.0,0,0.0,0.0,0.0,ground_x_z,0.0,False,31.548191505317444,0.0,0,77,12.008219164173715,8,1,-55.69541645050049,-55.69541645050049,0.0,-17.954467016021823,0.0,0.21036886961181187,0.370142770602124,7.476773838248534,0.9922765416817972,False,1.0,0,False,False,False,0.0,0.0,0.0,False,True,False,True,True,right,0.0,0.0,,,,,,,,,,,,brief_loss_hold,0.15048931495905782,0.5
WIN_20260919_18_13_53_Pro_flip.mp4,77,3.8446175354503698,0.04993009786299182,20.028,0.35,0.0,0.0,0.5,0.5,0.5,0.5,0.700419412,0.0,0.10055921709606608,46.62500001722947,0.04120002267882228,0.021500018192455173,47.0,False,-39.19541645050049,-8.844112521673214,0.0,25.07339555528048,0.35,1,0.0,0.0,False,0.0,0.0,0.0,0.0,0.0,0.0,False,0.0,0.0,0.0,True,0.35,0.0,0.25,False,0.04993009786299182,-8.844112521673214,25.07339555528048,0.0,False,0.0,0.0,False,0.0,0.0,0,0.0,0.0,0.0,ground_x_z,0.0,False,25.07339555528048,0.0,0,78,13.529457142653294,8,1,-39.19541645050049,-39.19541645050049,0.0,-15.26129696361855,0.0,0.21733382867886683,0.24884074256549948,7.724317231114227,0.9922765416817972,False,1.0,0,False,False,False,0.0,0.0,0.0,False,True,False,True,True,right,0.0,0.0,,,,,,,,,,,,brief_loss_hold,0.10055921709606608,0.5
WIN_20260919_18_13_53_Pro_flip.mp4,78,3.8945476333133615,0.04993009786299182,20.028,0.5625426773307872,55.15349194464145,52.19608059474436,0.5,0.5,0.5,0.5,0.650489314,0.0,0.05062911923307434,50.855499983299524,0.04740001168102026,0.051700015319511294,66.0,False,-44.485764026641846,-10.02026694591613,55.15349194464145,25.07339555528048,0.5625426773307872,1,0.0,0.0,False,0.0,0.0,0.0,0.0,0.0,0.0,False,0.0,0.0,0.0,True,0.5625426773307872,0.0,0.25,False,0.04993009786299182,-10.02026694591613,25.07339555528048,55.15349194464145,True,0.09452819388979555,52.19608059474436,True,0.021288605916378055,1.2085946450726759,6,-1.2890101485329266,22.005714252525706,0.09452819388979555,ground_x_z,0.0,False,25.07339555528048,0.0,0,79,13.09506388157907,8,1,-44.485764026641846,-44.485764026641846,0.0,-12.972102419075767,0.0,0.22968762334885548,0.2827442145464494,8.139976635138096,0.9894310108481613,False,1.0,0,False,False,False,0.0,0.0,0.0,False,True,True,True,False,left,0.0,0.0,ground_x_z,-10.02026694591613,25.07339555528048,52.19608059474436,40.13150033020729,40.13150033020729,40.13150033020729,,52.19608059474436,False,False,minimum_hold,0.05062911923307434,0.5
WIN_20260919_18_13_53_Pro_flip.mp4,79,3.9444777311763533,0.04993009786299182,20.028,0.8109964680573436,46.30085115670958,43.431843282980836,0.5,0.5,0.5,0.5,0.600559216,0.0,0.0006990213700825976,46.434300020337105,0.036200013710185885,0.04260000423528254,69.0,False,-39.29004096984863,-8.840036416614254,46.30085115670958,31.415532936019126,0.8109964680573436,3,0.0,0.0,False,0.0,0.0,0.0,0.0,0.0,0.0,False,0.0,0.0,0.0,True,0.8109964680573436,0.0,0.25,False,0.04993009786299182,-8.840036416614254,25.07339555528048,46.30085115670958,True,0.15521257704173527,43.431843282980836,True,0.03481892550558378,1.6980037251844564,8,-0.9467063176203749,14.869552553367942,0.15521257704173527,ground_x_z,0.0,False,25.07339555528048,0.0,0,80,12.86850338256914,8,2,-39.29004096984863,-59.85078144073486,-20.56074047088623,-14.110398126847336,1.0,0.23392313891315306,0.25014638840169573,8.26671566155208,0.9866423906311981,False,1.0,0,False,False,False,0.0,0.0,0.0,False,True,True,True,False,left,0.0,0.0,ground_x_z,-8.840036416614254,25.07339555528048,43.431843282980836,32.974063869358616,36.55278209978295,36.55278209978295,,43.431843282980836,False,False,minimum_hold,0.0006990213700825976,0.5
WIN_20260919_18_13_53_Pro_flip.mp4,80,3.994407829039345,0.04993009786299182,20.028,0.808549680000047,45.60442593906339,42.956620194985625,0.5,0.5,0.5,0.5,0.550629118,0.0,0.0,42.995199997676536,0.036699988413602114,0.051300012273713946,76.0,False,-44.81123495101929,-10.053859416794495,45.60442593906339,25.07339555528048,0.808549680000047,1,0.0,0.0,False,0.0,0.0,0.0,0.0,0.0,0.0,False,0.0,0.0,0.0,True,0.808549680000047,0.0,0.25,False,0.04993009786299182,-10.053859416794495,25.07339555528048,45.60442593906339,True,0.12839781476104084,42.956620194985625,True,0.028669444345988077,1.6980037251844564,8,-0.931100584015593,13.338220027529541,0.12839781476104084,ground_x_z,0.0,False,25.07339555528048,0.0,0,81,12.805989993257002,8,1,-44.81123495101929,-44.81123495101929,0.0,-11.993838407820235,0.0,0.24375364817137368,0.28528411423423566,8.590260686697865,0.9839095428185741,False,1.0,0,False,False,False,0.0,0.0,0.0,False,True,True,True,False,left,0.0,0.0,ground_x_z,-10.053859416794495,25.07339555528048,42.956620194985625,33.634262118905724,33.634262118905724,33.634262118905724,,42.956620194985625,False,False,continue_block,0.0,0.5
WIN_20260919_18_13_53_Pro_flip.mp4,81,4.044337926902337,0.04993009786299182,20.028,0.8067281683043829,47.92347518032114,45.03611931382646,0.5,0.5,0.5,0.5,0.50069902,0.0,0.0,45.862300001317635,0.04269997589290142,0.05240002064965665,76.0,False,-44.724759578704834,-10.006640044510576,47.92347518032114,25.07339555528048,0.8067281683043829,1,0.0,0.0,False,0.0,0.0,0.0,0.0,0.0,0.0,False,0.0,0.0,0.0,True,0.8067281683043829,0.0,0.25,False,0.04993009786299182,-10.006640044510576,25.07339555528048,47.92347518032114,True,0.12068573766636713,45.03611931382646,True,0.026979829905309834,1.6980037251844564,8,-1.0012615973789736,15.09687123291403,0.12068573766636713,ground_x_z,0.0,False,25.07339555528048,0.0,0,82,8.458420378853363,8,1,-44.724759578704834,-44.724759578704834,0.0,-10.194762646647199,0.0,0.25171492931429096,0.28471923966553675,8.846682417515666,0.9812313519622027,False,1.0,0,False,False,False,0.0,0.0,0.0,False,True,True,True,False,left,0.0,0.0,ground_x_z,-10.006640044510576,25.07339555528048,45.03611931382646,34.96485670261177,33.634262118905724,33.634262118905724,,45.03611931382646,False,False,continue_block,0.0,0.5
WIN_20260919_18_13_53_Pro_flip.mp4,82,4.094268024765329,0.04993009786299182,20.028,0.35,0.0,0.0,0.5,0.5,0.5,0.5,0.450768922,0.0,0.0,41.174299985868856,0.04099999205209315,0.022099993657320738,46.0,False,48.27208948135376,11.26479819821128,0.0,31.415532936019126,0.35,2,0.0,0.0,False,0.0,0.0,0.0,0.0,0.0,0.0,False,0.0,0.0,0.0,True,0.35,0.0,0.25,False,0.04993009786299182,11.26479819821128,31.415532936019126,0.0,False,0.0,0.0,False,0.0,0.0,0,0.0,0.0,0.0,ground_x_z,0.0,False,31.415532936019126,0.0,0,83,41.794469279143456,8,1,48.27208948135376,48.27208948135376,0.0,-8.665548249650119,0.0,0.14811777627174022,-0.32051765265004023,5.205694118478847,0.9812313519622027,False,1.0,0,False,False,False,0.0,0.0,0.0,False,True,False,True,True,right,0.0,0.0,,,,,,,,,,,,brief_loss_hold,0.0,0.5
WIN_20260919_18_13_53_Pro_flip.mp4,83,4.14419812262832,0.04993009786299182,20.028,0.0,0.0,0.0,0.3751747553425205,0.3751747553425205,0.5,0.5,0.400838824,0.0,0.0,44.806099991546944,0.04910002462565899,0.01880002673715353,70.0,False,48.27208948135376,11.26479819821128,0.0,31.415532936019126,0.0,2,0.0,0.0,False,0.0,0.0,0.0,0.0,0.0,0.0,False,0.0,0.0,0.0,False,0.0,0.049930097862992184,0.25,False,0.04993009786299182,0.0,0.0,0.0,False,0.0,0.0,False,0.0,0.0,0,0.0,0.0,0.0,ground_x_z,0.0,False,0.0,0.0,1,84,41.794469279143456,8,0,0.0,0.0,0.0,-8.665548249650119,0.0,0.14811777627174022,0.0,5.205694118478847,0.9812313519622027,False,1.0,0,False,False,False,0.0,0.0,0.0,False,False,False,False,False,,0.0,0.0,,,,,,,,,,,,brief_loss_hold,0.0,0.5
WIN_20260919_18_13_53_Pro_flip.mp4,84,4.194128220491312,0.04993009786299182,20.028,0.0,0.0,0.0,0.25034951068504097,0.25034951068504097,0.5,0.5,0.350908726,0.0,0.0,40.81180001958273,0.049299997044727206,0.0185999961104244,54.0,False,48.27208948135376,11.26479819821128,0.0,31.415532936019126,0.0,2,0.0,0.0,False,0.0,0.0,0.0,0.0,0.0,0.0,False,0.0,0.0,0.0,False,0.0,0.09986019572598437,0.25,False,0.04993009786299182,0.0,0.0,0.0,False,0.0,0.0,False,0.0,0.0,0,0.0,0.0,0.0,ground_x_z,0.0,False,0.0,0.0,2,85,41.794469279143456,8,0,0.0,0.0,0.0,-8.665548249650119,0.0,0.14811777627174022,0.0,5.205694118478847,0.9812313519622027,False,1.0,0,False,False,False,0.0,0.0,0.0,False,False,False,False,False,,0.0,0.0,,,,,,,,,,,,brief_loss_hold,0.0,0.5
WIN_20260919_18_13_53_Pro_flip.mp4,85,4.244058318354305,0.04993009786299182,20.028,0.0,0.0,0.0,0.1255242660275614,0.1255242660275614,0.5,0.5,0.300978628,0.0,0.0,43.44619999756105,0.05320002674125135,0.019700004486367106,53.0,False,48.27208948135376,11.26479819821128,0.0,31.415532936019126,0.0,2,0.0,0.0,False,0.0,0.0,0.0,0.0,0.0,0.0,False,0.0,0.0,0.0,False,0.0,0.14979029358897655,0.25,False,0.04993009786299182,0.0,0.0,0.0,False,0.0,0.0,False,0.0,0.0,0,0.0,0.0,0.0,ground_x_z,0.0,False,0.0,0.0,3,86,41.794469279143456,8,0,0.0,0.0,0.0,-8.665548249650119,0.0,0.14811777627174022,0.0,5.205694118478847,0.9812313519622027,False,1.0,0,False,False,False,0.0,0.0,0.0,False,False,False,False,False,,0.0,0.0,,,,,,,,,,,,brief_loss_hold,0.0,0.5
WIN_20260919_18_13_53_Pro_flip.mp4,86,4.293988416217296,0.04993009786299182,20.028,0.0,0.0,0.0,0.0006990213700818759,0.0006990213700818759,0.0,0.0,0.25104853,0.0,0.0,41.55789999640547,0.05039997631683946,0.01920000067912042,63.0,False,48.27208948135376,11.26479819821128,0.0,31.415532936019126,0.0,2,0.0,0.0,False,0.0,0.0,0.0,0.0,0.0,0.0,False,0.0,0.0,0.0,False,0.0,0.19972039145196874,0.25,False,0.04993009786299182,0.0,0.0,0.0,False,0.0,0.0,False,0.0,0.0,0,0.0,0.0,0.0,ground_x_z,0.0,False,0.0,0.0,4,87,41.794469279143456,8,0,0.0,0.0,0.0,-8.665548249650119,0.0,0.14811777627174022,0.0,5.205694118478847,0.9812313519622027,False,1.0,0,False,False,False,0.0,0.0,0.0,False,False,False,False,False,,0.0,0.0,,,,,,,,,,,,geometry_lost,0.0,0.0
WIN_20260919_18_13_53_Pro_flip.mp4,87,4.343918514080288,0.04993009786299182,20.028,0.0,0.0,0.0,0.0,0.0,0.0,0.0,0.0,2.450349511,0.0,41.23280002386309,0.06479999865405262,0.01920000067912042,41.0,False,48.27208948135376,11.26479819821128,0.0,31.415532936019126,0.0,2,0.0,0.0,False,0.0,0.0,0.0,0.0,0.0,0.0,False,0.0,0.0,0.0,False,0.0,0.24965048931496092,0.25,False,0.04993009786299182,0.0,0.0,0.0,False,0.0,0.0,False,0.0,0.0,0,0.0,0.0,0.0,ground_x_z,0.0,False,0.0,0.0,5,88,41.794469279143456,8,0,0.0,0.0,0.0,-8.665548249650119,0.0,0.14811777627174022,0.0,5.205694118478847,0.9812313519622027,False,1.0,0,False,False,False,0.0,0.0,0.0,False,False,False,False,False,,0.0,0.0,,,,,,,,,,,,geometry_lost,0.0,0.0
WIN_20260919_18_13_53_Pro_flip.mp4,88,4.393848611943279,0.04993009786299182,20.028,0.0,0.0,0.0,0.0,0.0,0.0,0.0,0.0,2.400419413,0.0,41.91909998189658,0.057600002037361264,0.02239999594166875,25,False,48.27208948135376,11.26479819821128,0.0,31.415532936019126,0.0,2,0.0,0.0,False,0.0,0.0,0.0,0.0,0.0,0.0,False,0.0,0.0,0.0,False,0.0,0.2995805871779531,0.25,True,0.04993009786299182,0.0,0.0,0.0,False,0.0,0.0,False,0.0,0.0,0,0.0,0.0,0.0,ground_x_z,0.0,False,0.0,0.0,6,89,41.794469279143456,8,0,0.0,0.0,0.0,-8.665548249650119,0.0,0.14811777627174022,0.0,5.205694118478847,0.9812313519622027,False,1.0,0,False,False,False,0.0,0.0,0.0,False,False,False,False,False,,0.0,0.0,,,,,,,,,,,,geometry_lost,0.0,0.0
WIN_20260919_18_13_53_Pro_flip.mp4,89,4.4437787098062715,0.04993009786299182,20.028,0.35,0.0,0.0,0.5,0.0,0.0,0.0,0.0,2.350489315,0.0,44.456199975684285,0.04640000406652689,0.020499981474131346,45.0,False,83.47791051864624,19.48010012163438,0.0,31.415532936019126,0.35,2,0.0,0.0,False,0.0,0.0,0.0,0.0,0.0,0.0,False,0.0,0.0,0.0,True,0.35,0.0,0.25,False,0.04993009786299182,19.48010012163438,31.415532936019126,0.0,False,0.0,0.0,False,0.0,0.0,0,0.0,0.0,0.0,ground_x_z,0.0,False,31.415532936019126,0.0,0,90,44.5989918474842,8,1,83.47791051864624,83.47791051864624,0.0,-7.365716012202601,0.0,-0.5542678931758799,-0.5542678931758799,-19.48010012163438,0.9812313519622027,False,1.0,0,False,False,False,0.0,0.0,0.0,False,True,True,False,True,left,0.0,0.0,,,,,,,,,,,,geometry_lost,0.0,0.0
WIN_20260919_18_13_53_Pro_flip.mp4,90,4.493708807669264,0.04993009786299182,20.028,0.2625,0.0,0.0,0.5,0.0,0.0,0.0,0.0,2.300559217,0.0,42.24210002576001,0.042400002712383866,0.020800012862309813,31.0,False,60.47791051864624,14.138898936524338,0.0,31.681338032983227,0.2625,2,0.0,0.0,False,0.0,0.0,0.0,0.0,0.0,0.0,False,0.0,0.0,0.0,True,0.2625,0.0,0.25,False,0.04993009786299182,14.138898936524338,31.681338032983227,0.0,False,0.0,0.0,False,0.0,0.0,0,0.0,0.0,0.0,ground_x_z,0.0,False,31.681338032983227,0.0,0,91,45.7107314117307,8,1,60.47791051864624,60.47791051864624,0.0,-6.26085861037221,0.0,-0.5267545913371183,-0.4022945301328632,-18.513127505874817,0.9812313519622027,False,1.0,0,False,False,False,0.0,0.0,0.0,False,True,True,False,True,left,0.0,0.0,,,,,,,,,,,,geometry_lost,0.0,0.0
WIN_20260919_18_13_53_Pro_flip.mp4,91,4.543638905532255,0.04993009786299182,20.028,0.6627965189720492,27.580828566860866,19.558578113070965,0.5,0.0,0.5,0.0,0.0,2.250629119,0.5,46.43019998911768,0.04129999433644116,0.04749998333863914,75.0,False,39.54209899902344,9.22743339898065,27.580828566860866,31.415532936019126,0.6627965189720492,2,0.0,0.0,False,0.0,0.0,0.0,0.0,0.0,0.0,False,0.0,0.0,0.0,True,0.6627965189720492,0.0,0.25,False,0.04993009786299182,9.22743339898065,31.415532936019126,27.580828566860866,True,0.08468632986504504,19.558578113070965,True,0.019777309759820085,1.857294943112013,8,-0.3552695771216303,20.406148395056036,0.08468632986504504,ground_x_z,0.0,False,31.415532936019126,0.0,0,92,46.59437616705341,8,1,39.54209899902344,39.54209899902344,0.0,-5.321729818816379,0.0,-0.47822066344841085,-0.2621636238077246,-16.832042744507298,0.9826716827963535,False,1.0,0,False,False,False,0.0,0.0,0.0,False,True,True,True,False,left,0.0,0.0,ground_x_z,9.22743339898065,31.415532936019126,19.558578113070965,-3.0051981015262017,-3.0051981015262017,-3.0051981015262017,,19.558578113070965,False,False,new_block,0.5,0.0
WIN_20260919_18_13_53_Pro_flip.mp4,92,4.593569003395247,0.04993009786299182,20.028,0.6319064292074773,25.23599794906764,17.555747837680848,0.5,0.0,0.5,0.0,0.0,2.200699021,0.4500699021370078,43.656299996655434,0.04169999738223851,0.04539999645203352,80,False,49.12627410888672,11.01042481774584,25.23599794906764,31.415532936019126,0.6319064292074773,3,0.0,0.0,False,0.0,0.0,0.0,0.0,0.0,0.0,False,0.0,0.0,0.0,True,0.6319064292074773,0.0,0.25,False,0.04993009786299182,11.01042481774584,25.07339555528048,25.23599794906764,True,0.6830839727914066,17.555747837680848,True,0.1529507695362357,8.120521615878719,16,-0.316368828310326,19.132007692148093,0.6830839727914066,ground_x_z,-0.925450053884413,True,28.2444642456498,0.0,0,93,46.79108544697564,8,2,49.12627410888672,39.19356918334961,-9.93270492553711,-6.013376084824489,0.5518169403076172,-0.44156335065602104,-0.2852657204863779,-15.610551595261565,0.9870182491404265,False,0.761962078066987,0,True,False,False,0.0,0.0,0.0,False,True,True,True,False,left,0.0,0.0,ground_x_z,11.01042481774584,25.07339555528048,17.555747837680848,-3.575677096109053,-3.2904375988176273,-3.2904375988176273,,17.555747837680848,False,False,minimum_hold,0.4500699021370078,0.0
WIN_20260919_18_13_53_Pro_flip.mp4,93,4.6434991012582385,0.04993009786299182,20.028,0.7004519863870033,29.757811360274292,21.20982107163838,0.5,0.0,0.5,0.0,0.0,2.150768923,0.40013980427401563,46.746800013352185,0.05509998300112784,0.16029999824240804,76.0,False,59.16143035888672,13.278334584334967,29.757811360274292,31.415532936019126,0.7004519863870033,3,0.0,0.0,False,0.0,0.0,0.0,0.0,0.0,0.0,False,0.0,0.0,0.0,True,0.7004519863870033,0.0,0.25,False,0.04993009786299182,13.278334584334967,25.07339555528048,29.757811360274292,True,0.16198914337844594,21.20982107163838,True,0.03762026519397245,8.120521615878719,16,-0.3880716488297165,23.05666775297307,0.16198914337844594,ground_x_z,-1.2216994892794535,True,28.2444642456498,0.0,0,94,21.90579289774042,8,2,59.16143035888672,46.15856742858887,-13.002862930297852,-7.0617991116454935,0.7223812739054362,-0.4215447004544682,-0.3395710467995114,-14.9671495185947,0.991277884157618,False,0.7677736962182998,0,True,False,False,0.0,0.0,0.0,False,True,True,True,False,left,0.0,0.0,ground_x_z,13.278334584334967,25.07339555528048,21.20982107163838,-4.123919443297479,-3.575677096109053,-3.575677096109053,,21.20982107163838,False,False,minimum_hold,0.40013980427401563,0.0
WIN_20260919_18_13_53_Pro_flip.mp4,94,4.693429199121231,0.04993009786299182,20.028,0.6659070574912042,29.384521923778742,20.63464173151776,0.5,0.0,0.5,0.0,0.0,2.100838825,0.35020970641102345,44.95799998403527,0.043800013372674584,0.04770001396536827,74.0,False,62.021759033203125,13.980400098358043,29.384521923778742,25.07339555528048,0.6659070574912042,1,0.0,0.0,False,0.0,0.0,0.0,0.0,0.0,0.0,False,0.0,0.0,0.0,True,0.6659070574912042,0.0,0.25,False,0.04993009786299182,13.980400098358043,25.07339555528048,29.384521923778742,True,0.07852758148949021,20.63464173151776,True,0.017761574584632567,1.6980037251844564,8,-0.376565479061395,23.45170323422316,0.07852758148949021,ground_x_z,0.0,False,25.07339555528048,0.0,0,95,15.284308670062408,8,1,62.021759033203125,62.021759033203125,0.0,-6.002529244898669,0.0,-0.4156971062355313,-0.39298161917865054,-14.788508116610922,0.9932242542922827,False,1.0,0,False,False,False,0.0,0.0,0.0,False,True,True,True,False,left,0.0,0.0,ground_x_z,13.980400098358043,25.07339555528048,20.63464173151776,-5.249484985625955,-4.123919443297479,-4.123919443297479,,20.63464173151776,False,False,minimum_hold,0.35020970641102345,0.0
WIN_20260919_18_13_53_Pro_flip.mp4,95,4.743359296984222,0.04993009786299182,20.028,0.0,0.0,0.0,0.3751747553425205,0.0,0.5,0.0,0.0,2.050908727,0.30027960854803126,42.469199979677796,0.04949999856762588,0.02039998071268201,62.0,False,62.021759033203125,13.980400098358043,0.0,25.07339555528048,0.0,1,0.0,0.0,False,0.0,0.0,0.0,0.0,0.0,0.0,False,0.0,0.0,0.0,False,0.0,0.049930097862992184,0.25,False,0.04993009786299182,0.0,0.0,0.0,False,0.0,0.0,False,0.0,0.0,0,0.0,0.0,0.0,ground_x_z,0.0,False,0.0,0.0,1,96,15.284308670062408,8,0,0.0,0.0,0.0,-6.002529244898669,0.0,-0.4156971062355313,0.0,-14.788508116610922,0.9932242542922827,False,1.0,0,False,False,False,0.0,0.0,0.0,False,False,False,False,False,,0.0,0.0,,,,,,,,,,,,brief_loss_hold,0.30027960854803126,0.0
WIN_20260919_18_13_53_Pro_flip.mp4,96,4.793289394847214,0.04993009786299182,20.028,0.35,0.0,0.0,0.5,0.0,0.5,0.0,0.0,2.000978629,0.2503495106850391,43.03319999598898,0.03609998384490609,0.020000006770715117,52.0,False,46.81101989746094,11.057035106039578,0.0,31.415532936019126,0.35,2,0.0,0.0,False,0.0,0.0,0.0,0.0,0.0,0.0,False,0.0,0.0,0.0,True,0.35,0.0,0.25,False,0.04993009786299182,11.057035106039578,31.415532936019126,0.0,False,0.0,0.0,False,0.0,0.0,0,0.0,0.0,0.0,ground_x_z,0.0,False,31.415532936019126,0.0,0,97,13.194067171758096,8,1,46.81101989746094,46.81101989746094,0.0,-5.102149858163869,0.0,-0.39670784012824695,-0.3108073823864989,-14.112961157674558,0.9932242542922827,False,1.0,0,False,False,False,0.0,0.0,0.0,False,True,True,False,True,left,0.0,0.0,,,,,,,,,,,,brief_loss_hold,0.2503495106850391,0.0
WIN_20260919_18_13_53_Pro_flip.mp4,97,4.843219492710206,0.04993009786299182,20.028,0.30625,0.0,0.0,0.5,0.0,0.5,0.0,0.0,1.951048531,0.2004194128220469,41.055899986531585,0.04300000728107989,0.02060001133941114,40.0,False,38.31101989746094,9.041164189088104,0.0,31.282874366720808,0.30625,2,0.0,0.0,False,0.0,0.0,0.0,0.0,0.0,0.0,False,0.0,0.0,0.0,True,0.30625,0.0,0.25,False,0.04993009786299182,9.041164189088104,31.282874366720808,0.0,False,0.0,0.0,False,0.0,0.0,0,0.0,0.0,0.0,ground_x_z,0.0,False,31.282874366720808,0.0,0,98,10.043493801254149,8,1,38.31101989746094,38.31101989746094,0.0,-4.336827379439288,0.0,-0.3708977372531199,-0.25414232191431807,-13.194761559616461,0.9932242542922827,False,1.0,0,False,False,False,0.0,0.0,0.0,False,True,True,False,True,left,0.0,0.0,,,,,,,,,,,,brief_loss_hold,0.2004194128220469,0.0
WIN_20260919_18_13_53_Pro_flip.mp4,98,4.893149590573198,0.04993009786299182,20.028,0.35,0.0,0.0,0.5,0.0,0.5,0.0,0.0,1.901118433,0.1504893149590547,57.174300018232316,0.039000005926936865,0.020100007532164454,56.0,False,65.56101989746094,14.8071015585978,0.0,31.415532936019126,0.35,3,0.0,0.0,False,0.0,0.0,0.0,0.0,0.0,0.0,False,0.0,0.0,0.0,True,0.35,0.0,0.25,False,0.04993009786299182,14.8071015585978,25.07339555528048,0.0,False,0.0,0.0,False,0.0,0.0,0,0.0,0.0,0.0,ground_x_z,0.0,False,25.07339555528048,0.0,0,99,15.19911133022342,8,2,65.56101989746094,17.311019897460938,-48.25,-10.923803272523395,1.0,-0.3791028490707148,-0.41621975801135325,-13.48666006189627,0.9932242542922827,False,1.0,0,False,False,False,0.0,0.0,0.0,False,True,True,False,True,left,0.0,0.0,,,,,,,,,,,,brief_loss_hold,0.1504893149590547,0.0
WIN_20260919_18_13_53_Pro_flip.mp4,99,4.94307968843619,0.04993009786299182,20.028,0.2625,0.0,0.0,0.5,0.0,0.0,0.0,0.0,1.851188335,0.0,40.28449999168515,0.03999998443759978,0.020700012100860476,36.0,False,68.31101989746094,15.455255155535546,0.0,31.415532936019126,0.2625,3,0.0,0.0,False,0.0,0.0,0.0,0.0,0.0,0.0,False,0.0,0.0,0.0,True,0.2625,0.0,0.25,False,0.04993009786299182,15.455255155535546,25.31638506407296,0.0,False,0.0,0.0,False,0.0,0.0,0,0.0,0.0,0.0,ground_x_z,0.0,False,25.31638506407296,0.0,0,100,14.57342145949753,8,2,68.31101989746094,33.06101989746094,-35.25,-14.572732781644888,1.0,-0.3891209239662603,-0.4344390112665571,-13.843055090110994,0.9932242542922827,False,1.0,0,False,False,False,0.0,0.0,0.0,False,True,True,False,True,left,0.0,0.0,,,,,,,,,,,,geometry_lost,0.0,0.0
WIN_20260919_18_13_53_Pro_flip.mp4,100,4.993009786299181,0.04993009786299182,20.028,0.35,0.0,0.0,0.5,0.0,0.0,0.0,0.0,1.801258237,0.0,40.179000003263354,0.03959998139180243,0.02030000905506313,56.0,False,36.81101989746094,8.69503898936752,0.0,31.415532936019126,0.35,2,0.0,0.0,False,0.0,0.0,0.0,0.0,0.0,0.0,False,0.0,0.0,0.0,True,0.35,0.0,0.25,False,0.04993009786299182,8.69503898936752,31.415532936019126,0.0,False,0.0,0.0,False,0.0,0.0,0,0.0,0.0,0.0,ground_x_z,0.0,False,31.415532936019126,0.0,0,101,20.228650894489228,8,1,36.81101989746094,36.81101989746094,0.0,-12.386822864398153,0.0,-0.3629229460136785,-0.24441292644153015,-12.911056758202868,0.9932242542922827,False,1.0,0,False,False,False,0.0,0.0,0.0,False,True,True,False,True,left,0.0,0.0,,,,,,,,,,,,geometry_lost,0.0,0.0
WIN_20260919_18_13_53_Pro_flip.mp4,101,5.042939884162173,0.04993009786299182,20.028,0.6896796027377774,29.70723831368481,21.385451955832455,0.5,0.0,0.5,0.0,0.0,1.751328139,0.5,45.118599984562024,0.037299992982298136,0.049700000090524554,61.0,False,58.007652282714844,13.10130454581897,29.70723831368481,31.415532936019126,0.6896796027377774,3,0.0,0.0,False,0.0,0.0,0.0,0.0,0.0,0.0,False,0.0,0.0,0.0,True,0.6896796027377774,0.0,0.25,False,0.04993009786299182,13.10130454581897,25.07339555528048,29.70723831368481,True,0.3249126478081493,21.385451955832455,True,0.07473503797577542,8.120521615878719,16,-0.39160283625333936,22.904466883057225,0.3249126478081493,ground_x_z,-1.2752248309024825,True,28.2444642456498,0.0,0,102,21.27873222010933,8,2,58.007652282714844,44.69017219543457,-13.317480087280273,-12.52642144783047,0.7398600048489041,-0.3560170037393283,-0.3311370238843183,-12.714632198777833,0.9970869093844419,False,0.7815953900784552,0,True,False,False,0.0,0.0,0.0,False,True,True,True,False,left,0.0,0.0,ground_x_z,13.10130454581897,25.07339555528048,21.385451955832455,-3.82165250491091,-3.82165250491091,-3.82165250491091,,21.385451955832455,False,False,new_block,0.5,0.0
WIN_20260919_18_13_53_Pro_flip.mp4,102,5.0928699820251655,0.04993009786299182,20.028,0.8022810851210915,24.34882893484586,18.482127365720242,0.5,0.0,0.5,0.0,0.0,1.701398041,0.4500699021370078,39.07619998790324,0.04089999129064381,0.045599997974932194,65.0,False,32.725,7.429879826430131,24.34882893484586,31.415532936019126,0.8022810851210915,3,0.0,0.0,False,0.0,0.0,0.0,0.0,1.0,32.75,True,0.95,0.05184414795661116,0.14898647487933625,True,0.8022810851210915,0.0,0.25,False,0.04993009786299182,7.429879826430131,25.07339555528048,24.34882893484586,True,0.17326140974572726,18.482127365720242,True,0.04043522306676389,8.598081596079517,18,-0.3342484968485604,15.705353857671962,0.17326140974572726,ground_x_z,-1.121354341843765,True,28.2444642456498,0.9418562177881308,0,103,23.794473017590704,8,2,32.25,21.875,-10.850000000000001,-12.274958230655901,0.6027777777777779,-0.3222314417133033,-0.17592629577429633,-11.554868776361644,1.001145171196753,False,0.7068607068607069,0,True,False,False,0.0,0.0,0.0,False,True,True,True,False,left,0.0,0.0,ground_x_z,7.429879826430131,25.07339555528048,18.482127365720242,1.0332749243286419,-1.394188790291134,-1.394188790291134,,18.482127365720242,False,False,minimum_hold,0.4500699021370078,0.0
WIN_20260919_18_13_53_Pro_flip.mp4,103,5.142800079888157,0.04993009786299182,20.028,0.6977273206799851,21.76409741554292,14.6349549678861,0.5,0.0,0.5,0.0,0.0,1.651467943,0.40013980427401563,41.18130001006648,0.04080001963302493,0.04659997648559511,58.0,False,49.503257751464844,11.269653201396629,21.76409741554292,31.415532936019126,0.6977273206799851,3,0.0,0.0,False,0.0,0.0,0.0,0.0,0.0,0.0,False,0.0,0.0,0.0,True,0.6977273206799851,0.0,0.25,False,0.04993009786299182,11.269653201396629,25.07339555528048,21.76409741554292,True,0.1799489562142579,14.6349549678861,True,0.042606772259636175,8.120521615878719,16,-0.26113206615246537,17.876346929491497,0.1799489562142579,ground_x_z,-0.8144013574488786,True,28.2444642456498,0.0,0,104,21.770770147603187,8,2,49.503257751464844,40.491817474365234,-9.01144027709961,-11.785430537622457,0.5006355709499783,-0.31542677618849135,-0.29041266857965203,-11.355793807151723,1.005122267772818,False,0.7605393808380865,0,True,False,False,0.0,0.0,0.0,False,True,True,True,False,left,0.0,0.0,ground_x_z,11.269653201396629,25.07339555528048,14.6349549678861,-5.438756609088081,-3.82165250491091,-3.82165250491091,,14.6349549678861,False,False,minimum_hold,0.40013980427401563,0.0
WIN_20260919_18_13_53_Pro_flip.mp4,104,5.192730177751149,0.04993009786299182,20.028,0.6946379858282278,18.950800229854384,10.075032908331599,0.5,0.0,0.5,0.0,0.0,1.601537845,0.35020970641102345,43.99879998527467,0.04169999738223851,0.06980000762268901,35.0,False,71.56180572509766,16.356156488218367,18.950800229854384,31.415532936019126,0.6946379858282278,3,0.0,0.0,False,0.0,0.0,0.0,0.0,0.0,0.0,False,0.0,0.0,0.0,True,0.6946379858282278,0.0,0.25,False,0.04993009786299182,16.356156488218367,25.07339555528048,18.950800229854384,True,0.11574616326948584,10.075032908331599,True,0.026609980136593818,1.6980037251844564,8,-0.17767758079760101,20.85119422061525,0.11574616326948584,ground_x_z,0.0,False,25.07339555528048,0.0,0,105,23.869852126914868,8,2,71.56180572509766,40.457542419433594,-31.104263305664062,-14.683255452828696,1.0,-0.3392566003859088,-0.452565571716392,-12.261060921024331,1.0090198224173617,False,1.0,0,False,False,False,0.0,0.0,0.0,False,True,True,True,False,left,0.0,0.0,ground_x_z,16.356156488218367,25.07339555528048,10.075032908331599,-13.416890620915007,-5.438756609088081,-5.438756609088081,,10.075032908331599,False,False,minimum_hold,0.35020970641102345,0.0
WIN_20260919_18_13_53_Pro_flip.mp4,105,5.24266027561414,0.04993009786299182,20.028,0.7121768773605419,13.675117929237697,3.7724434823617585,0.5,0.0,0.5,0.0,0.0,1.551607747,0.30027960854803126,42.429499997524545,0.03649998689070344,0.04579999949783087,78.0,False,86.93062210083008,19.93240115969771,13.675117929237697,25.07339555528048,0.7121768773605419,1,0.0,0.0,False,0.0,0.0,0.0,0.0,0.0,0.0,False,0.0,0.0,0.0,True,0.7121768773605419,0.0,0.25,False,0.04993009786299182,19.93240115969771,25.07339555528048,13.675117929237697,True,0.05696715273948646,3.7724434823617585,True,0.013112119846987104,1.6980037251844564,8,-0.06593686837481828,21.661565280393866,0.05696715273948646,ground_x_z,0.0,False,25.07339555528048,0.0,0,106,20.458737593482603,8,1,86.93062210083008,86.93062210083008,0.0,-12.480767134904392,0.0,-0.37626019042842657,-0.5494383565090628,-13.649882588639304,1.0128394259690143,False,1.0,0,False,False,False,0.0,0.0,0.0,False,True,True,True,False,left,0.0,0.0,ground_x_z,19.93240115969771,25.07339555528048,3.7724434823617585,-20.09132596945021,-13.416890620915007,-13.416890620915007,,3.7724434823617585,False,False,minimum_hold,0.30027960854803126,0.0
WIN_20260919_18_13_53_Pro_flip.mp4,106,5.2925903734771325,0.04993009786299182,20.028,0.8497899067471207,14.449127352386125,4.679463088169722,0.5,0.0,0.5,0.0,0.0,1.501677649,0.2503495106850391,44.21569997793995,0.03739999374374747,0.04680000711232424,60.0,False,85.23125,19.63349589305544,14.449127352386125,31.282874366720808,0.8497899067471207,3,0.0,0.0,False,0.0,0.0,0.0,0.0,1.0,85.25,True,0.95,0.035780846854257996,0.14354811251305677,True,0.8497899067471207,0.0,0.25,False,0.04993009786299182,19.63349589305544,25.07339555528048,14.449127352386125,True,0.14354811251305677,4.679463088169722,True,0.03309095589591466,2.1755637053852546,10,-0.08185411686477563,21.68761770514393,0.14354811251305677,ground_x_z,0.0,False,25.07339555528048,0.9717940233549857,0,107,18.146020834642382,8,2,84.875,92.125,6.893749999999997,-9.574589564668733,0.38298611111111097,-0.40462536350482065,-0.5392062302222299,-14.733157681289796,1.016582637449634,False,1.0,0,False,False,False,0.0,0.0,0.0,False,True,True,True,False,left,0.0,0.0,ground_x_z,19.63349589305544,25.07339555528048,4.679463088169722,-19.38508476786621,-19.38508476786621,-19.38508476786621,,4.679463088169722,False,False,minimum_hold,0.2503495106850391,0.0
WIN_20260919_18_13_53_Pro_flip.mp4,107,5.342520471340124,0.04993009786299182,20.028,0.8456196048084416,0.0,0.0,0.5,0.0,0.5,0.0,0.0,1.451747551,0.2004194128220469,42.4877000041306,0.04569999873638153,0.023300002794712782,65.0,False,-42.506249999999994,-9.809176776269641,0.0,31.415532936019126,0.8456196048084416,2,0.0,0.0,False,0.0,0.0,0.0,0.0,1.0,-48.375,True,0.95,0.011174770465823266,0.06908492797077181,True,0.8456196048084416,0.0,0.25,False,0.04993009786299182,-9.809176776269641,31.415532936019126,0.0,False,13.34036357607579,0.0,False,0.0,8.598081596079517,18,0.0,0.0,13.34036357607579,ground_x_z,0.0,False,31.415532936019126,0.9971916528743301,0,108,58.86263120258507,8,1,69.0,69.0,111.50625,8.587536370031579,1.0,-0.2815843879483533,0.2684265640341559,-10.290006314246991,1.0202509847006414,False,1.0,0,False,False,False,0.0,0.0,0.0,False,True,True,True,False,left,0.0,0.0,,,,,,,,,,,,brief_loss_hold,0.2004194128220469,0.0
WIN_20260919_18_13_53_Pro_flip.mp4,108,5.392450569203116,0.04993009786299182,20.028,0.0,0.0,0.0,0.3751747553425205,0.0,0.5,0.0,0.0,1.401817453,0.1504893149590547,40.67590000340715,0.05319999763742089,0.02039998071268201,80,False,-42.506249999999994,-9.809176776269641,0.0,31.415532936019126,0.0,2,0.0,0.0,False,0.0,0.0,0.0,0.0,1.0,70.375,True,0.0,0.044825529763309675,0.11774394406353421,False,0.0,0.049930097862992184,0.25,False,0.04993009786299182,0.0,0.0,0.0,False,0.0,0.0,False,0.0,0.0,0,0.0,0.0,0.0,ground_x_z,0.0,False,0.0,0.9562269051337883,1,109,58.86263120258507,8,0,0.0,0.0,0.0,8.587536370031579,0.0,-0.2815843879483533,0.0,-10.290006314246991,1.0202509847006414,False,1.0,0,False,False,False,0.0,0.0,0.0,False,False,False,False,False,,0.0,0.0,,,,,,,,,,,,brief_loss_hold,0.1504893149590547,0.0
WIN_20260919_18_13_53_Pro_flip.mp4,109,5.442380667066108,0.04993009786299182,20.028,0.0,0.0,0.0,0.25034951068504097,0.0,0.5,0.0,0.0,1.351887355,0.10055921709606253,47.555900004226714,0.06180000491440296,0.022099993657320738,80,False,-42.506249999999994,-9.809176776269641,0.0,31.415532936019126,0.0,2,0.0,0.0,False,0.0,0.0,0.0,0.0,0.0,0.0,False,0.0,0.0,0.0,False,0.0,0.09986019572598437,0.25,False,0.04993009786299182,0.0,0.0,0.0,False,0.0,0.0,False,0.0,0.0,0,0.0,0.0,0.0,ground_x_z,0.0,False,0.0,0.0,2,110,58.86263120258507,8,0,0.0,0.0,0.0,8.587536370031579,0.0,-0.2815843879483533,0.0,-10.290006314246991,1.0202509847006414,False,1.0,0,False,False,False,0.0,0.0,0.0,False,False,False,False,False,,0.0,0.0,,,,,,,,,,,,brief_loss_hold,0.10055921709606253,0.0
WIN_20260919_18_13_53_Pro_flip.mp4,110,5.492310764929099,0.04993009786299182,20.028,0.0,0.0,0.0,0.1255242660275614,0.0,0.5,0.0,0.0,1.301957257,0.05062911923307034,44.804399978602305,0.04680000711232424,0.01789999078027904,80,False,-42.506249999999994,-9.809176776269641,0.0,31.415532936019126,0.0,2,0.0,0.0,False,0.0,0.0,0.0,0.0,0.0,0.0,False,0.0,0.0,0.0,False,0.0,0.14979029358897655,0.25,False,0.04993009786299182,0.0,0.0,0.0,False,0.0,0.0,False,0.0,0.0,0,0.0,0.0,0.0,ground_x_z,0.0,False,0.0,0.0,3,111,58.86263120258507,8,0,0.0,0.0,0.0,8.587536370031579,0.0,-0.2815843879483533,0.0,-10.290006314246991,1.0202509847006414,False,1.0,0,False,False,False,0.0,0.0,0.0,False,False,False,False,False,,0.0,0.0,,,,,,,,,,,,brief_loss_hold,0.05062911923307034,0.0
WIN_20260919_18_13_53_Pro_flip.mp4,111,5.542240862792092,0.04993009786299182,20.028,0.687711199959668,28.646457840560107,20.05842030392015,0.5,0.0,0.5,0.0,0.0,1.252027159,0.0006990213700781567,42.58710000431165,0.041099992813542485,0.04600000102072954,80,False,54.49433517456055,13.222339437888435,28.646457840560107,31.415532936019126,0.687711199959668,2,0.0,0.0,False,0.0,0.0,0.0,0.0,0.0,0.0,False,0.0,0.0,0.0,True,0.687711199959668,0.0,0.25,False,0.04993009786299182,13.222339437888435,31.415532936019126,28.646457840560107,True,0.0563781277284944,20.05842030392015,True,0.013725768504025267,1.857294943112013,8,-0.36512536436381726,24.751571593975825,0.0563781277284944,ground_x_z,0.0,False,31.415532936019126,0.0,0,112,72.73465522223955,8,1,54.49433517456055,54.49433517456055,0.0,7.299405914526842,0.0,-0.29507185113749534,-0.3605567517681237,-10.82087675566579,1.0238459650066285,False,1.0,0,False,False,False,0.0,0.0,0.0,False,True,True,True,False,left,0.0,0.0,ground_x_z,13.222339437888435,31.415532936019126,20.05842030392015,-7.335546129584102,-7.335546129584102,-7.335546129584102,,20.05842030392015,False,False,minimum_hold,0.0006990213700781567,0.0
WIN_20260919_18_13_53_Pro_flip.mp4,112,5.592170960655083,0.04993009786299182,20.028,0.7152942946573366,31.674173982276375,24.191047524208777,0.5,0.0,0.5,0.0,0.0,1.202097061,0.0,59.718300006352365,0.038700003642588854,0.049700000090524554,53.0,False,54.710472106933594,12.737490577361488,31.674173982276375,31.415532936019126,0.7152942946573366,3,0.0,0.0,False,0.0,0.0,0.0,0.0,0.0,0.0,False,0.0,0.0,0.0,True,0.7152942946573366,0.0,0.25,False,0.04993009786299182,12.737490577361488,25.07339555528048,31.674173982276375,True,0.2166671638461458,24.191047524208777,True,0.052413201930524594,8.120521615878719,16,-0.4492300237819666,24.068697093336393,0.2166671638461458,ground_x_z,-1.3973667529738094,True,28.2444642456498,0.0,0,113,72.06263598836608,8,2,54.710472106933594,40.83437728881836,-13.876094818115234,4.123080804630529,0.7708941565619575,-0.2966145822422222,-0.30817064965852775,-10.914881395982881,1.027369045706496,False,0.7234274840720146,0,True,False,False,0.0,0.0,0.0,False,True,True,True,False,left,0.0,0.0,ground_x_z,12.737490577361488,25.07339555528048,24.191047524208777,-1.7638219836766962,-4.549684056630399,-4.549684056630399,,24.191047524208777,False,False,continue_block,0.0,0.0
WIN_20260919_18_13_53_Pro_flip.mp4,113,5.642101058518075,0.04993009786299182,20.028,0.811870020672778,31.057552036657423,24.413807373408144,0.5,0.0,0.5,0.0,0.0,1.152166963,0.0,53.29340000753291,0.046200002543628216,0.054899981478229165,53.0,False,44.93346371109582,10.531160636737354,31.057552036657423,31.415532936019126,0.811870020672778,3,0.0,0.0,False,0.0,0.0,0.0,0.0,0.6,44.75,True,0.6330725778083591,0.032344584710841826,0.08568121054973693,True,0.811870020672778,0.0,0.25,False,0.04993009786299182,10.531160636737354,25.07339555528048,31.057552036657423,True,0.2277076368444642,24.413807373408144,True,0.055649303137141455,8.120521615878719,16,-0.45391072165942026,21.99168373358257,0.2277076368444642,ground_x_z,-1.4021412331541137,True,28.2444642456498,0.5861783127855177,0,114,71.86724831846573,8,2,45.25,31.625,-13.308463711095818,1.5083491272715768,0.7393590950608788,-0.28686442426912223,-0.24725241731159042,-10.591568421554886,1.030821664792366,False,0.6879271070615034,0,True,False,False,0.0,0.0,0.0,False,True,True,True,False,left,0.0,0.0,ground_x_z,10.531160636737354,25.07339555528048,24.413807373408144,0.8975135271513593,-1.7638219836766962,-1.7638219836766962,,24.413807373408144,False,False,continue_block,0.0,0.0
WIN_20260919_18_13_53_Pro_flip.mp4,114,5.692031156381067,0.04993009786299182,20.028,0.8015781263423409,31.6578299614832,25.861016252797686,0.5,0.0,0.5,0.0,0.0,1.102236865,0.0,54.73289999645203,0.03920000744983554,0.04879999323748052,61.0,False,36.23125,8.505016750823026,31.6578299614832,31.415532936019126,0.8015781263423409,3,0.0,0.0,False,0.0,0.0,0.0,0.0,1.0,36.25,True,0.95,0.06165654781212062,0.18627122616488107,True,0.8015781263423409,0.0,0.25,False,0.04993009786299182,8.505016750823026,25.07339555528048,31.6578299614832,True,0.3474506340020169,25.861016252797686,True,0.08310476574906532,8.598081596079517,18,-0.4847333683888396,20.526775424894748,0.3474506340020169,ground_x_z,-1.6171251422846367,True,28.2444642456498,0.9187423894936553,0,115,71.96853140404711,8,2,35.875,21.5,-14.731250000000003,-0.9275907418191605,0.8184027777777779,-0.26782494440899945,-0.18594286897273793,-9.921053694306913,1.0342052314965187,False,0.6452380952380953,0,True,False,False,0.0,0.0,0.0,False,True,True,True,False,left,0.0,0.0,ground_x_z,8.505016750823026,25.07339555528048,25.861016252797686,4.092812577235005,0.8975135271513593,0.8975135271513593,,25.861016252797686,False,False,continue_block,0.0,0.0
WIN_20260919_18_13_53_Pro_flip.mp4,115,5.741961254244059,0.04993009786299182,20.028,0.786502282698616,31.04611051701968,25.802730915970947,0.5,0.0,0.5,0.0,0.0,1.052306767,0.0,54.580099997110665,0.048600020818412304,0.05779997445642948,76.0,False,30.224999999999998,7.117862791860084,31.04611051701968,31.415532936019126,0.786502282698616,3,0.0,0.0,True,52.641558835557646,-47.26426393796966,45.764436296975255,337.0,1.0,30.25,True,0.95,0.07117427977967142,0.10075472768815887,True,0.786502282698616,0.0,0.25,False,0.04993009786299182,7.117862791860084,25.07339555528048,31.04611051701968,True,0.4110677728024386,25.802730915970947,True,0.09899216018795409,8.598081596079517,18,-0.4834776915516308,19.132644923331206,0.4110677728024386,ground_x_z,-1.5759484803829558,True,28.2444642456498,0.8934613917663241,0,116,43.855566796221154,8,2,29.75,16.125,-14.099999999999998,-2.9034521305462864,0.7833333333333332,-0.24563524092676992,-0.14912924226236124,-9.128253026997205,1.0375211268665883,True,0.5983827493261455,-1,True,True,False,0.0,76.64155883555765,30.641558835557646,,True,True,True,False,left,0.0,0.0,ground_x_z,7.117862791860084,25.07339555528048,25.802730915970947,5.6352414591399445,4.092812577235005,4.092812577235005,,25.802730915970947,False,False,continue_block,0.0,0.0
WIN_20260919_18_13_53_Pro_flip.mp4,116,5.791891352107051,0.04993009786299182,20.028,0.7827879269564852,31.280259654574056,26.281749998563097,0.5,0.0,0.5,0.0,0.0,1.002376669,0.0,51.86090001370758,0.03779999678954482,0.053000025218352675,73.0,False,27.974999999999998,6.6086518101696035,31.280259654574056,31.415532936019126,0.7827879269564852,3,0.0,0.0,True,52.416588247626265,-47.16991194486549,43.673451327433625,339.0,1.0,28.0,True,0.95,0.07584708218402916,0.08528028654224705,True,0.7827879269564852,0.0,0.25,False,0.04993009786299182,6.6086518101696035,25.07339555528048,31.280259654574056,True,0.39055145071745645,26.281749998563097,True,0.09429435890773226,8.598081596079517,18,-0.49383451955680485,18.87471175487259,0.39055145071745645,ground_x_z,-1.6234166078114032,True,28.2444642456498,0.8799445622142998,0,117,6.5192433745320795,7,2,27.5,13.625,-14.349999999999998,-4.6204343109643435,0.797222222222222,-0.22474788391974188,-0.13373052436748287,-8.378199875245885,1.0407707043292564,True,0.5811965811965812,-1,True,True,False,0.0,76.41658824762627,30.416588247626265,,True,True,True,False,left,0.0,0.0,ground_x_z,6.6086518101696035,25.07339555528048,26.281749998563097,6.504734727115176,5.6352414591399445,5.6352414591399445,,26.281749998563097,False,False,continue_block,0.0,0.0
WIN_20260919_18_13_53_Pro_flip.mp4,117,5.841821449970042,0.04993009786299182,20.028,0.7471492417017275,31.198867849725808,26.408098508875863,0.5,0.0,0.5,0.0,0.0,0.952446571,0.0,48.72560000512749,0.03630001447163522,0.05040000542066991,76.0,False,25.96427011798643,6.15207746661241,31.198867849725808,31.415532936019126,0.7471492417017275,3,0.0,0.0,True,52.19271608331343,-47.03863128860443,42.304225352112674,341.0,1.0,26.0,True,0.9047203146304837,0.08923563555190896,0.13142574813455515,True,0.7471492417017275,0.0,0.25,False,0.04993009786299182,6.15207746661241,25.07339555528048,31.198867849725808,True,0.30314390767446076,26.408098508875863,True,0.07383165733231868,8.598081596079517,18,-0.4965804989986562,18.533299071131665,0.30314390767446076,ground_x_z,-1.6064430031186143,True,28.2444642456498,0.8377039950282257,0,118,6.580258207195045,6,2,25.625,11.875,-14.08927011798643,-6.040759682017656,0.7827372287770239,-0.20550635432189215,-0.12156612214285002,-7.684351118602356,1.0439552902426714,True,0.5659824046920822,-1,True,True,False,0.0,76.19271608331343,30.192716083313428,,True,True,True,False,left,0.0,0.0,ground_x_z,6.15207746661241,25.07339555528048,26.408098508875863,7.097922576642564,6.504734727115176,6.504734727115176,,26.408098508875863,False,False,continue_block,0.0,0.0
WIN_20260919_18_13_53_Pro_flip.mp4,118,5.891751547833034,0.04993009786299182,20.028,0.7843573925429581,31.420478240045004,26.74215084753657,0.5,0.0,0.5,0.0,0.0,0.902516473,0.0,46.942399989347905,0.03369999467395246,0.06920000305399299,71.0,False,25.599026995060434,6.0839220713824975,31.420478240045004,31.415532936019126,0.7843573925429581,3,0.0,0.0,True,51.52761027082691,-46.56394425563708,39.83923154701719,347.0,1.0,25.625,True,0.9307386534944895,0.08179993909632255,0.07487363091275787,True,0.7843573925429581,0.0,0.25,False,0.04993009786299182,6.0839220713824975,25.07339555528048,31.420478240045004,True,0.32368610080086574,26.74215084753657,True,0.0786445167874988,8.598081596079517,18,-0.5038697083467634,18.59440289860972,0.32368610080086574,ground_x_z,-1.6764748400392029,True,28.2444642456498,0.8617950495319346,0,119,4.92021340458625,5,2,25.25,11.0,-14.599026995060434,-7.324499778974073,0.8110570552811353,-0.18907549685750438,-0.11751919103547,-7.091099485937953,1.047076184437818,True,0.5657142857142857,-1,True,True,False,0.0,75.52761027082691,29.527610270826912,,True,True,True,False,left,0.0,0.0,ground_x_z,6.0839220713824975,25.07339555528048,26.74215084753657,7.379683927101826,7.097922576642564,26.497667421321335,38.79948968935754,33.85453097851264,True,False,continue_block,0.0,0.0
WIN_20260919_18_13_53_Pro_flip.mp4,119,5.9416816456960255,0.04993009786299182,20.028,0.781782199626589,31.26089337552161,26.413868271712207,0.5,0.0,0.5,0.0,0.0,0.852586375,0.0,48.40000002877787,0.039300008211284876,0.07559999357908964,72.0,False,28.60625,6.818669878885588,31.26089337552161,31.415532936019126,0.781782199626589,3,0.0,0.0,True,51.30805232588244,-46.19839209062155,43.15634218289085,349.0,1.0,28.625,True,0.95,0.07216304343030287,0.07637626158259733,True,0.781782199626589,0.0,0.25,False,0.04993009786299182,6.818669878885588,25.07339555528048,31.26089337552161,True,0.39194991188020384,26.413868271712207,True,0.0953840464897542,8.598081596079517,18,-0.49670603880416064,19.166604795694177,0.39194991188020384,ground_x_z,-1.6195636937526712,True,28.2444642456498,0.8906819242408243,0,120,3.2971917281591265,4,2,28.25,14.375,-14.23125,-8.360512312127963,0.7906249999999999,-0.17941835744934814,-0.1382240609084644,-6.748572468573538,1.0501346607490616,True,0.5931758530183727,-1,True,True,False,0.0,75.30805232588244,29.308052325882443,,True,True,True,False,left,0.0,0.0,ground_x_z,6.818669878885588,25.07339555528048,26.413868271712207,6.348080710825778,7.097922576642564,23.29241820792865,32.388991262572176,30.96562628275,True,False,continue_block,0.0,0.0
WIN_20260919_18_13_53_Pro_flip.mp4,120,5.991611743559018,0.04993009786299182,20.028,0.8004991075150834,31.306544295209292,26.15533281107749,0.5,0.0,0.5,0.0,0.0,0.802656277,0.0,52.7392000076361,0.04390001413412392,0.09329998283647001,79.0,False,33.475,8.001980633985545,31.306544295209292,31.415532936019126,0.8004991075150834,3,0.0,0.0,True,50.980698771006914,-46.047384735996644,40.285276073619634,352.0,1.0,33.5,True,0.95,0.06251849127193557,0.1314257481345593,True,0.8004991075150834,0.0,0.25,False,0.04993009786299182,8.001980633985545,25.07339555528048,31.306544295209292,True,0.38489398605775094,26.15533281107749,True,0.09355604095778926,8.598081596079517,18,-0.49109302665327115,20.151767522477734,0.38489398605775094,ground_x_z,-1.6440649982679885,True,28.2444642456498,0.9166845473498654,0,121,2.8978286340363466,3,2,33.0,18.875,-14.600000000000001,-9.296435465308768,0.8111111111111112,-0.17703277499639633,-0.1685512271054023,-6.677847841951313,1.0531319675340804,True,0.6310904872389791,-1,True,True,False,0.0,74.98069877100691,28.980698771006914,,True,True,True,False,left,0.0,0.0,ground_x_z,8.001980633985545,25.07339555528048,26.15533281107749,4.846290477867677,6.348080710825778,19.330571587846478,25.9649817540414,30.413124257711544,True,False,continue_block,0.0,0.0
WIN_20260919_18_13_53_Pro_flip.mp4,121,6.04154184142201,0.04993009786299182,20.028,0.7883070160094492,31.260281679310975,25.82223015679998,0.5,0.0,0.5,0.0,0.0,0.752726179,0.0,64.17910000891425,0.06550000398419797,0.09549999958835542,78.0,False,37.6,9.013162266322723,31.260281679310975,31.415532936019126,0.7883070160094492,3,0.0,0.0,True,50.65570240052935,-45.82078363988102,38.939571150097464,355.0,1.0,37.625,True,0.95,0.061280661673321066,0.155942879985528,True,0.7883070160094492,0.0,0.25,False,0.04993009786299182,9.013162266322723,25.07339555528048,31.260281679310975,True,0.3810392818425889,25.82223015679998,True,0.09357806086011412,8.598081596079517,18,-0.483897638042539,21.034526010491827,0.3810392818425889,ground_x_z,-1.5950665538083415,True,28.2444642456498,0.9197609035774477,0,122,3.2845145443795736,2,2,37.125,23.25,-14.350000000000001,-10.054470145512454,0.7972222222222223,-0.18008328290152617,-0.19611009801953574,-6.811862531700183,1.0560693281833988,True,0.6561181434599156,-1,True,True,False,0.0,74.65570240052935,28.65570240052935,,True,True,True,False,left,0.0,0.0,ground_x_z,9.013162266322723,25.07339555528048,25.82223015679998,3.489304653803089,4.846290477867677,13.943287107420215,18.193993259105074,29.00213400901415,True,False,continue_block,0.0,0.0
WIN_20260919_18_13_53_Pro_flip.mp4,122,6.091471939285001,0.04993009786299182,20.028,0.8023161404633599,31.059012656062755,25.33502939983806,0.5,0.0,0.5,0.0,0.0,0.702796081,0.0,59.53940001199953,0.03709999145939946,0.09640000644139946,74.0,False,41.85625,10.060818347569203,31.059012656062755,31.415532936019126,0.8023161404633599,3,0.0,0.0,True,50.54788970054342,-45.66290420151264,40.15541922290389,356.0,1.0,41.875,True,0.95,0.0537372173330592,0.07177405625652944,True,0.8023161404633599,0.0,0.25,False,0.04993009786299182,10.060818347569203,25.07339555528048,31.059012656062755,True,0.3622817129135971,25.33502939983806,True,0.08899944315058178,8.598081596079517,18,-0.4734460374961054,21.82576571859164,0.3622817129135971,ground_x_z,-1.5613549293821012,True,28.2444642456498,0.9378070053599338,0,123,3.688165082131832,1,2,41.5,27.625,-14.231250000000003,-10.680987123685586,0.7906250000000001,-0.18764883840642607,-0.22408709787571496,-7.117386286939669,1.058947941619731,True,0.6836935166994106,-1,True,True,False,0.0,74.54788970054342,28.547889700543422,,True,True,True,False,left,0.0,0.0,ground_x_z,10.060818347569203,25.07339555528048,25.33502939983806,1.9937569412048854,3.489304653803089,6.733579196589368,6.488549085572557,26.442281423320054,True,False,continue_block,0.0,0.0
WIN_20260919_18_13_53_Pro_flip.mp4,123,6.141402037147993,0.04993009786299182,20.028,0.8049319139374829,31.689358746896673,25.975690568223907,0.5,0.0,0.5,0.0,0.0,0.652865983,0.0,59.718500007875264,0.04919999628327787,0.11729999096132815,74.0,False,42.725,10.297002800293253,31.689358746896673,31.415532936019126,0.8049319139374829,3,0.0,0.0,True,50.54788970054342,-45.814494353939324,37.10175054704595,356.0,1.0,42.75,True,0.95,0.05046621856379551,0.09847319278346618,True,0.8049319139374829,0.0,0.25,False,0.04993009786299182,10.297002800293253,25.07339555528048,31.689358746896673,True,0.3716502771597894,25.975690568223907,True,0.09154098078505553,8.598081596079517,18,-0.48720748862930996,22.363186797123568,0.3716502771597894,ground_x_z,-1.6385111529670118,True,28.2444642456498,0.944903772608388,0,124,3.7049732087813476,0,2,42.25,27.875,-14.850000000000001,-11.30633905513275,0.8250000000000001,-0.1944865762755113,-0.2276733310707629,-7.396388449533435,1.0617689827873362,True,0.6847195357833655,-1,True,True,False,0.0,74.54788970054342,28.547889700543422,,True,True,True,False,left,0.0,0.0,ground_x_z,10.297002800293253,25.07339555528048,25.975690568223907,2.1160311614250573,2.1160311614250573,-0.08346762723279477,-4.398997577315704,26.10328485652148,True,False,continue_block,0.0,0.0
WIN_20260919_18_13_53_Pro_flip.mp4,124,6.191332135010985,0.04993009786299182,20.028,0.816482270282313,32.44042934057277,26.943308941622647,0.5,0.0,0.5,0.0,0.0,0.602935885,0.0,64.80399999418296,0.0475000124424696,0.1033000007737428,77.0,False,40.75421986322958,9.845391363615065,32.44042934057277,31.415532936019126,0.816482270282313,3,0.0,0.0,True,50.54788970054342,-45.797722428384795,37.43960826985854,356.0,1.0,40.875,True,0.6779196352788778,0.05201579513208795,0.11146408580454818,True,0.816482270282313,0.0,0.25,False,0.04993009786299182,9.845391363615065,25.07339555528048,32.44042934057277,True,0.4528981961318185,26.943308941622647,True,0.1119566070503947,8.598081596079517,18,-0.5082797553794911,22.49005629593337,0.4528981961318185,ground_x_z,-1.6558377397063935,True,28.2444642456498,0.9415550489984414,0,125,3.562996394468815,0,2,40.5,25.875,-14.87921986322958,-11.842271176347275,0.8266233257349767,-0.19902056975385482,-0.21478344782050826,-7.5885253021086045,1.0645336031315895,True,0.6813627254509018,-1,True,True,False,0.0,74.54788970054342,28.547889700543422,,True,True,True,False,left,0.0,0.0,ground_x_z,9.845391363615065,25.07339555528048,26.943308941622647,3.2329704990292583,2.1160311614250573,-2.2891403287395193,-8.810342980329153,27.07090322992022,True,False,continue_block,0.0,0.0
